Timestamp_Sensor_Read,ultrasonic,rain,temperature,humidity,soil,flow
2025-09-01 00:00:00,1.33,0.0,21.2,90.5,88.5,3.14
2025-09-01 01:00:00,1.329,0.0,21.6,86.1,90.0,3.37
2025-09-01 02:00:00,1.325,0.0,22.5,85.5,90.1,3.21
2025-09-01 03:00:00,1.354,0.0,23.4,87.6,89.8,2.98
2025-09-01 04:00:00,1.357,0.0,23.1,85.9,91.8,3.32
2025-09-01 05:00:00,1.354,0.0,23.3,84.9,91.3,3.29
2025-09-01 06:00:00,1.362,0.0,24.1,85.0,91.6,3.4
2025-09-01 07:00:00,1.355,0.0,23.7,85.7,92.3,3.24
2025-09-01 08:00:00,1.367,0.0,23.0,84.9,92.5,3.4
2025-09-01 09:00:00,1.364,0.0,23.0,85.3,90.8,3.57
2025-09-01 10:00:00,1.326,0.0,22.1,87.8,90.2,3.1
2025-09-01 11:00:00,1.328,0.0,21.5,87.2,90.4,3.17
2025-09-01 12:00:00,1.328,0.0,21.1,90.6,88.2,3.2
2025-09-01 13:00:00,1.331,0.0,19.6,88.7,89.0,3.35
2025-09-01 14:00:00,1.321,0.0,19.1,94.0,86.5,3.08
2025-09-01 15:00:00,1.297,0.0,19.0,94.2,83.8,3.01
2025-09-01 16:00:00,1.306,0.0,18.4,94.7,85.1,3.04
2025-09-01 17:00:00,1.289,0.0,18.7,96.3,84.4,3.03
2025-09-01 18:00:00,1.297,0.0,18.1,97.5,85.0,2.97
2025-09-01 19:00:00,1.3,0.0,18.0,96.4,84.7,3.0
2025-09-01 20:00:00,1.299,0.0,19.4,91.6,84.4,2.89
2025-09-01 21:00:00,1.303,0.0,19.1,91.6,84.2,3.11
2025-09-01 22:00:00,1.314,0.0,19.8,91.6,85.8,3.2
2025-09-01 23:00:00,1.312,0.0,19.8,91.3,86.3,2.96
2025-09-02 00:00:00,1.323,0.0,20.8,90.8,87.5,3.09
2025-09-02 01:00:00,1.33,0.0,21.7,87.6,89.5,3.21
2025-09-02 02:00:00,1.339,0.0,21.8,87.8,91.3,3.11
2025-09-02 03:00:00,1.342,0.0,22.9,85.3,91.1,3.29
2025-09-02 04:00:00,1.354,0.0,22.9,84.8,90.5,3.39
2025-09-02 05:00:00,1.357,0.0,23.3,83.1,92.2,3.32
2025-09-02 06:00:00,1.359,0.0,23.3,83.6,93.0,3.35
2025-09-02 07:00:00,1.353,0.0,24.2,83.1,91.4,3.22
2025-09-02 08:00:00,1.35,0.0,23.2,84.2,91.4,3.34
2025-09-02 09:00:00,1.349,0.0,22.3,88.0,90.8,3.16
2025-09-02 10:00:00,1.34,0.0,22.6,86.1,89.4,3.1
2025-09-02 11:00:00,1.336,0.0,21.2,92.7,89.6,3.15
2025-09-02 12:00:00,1.339,0.0,21.1,90.7,87.9,3.25
2025-09-02 13:00:00,1.326,0.0,19.6,91.6,87.3,3.38
2025-09-02 14:00:00,1.304,0.0,19.2,91.2,85.3,3.09
2025-09-02 15:00:00,1.296,0.0,19.3,94.6,84.8,3.04
2025-09-02 16:00:00,1.484,2.38,19.1,93.5,85.1,5.04
2025-09-02 17:00:00,1.538,3.52,18.7,95.0,83.8,5.91
2025-09-02 18:00:00,1.408,1.29,18.5,98.8,85.4,4.27
2025-09-02 19:00:00,1.482,2.73,18.5,94.7,83.8,5.4
2025-09-02 20:00:00,1.515,3.23,18.2,96.1,84.7,5.87
2025-09-02 21:00:00,1.315,0.0,18.9,92.5,85.9,3.28
2025-09-02 22:00:00,1.297,0.0,19.6,92.4,84.9,3.02
2025-09-02 23:00:00,1.315,0.0,20.8,94.0,85.6,3.01
2025-09-03 00:00:00,1.313,0.0,21.1,89.1,86.8,3.15
2025-09-03 01:00:00,1.34,0.0,20.9,91.4,90.0,3.38
2025-09-03 02:00:00,1.335,0.0,22.4,88.6,89.6,3.2
2025-09-03 03:00:00,1.339,0.0,22.6,85.6,92.9,3.39
2025-09-03 04:00:00,1.35,0.0,22.9,86.6,91.0,3.37
2025-09-03 05:00:00,1.359,0.0,23.7,86.6,92.0,3.5
2025-09-03 06:00:00,1.35,0.0,23.9,85.9,93.2,3.37
2025-09-03 07:00:00,1.356,0.0,23.8,82.8,93.5,3.54
2025-09-03 08:00:00,1.347,0.0,22.8,84.6,93.1,3.4
2025-09-03 09:00:00,1.351,0.0,22.6,86.1,91.8,3.33
2025-09-03 10:00:00,1.342,0.0,22.4,87.4,90.8,3.39
2025-09-03 11:00:00,1.336,0.0,22.0,89.6,89.5,3.07
2025-09-03 12:00:00,1.337,0.0,20.8,90.3,88.6,3.33
2025-09-03 13:00:00,1.323,0.0,20.3,89.3,86.5,3.04
2025-09-03 14:00:00,1.303,0.0,19.3,93.1,85.3,2.85
2025-09-03 15:00:00,1.31,0.0,18.8,94.5,85.2,2.94
2025-09-03 16:00:00,1.288,0.0,19.2,95.2,84.4,3.09
2025-09-03 17:00:00,1.304,0.0,19.1,96.5,83.8,3.02
2025-09-03 18:00:00,1.298,0.0,18.5,96.3,84.6,2.77
2025-09-03 19:00:00,1.308,0.0,19.0,95.5,84.9,3.0
2025-09-03 20:00:00,1.305,0.0,19.0,94.2,84.6,2.8
2025-09-03 21:00:00,1.316,0.0,19.0,91.0,86.4,3.04
2025-09-03 22:00:00,1.299,0.0,19.9,93.1,85.1,2.99
2025-09-03 23:00:00,1.314,0.0,21.0,91.6,86.8,3.21
2025-09-04 00:00:00,1.321,0.0,21.0,90.4,87.4,3.28
2025-09-04 01:00:00,1.333,0.0,22.3,86.8,87.5,3.3
2025-09-04 02:00:00,1.34,0.0,21.2,85.9,89.9,3.37
2025-09-04 03:00:00,1.336,0.0,23.1,88.0,90.7,3.24
2025-09-04 04:00:00,1.349,0.0,23.2,85.6,92.7,3.44
2025-09-04 05:00:00,1.366,0.0,23.3,86.2,92.4,3.39
2025-09-04 06:00:00,1.342,0.0,23.5,85.0,91.2,3.3
2025-09-04 07:00:00,1.343,0.0,22.6,85.2,93.3,3.42
2025-09-04 08:00:00,1.348,0.0,23.1,87.1,92.4,3.29
2025-09-04 09:00:00,1.341,0.0,22.9,85.7,91.3,3.16
2025-09-04 10:00:00,1.346,0.0,22.8,87.6,89.8,3.26
2025-09-04 11:00:00,1.332,0.0,21.4,88.0,88.3,3.1
2025-09-04 12:00:00,1.332,0.0,20.7,89.3,87.7,3.3
2025-09-04 13:00:00,1.319,0.0,20.2,90.8,87.8,3.26
2025-09-04 14:00:00,1.314,0.0,20.1,92.8,87.5,3.18
2025-09-04 15:00:00,1.465,2.42,19.4,92.8,86.4,5.05
2025-09-04 16:00:00,1.368,0.98,18.6,96.2,84.1,3.85
2025-09-04 17:00:00,1.499,2.87,18.8,93.5,83.2,5.42
2025-09-04 18:00:00,1.504,2.87,18.5,94.7,84.1,5.38
2025-09-04 19:00:00,1.552,3.59,19.0,94.2,82.7,6.15
2025-09-04 20:00:00,1.291,0.0,18.6,96.5,84.8,2.9
2025-09-04 21:00:00,1.3,0.0,19.1,93.8,85.1,2.92
2025-09-04 22:00:00,1.307,0.0,19.6,94.0,85.6,3.17
2025-09-04 23:00:00,1.328,0.0,19.8,89.1,85.7,3.19
2025-09-05 00:00:00,1.324,0.0,21.1,90.4,88.4,3.24
2025-09-05 01:00:00,1.313,0.0,21.8,90.0,88.6,2.99
2025-09-05 02:00:00,1.32,0.0,22.3,87.6,89.1,3.03
2025-09-05 03:00:00,1.335,0.0,22.7,88.1,88.5,3.37
2025-09-05 04:00:00,1.328,0.0,22.6,84.9,91.4,3.14
2025-09-05 05:00:00,1.361,0.0,23.2,87.3,93.3,3.4
2025-09-05 06:00:00,1.368,0.0,23.4,88.4,93.3,3.42
2025-09-05 07:00:00,1.355,0.0,23.1,84.6,91.5,3.15
2025-09-05 08:00:00,1.341,0.0,23.1,85.0,91.0,3.07
2025-09-05 09:00:00,1.351,0.0,22.9,88.6,91.2,3.34
2025-09-05 10:00:00,1.341,0.0,23.0,89.9,89.2,3.16
2025-09-05 11:00:00,1.326,0.0,21.7,87.9,89.3,3.19
2025-09-05 12:00:00,1.322,0.0,21.1,89.4,88.6,3.04
2025-09-05 13:00:00,1.317,0.0,20.3,90.9,87.9,3.05
2025-09-05 14:00:00,1.305,0.0,19.0,90.5,85.9,2.93
2025-09-05 15:00:00,1.309,0.0,19.2,92.2,85.0,3.23
2025-09-05 16:00:00,1.3,0.0,18.9,92.8,83.8,3.05
2025-09-05 17:00:00,1.302,0.0,19.6,93.7,83.5,3.07
2025-09-05 18:00:00,1.291,0.0,18.4,94.9,83.8,3.15
2025-09-05 19:00:00,1.293,0.0,18.7,95.2,84.4,3.05
2025-09-05 20:00:00,1.307,0.0,18.8,96.7,85.3,2.87
2025-09-05 21:00:00,1.302,0.0,18.8,92.0,84.5,3.04
2025-09-05 22:00:00,1.315,0.0,20.2,94.0,87.2,3.14
2025-09-05 23:00:00,1.324,0.0,20.7,91.0,86.7,3.16
2025-09-06 00:00:00,1.329,0.0,21.3,89.9,88.0,3.18
2025-09-06 01:00:00,1.324,0.0,21.3,89.7,88.4,3.16
2025-09-06 02:00:00,1.342,0.0,22.8,85.8,88.1,3.37
2025-09-06 03:00:00,1.352,0.0,22.2,87.0,91.5,3.44
2025-09-06 04:00:00,1.355,0.0,23.4,85.9,92.1,3.41
2025-09-06 05:00:00,1.36,0.0,24.3,85.9,91.6,3.33
2025-09-06 06:00:00,1.36,0.0,23.1,85.4,92.1,3.26
2025-09-06 07:00:00,1.357,0.0,23.2,88.9,92.3,3.39
2025-09-06 08:00:00,1.356,0.0,23.2,84.7,90.2,3.42
2025-09-06 09:00:00,1.353,0.0,22.6,85.7,90.4,3.31
2025-09-06 10:00:00,1.339,0.0,21.6,86.6,90.6,3.21
2025-09-06 11:00:00,1.333,0.0,21.7,87.9,88.0,3.03
2025-09-06 12:00:00,1.594,3.67,20.6,89.0,88.2,6.3
2025-09-06 13:00:00,1.48,2.39,20.5,93.1,85.9,4.84
2025-09-06 14:00:00,1.419,1.53,19.4,94.6,86.4,4.35
2025-09-06 15:00:00,1.46,2.3,19.9,92.7,85.1,4.87
2025-09-06 16:00:00,1.498,2.84,18.5,93.1,83.2,5.33
2025-09-06 17:00:00,1.305,0.0,18.5,95.5,85.1,2.98
2025-09-06 18:00:00,1.298,0.0,18.8,94.2,83.4,3.13
2025-09-06 19:00:00,1.297,0.0,18.1,95.8,83.5,3.05
2025-09-06 20:00:00,1.304,0.0,18.9,94.6,84.7,3.05
2025-09-06 21:00:00,1.308,0.0,19.8,91.3,86.1,3.01
2025-09-06 22:00:00,1.312,0.0,19.1,94.8,85.2,3.06
2025-09-06 23:00:00,1.331,0.0,20.4,94.0,87.0,3.28
2025-09-07 00:00:00,1.315,0.0,21.1,89.1,88.3,2.97
2025-09-07 01:00:00,1.333,0.0,22.0,88.1,89.6,3.17
2025-09-07 02:00:00,1.339,0.0,21.8,87.9,90.1,3.3
2025-09-07 03:00:00,1.348,0.0,22.2,87.0,90.5,3.32
2025-09-07 04:00:00,1.36,0.0,23.4,86.7,90.8,3.22
2025-09-07 05:00:00,1.354,0.0,23.5,88.2,91.9,3.26
2025-09-07 06:00:00,1.364,0.0,23.6,84.7,91.1,3.15
2025-09-07 07:00:00,1.331,0.0,23.6,84.0,89.5,3.23
2025-09-07 08:00:00,1.36,0.0,22.9,83.6,91.8,3.43
2025-09-07 09:00:00,1.341,0.0,22.9,85.4,91.6,3.4
2025-09-07 10:00:00,1.326,0.0,22.4,87.5,88.1,3.3
2025-09-07 11:00:00,1.323,0.0,21.4,91.4,88.2,3.12
2025-09-07 12:00:00,1.332,0.0,21.7,89.2,88.5,3.05
2025-09-07 13:00:00,1.505,2.44,20.5,91.6,88.6,5.21
2025-09-07 14:00:00,1.407,1.34,19.3,92.5,86.0,4.33
2025-09-07 15:00:00,1.451,2.18,19.5,95.3,84.6,4.94
2025-09-07 16:00:00,1.488,2.48,18.4,98.1,84.4,5.11
2025-09-07 17:00:00,1.55,3.39,18.9,94.0,85.2,5.75
2025-09-07 18:00:00,1.3,0.0,19.0,94.3,83.5,2.9
2025-09-07 19:00:00,1.305,0.0,18.3,96.4,83.5,3.14
2025-09-07 20:00:00,1.318,0.0,19.2,95.4,84.1,3.26
2025-09-07 21:00:00,1.303,0.0,19.4,96.3,84.4,2.94
2025-09-07 22:00:00,1.317,0.0,20.1,93.4,86.1,3.11
2025-09-07 23:00:00,1.334,0.0,21.1,90.8,88.3,2.99
2025-09-08 00:00:00,1.344,0.0,20.9,90.9,88.3,3.32
2025-09-08 01:00:00,1.326,0.0,21.3,90.4,88.8,3.24
2025-09-08 02:00:00,1.35,0.0,21.9,88.7,89.8,3.31
2025-09-08 03:00:00,1.329,0.0,22.4,87.2,89.6,3.16
2025-09-08 04:00:00,1.36,0.0,23.1,87.3,92.2,3.4
2025-09-08 05:00:00,1.352,0.0,23.6,86.9,91.8,3.44
2025-09-08 06:00:00,1.36,0.0,23.6,87.1,91.9,3.43
2025-09-08 07:00:00,1.355,0.0,23.7,86.1,94.4,3.28
2025-09-08 08:00:00,1.337,0.0,23.2,85.4,91.7,3.2
2025-09-08 09:00:00,1.352,0.0,23.3,86.7,90.2,3.29
2025-09-08 10:00:00,1.343,0.0,22.1,89.3,89.7,3.37
2025-09-08 11:00:00,1.338,0.0,22.7,87.5,90.0,3.28
2025-09-08 12:00:00,1.315,0.0,21.3,90.6,88.1,3.08
2025-09-08 13:00:00,1.33,0.0,20.0,90.7,85.8,3.2
2025-09-08 14:00:00,1.329,0.0,19.3,92.5,86.7,3.11
2025-09-08 15:00:00,1.307,0.0,19.4,95.5,84.6,3.03
2025-09-08 16:00:00,1.309,0.0,18.7,94.6,86.0,3.17
2025-09-08 17:00:00,1.306,0.0,18.9,94.9,85.0,3.16
2025-09-08 18:00:00,1.297,0.0,18.7,93.0,83.6,2.99
2025-09-08 19:00:00,1.287,0.0,18.6,95.9,85.2,3.02
2025-09-08 20:00:00,1.303,0.0,18.5,95.3,84.6,3.04
2025-09-08 21:00:00,1.306,0.0,18.6,96.8,85.9,3.05
2025-09-08 22:00:00,1.311,0.0,19.6,92.0,86.4,3.03
2025-09-08 23:00:00,1.319,0.0,20.7,91.6,86.3,3.18
2025-09-09 00:00:00,1.319,0.0,21.1,90.4,87.5,3.09
2025-09-09 01:00:00,1.333,0.0,21.1,91.1,89.9,3.21
2025-09-09 02:00:00,1.338,0.0,22.3,87.4,89.7,3.3
2025-09-09 03:00:00,1.332,0.0,22.9,86.9,90.5,3.05
2025-09-09 04:00:00,1.35,0.0,22.8,86.6,90.7,3.24
2025-09-09 05:00:00,1.361,0.0,23.5,85.5,92.2,3.48
2025-09-09 06:00:00,1.359,0.0,23.5,84.3,93.7,3.24
2025-09-09 07:00:00,1.36,0.0,23.0,85.5,91.0,3.37
2025-09-09 08:00:00,1.338,0.0,23.3,87.3,91.5,3.1
2025-09-09 09:00:00,1.36,0.0,23.0,84.9,92.0,3.49
2025-09-09 10:00:00,1.32,0.0,22.7,87.7,89.9,3.0
2025-09-09 11:00:00,1.343,0.0,22.1,87.7,89.4,3.26
2025-09-09 12:00:00,1.33,0.0,20.4,91.8,87.2,3.18
2025-09-09 13:00:00,1.325,0.0,20.0,89.0,87.3,3.16
2025-09-09 14:00:00,1.308,0.0,20.0,91.7,85.9,3.18
2025-09-09 15:00:00,1.309,0.0,19.4,94.1,86.0,3.14
2025-09-09 16:00:00,1.305,0.0,19.0,96.7,85.5,3.0
2025-09-09 17:00:00,1.316,0.0,20.1,94.7,86.2,3.15
2025-09-09 18:00:00,1.296,0.0,18.7,94.2,84.5,3.13
2025-09-09 19:00:00,1.289,0.0,19.0,97.7,84.4,3.19
2025-09-09 20:00:00,1.301,0.0,19.2,92.2,84.7,2.9
2025-09-09 21:00:00,1.321,0.0,19.5,90.2,84.9,3.09
2025-09-09 22:00:00,1.314,0.0,19.6,93.2,86.3,3.18
2025-09-09 23:00:00,1.328,0.0,20.7,90.5,86.7,3.21
2025-09-10 00:00:00,1.321,0.0,20.7,88.5,88.1,3.16
2025-09-10 01:00:00,1.332,0.0,21.6,89.8,90.1,3.23
2025-09-10 02:00:00,1.351,0.0,22.1,87.9,89.2,3.38
2025-09-10 03:00:00,1.349,0.0,22.8,85.6,91.7,3.37
2025-09-10 04:00:00,1.359,0.0,24.1,83.7,92.5,3.24
2025-09-10 05:00:00,1.353,0.0,22.7,86.5,91.8,3.57
2025-09-10 06:00:00,1.36,0.0,23.8,86.0,90.3,3.31
2025-09-10 07:00:00,1.347,0.0,22.8,85.0,91.4,3.22
2025-09-10 08:00:00,1.359,0.0,23.0,88.4,92.5,3.51
2025-09-10 09:00:00,1.35,0.0,23.2,84.9,90.8,3.32
2025-09-10 10:00:00,1.335,0.0,22.3,85.2,89.2,3.25
2025-09-10 11:00:00,1.326,0.0,21.2,87.7,88.6,2.97
2025-09-10 12:00:00,1.34,0.0,20.7,89.9,88.7,3.15
2025-09-10 13:00:00,1.317,0.0,20.6,91.7,87.4,3.18
2025-09-10 14:00:00,1.323,0.0,19.5,92.1,85.8,3.18
2025-09-10 15:00:00,1.296,0.0,19.3,94.1,84.9,2.97
2025-09-10 16:00:00,1.296,0.0,18.9,92.5,84.2,3.0
2025-09-10 17:00:00,1.307,0.0,18.3,97.0,83.4,2.81
2025-09-10 18:00:00,1.297,0.0,19.4,94.9,85.3,2.96
2025-09-10 19:00:00,1.288,0.0,18.8,96.5,83.9,3.02
2025-09-10 20:00:00,1.292,0.0,18.0,94.8,85.5,2.85
2025-09-10 21:00:00,1.315,0.0,19.3,94.2,86.4,3.26
2025-09-10 22:00:00,1.313,0.0,19.5,93.4,86.8,2.97
2025-09-10 23:00:00,1.312,0.0,20.7,92.0,86.6,3.19
2025-09-11 00:00:00,1.328,0.0,20.7,91.0,88.3,3.17
2025-09-11 01:00:00,1.336,0.0,21.6,90.7,89.0,3.22
2025-09-11 02:00:00,1.351,0.0,22.5,87.8,89.3,3.23
2025-09-11 03:00:00,1.339,0.0,23.1,87.5,91.1,3.1
2025-09-11 04:00:00,1.344,0.0,22.7,85.5,90.5,3.16
2025-09-11 05:00:00,1.357,0.0,23.3,87.3,92.8,3.34
2025-09-11 06:00:00,1.345,0.0,23.3,84.0,91.6,3.33
2025-09-11 07:00:00,1.366,0.0,23.2,87.9,92.0,3.42
2025-09-11 08:00:00,1.33,0.0,23.9,85.6,91.7,3.39
2025-09-11 09:00:00,1.351,0.0,22.9,84.3,90.6,3.5
2025-09-11 10:00:00,1.35,0.0,21.7,87.7,90.5,3.43
2025-09-11 11:00:00,1.334,0.0,22.0,87.7,88.7,3.19
2025-09-11 12:00:00,1.33,0.0,21.8,91.3,88.7,3.12
2025-09-11 13:00:00,1.32,0.0,20.8,90.3,85.9,2.87
2025-09-11 14:00:00,1.535,3.18,19.1,91.8,86.1,5.88
2025-09-11 15:00:00,1.545,3.36,19.0,90.7,86.7,6.06
2025-09-11 16:00:00,1.405,1.53,19.3,93.7,83.7,4.39
2025-09-11 17:00:00,1.549,3.68,18.3,91.2,83.6,6.15
2025-09-11 18:00:00,1.398,1.39,18.7,92.6,84.4,4.17
2025-09-11 19:00:00,1.279,0.0,18.9,96.0,84.3,2.88
2025-09-11 20:00:00,1.304,0.0,18.5,95.5,84.8,3.13
2025-09-11 21:00:00,1.319,0.0,19.2,94.2,85.6,3.34
2025-09-11 22:00:00,1.323,0.0,18.5,91.0,86.5,3.1
2025-09-11 23:00:00,1.318,0.0,19.9,91.2,87.9,3.2
2025-09-12 00:00:00,1.331,0.0,20.9,90.0,88.3,3.36
2025-09-12 01:00:00,1.353,0.0,21.1,87.0,88.8,3.54
2025-09-12 02:00:00,1.353,0.0,22.9,89.8,90.5,3.37
2025-09-12 03:00:00,1.36,0.0,22.2,87.8,92.3,3.52
2025-09-12 04:00:00,1.349,0.0,23.0,85.3,91.4,3.24
2025-09-12 05:00:00,1.345,0.0,23.5,85.2,91.1,3.19
2025-09-12 06:00:00,1.345,0.0,24.1,85.3,92.9,3.3
2025-09-12 07:00:00,1.345,0.0,22.8,82.1,91.8,3.19
2025-09-12 08:00:00,1.352,0.0,23.6,85.3,89.7,3.33
2025-09-12 09:00:00,1.351,0.0,22.8,85.4,91.5,3.44
2025-09-12 10:00:00,1.346,0.0,21.9,86.0,89.6,3.43
2025-09-12 11:00:00,1.334,0.0,21.8,88.3,89.0,3.37
2025-09-12 12:00:00,1.329,0.0,21.1,92.7,88.3,3.2
2025-09-12 13:00:00,1.331,0.0,20.1,92.3,87.1,3.11
2025-09-12 14:00:00,1.329,0.0,19.8,91.6,86.6,3.16
2025-09-12 15:00:00,1.296,0.0,19.1,94.4,84.8,3.07
2025-09-12 16:00:00,1.3,0.0,18.9,96.4,84.9,3.23
2025-09-12 17:00:00,1.295,0.0,18.9,96.2,83.9,3.03
2025-09-12 18:00:00,1.288,0.0,19.1,95.1,84.6,3.04
2025-09-12 19:00:00,1.294,0.0,18.1,93.9,84.6,3.06
2025-09-12 20:00:00,1.297,0.0,19.7,95.4,83.8,2.8
2025-09-12 21:00:00,1.309,0.0,18.5,94.1,86.0,3.08
2025-09-12 22:00:00,1.318,0.0,19.7,93.8,85.6,3.28
2025-09-12 23:00:00,1.335,0.0,20.6,92.2,87.6,3.31
2025-09-13 00:00:00,1.329,0.0,21.1,91.6,88.3,3.04
2025-09-13 01:00:00,1.338,0.0,21.4,87.9,90.5,3.25
2025-09-13 02:00:00,1.338,0.0,22.2,89.5,89.8,3.3
2025-09-13 03:00:00,1.354,0.0,22.6,86.8,90.5,3.24
2025-09-13 04:00:00,1.344,0.0,22.9,88.8,91.4,3.25
2025-09-13 05:00:00,1.348,0.0,23.8,84.1,91.6,3.12
2025-09-13 06:00:00,1.347,0.0,23.6,87.6,92.6,3.16
2025-09-13 07:00:00,1.36,0.0,23.1,85.5,90.6,3.53
2025-09-13 08:00:00,1.34,0.0,23.5,84.7,90.6,3.3
2025-09-13 09:00:00,1.351,0.0,22.9,85.7,90.0,3.16
2025-09-13 10:00:00,1.343,0.0,22.6,87.0,90.8,3.51
2025-09-13 11:00:00,1.341,0.0,21.9,89.3,90.4,3.23
2025-09-13 12:00:00,1.321,0.0,20.7,90.8,87.9,2.94
2025-09-13 13:00:00,1.322,0.0,20.1,90.4,86.8,3.34
2025-09-13 14:00:00,1.306,0.0,20.0,92.5,86.1,2.86
2025-09-13 15:00:00,1.303,0.0,19.5,96.7,86.1,3.13
2025-09-13 16:00:00,1.297,0.0,18.8,96.9,83.8,2.93
2025-09-13 17:00:00,1.299,0.0,18.6,95.5,84.3,3.05
2025-09-13 18:00:00,1.288,0.0,19.0,95.1,84.8,2.94
2025-09-13 19:00:00,1.296,0.0,18.3,95.0,84.5,2.94
2025-09-13 20:00:00,1.294,0.0,19.1,95.3,84.7,3.09
2025-09-13 21:00:00,1.303,0.0,19.2,92.0,86.0,2.84
2025-09-13 22:00:00,1.31,0.0,19.7,92.1,83.8,3.15
2025-09-13 23:00:00,1.313,0.0,20.8,88.8,87.5,3.04
2025-09-14 00:00:00,1.32,0.0,21.3,90.6,87.5,3.1
2025-09-14 01:00:00,1.339,0.0,22.0,89.7,87.6,3.23
2025-09-14 02:00:00,1.348,0.0,22.8,86.8,90.4,3.19
2025-09-14 03:00:00,1.345,0.0,22.8,88.8,91.9,3.37
2025-09-14 04:00:00,1.344,0.0,23.4,83.8,91.4,3.37
2025-09-14 05:00:00,1.35,0.0,23.3,83.0,92.6,3.27
2025-09-14 06:00:00,1.37,0.0,23.6,85.3,93.3,3.37
2025-09-14 07:00:00,1.356,0.0,23.4,86.7,92.9,3.4
2025-09-14 08:00:00,1.355,0.0,23.2,88.2,92.8,3.35
2025-09-14 09:00:00,1.347,0.0,23.0,85.8,91.4,3.15
2025-09-14 10:00:00,1.343,0.0,21.9,89.1,90.1,3.19
2025-09-14 11:00:00,1.337,0.0,22.5,88.6,87.8,3.37
2025-09-14 12:00:00,1.311,0.0,20.6,89.7,87.8,3.22
2025-09-14 13:00:00,1.314,0.0,19.9,92.6,86.3,3.09
2025-09-14 14:00:00,1.308,0.0,20.2,93.5,87.7,3.09
2025-09-14 15:00:00,1.306,0.0,19.5,91.2,85.0,3.17
2025-09-14 16:00:00,1.296,0.0,19.1,96.5,84.6,3.17
2025-09-14 17:00:00,1.305,0.0,18.8,96.9,84.6,3.06
2025-09-14 18:00:00,1.297,0.0,18.5,94.1,84.0,2.98
2025-09-14 19:00:00,1.3,0.0,18.2,95.4,85.5,3.04
2025-09-14 20:00:00,1.299,0.0,18.9,95.1,84.0,2.96
2025-09-14 21:00:00,1.308,0.0,19.0,93.9,85.3,2.98
2025-09-14 22:00:00,1.313,0.0,20.1,91.7,85.4,3.08
2025-09-14 23:00:00,1.322,0.0,20.3,90.3,85.9,3.25
2025-09-15 00:00:00,1.333,0.0,20.7,90.0,87.5,3.24
2025-09-15 01:00:00,1.337,0.0,21.5,90.5,89.0,3.19
2025-09-15 02:00:00,1.345,0.0,22.4,88.3,89.7,3.35
2025-09-15 03:00:00,1.332,0.0,22.5,85.9,90.3,3.24
2025-09-15 04:00:00,1.359,0.0,22.8,86.8,90.3,3.31
2025-09-15 05:00:00,1.348,0.0,23.5,82.0,91.8,3.25
2025-09-15 06:00:00,1.34,0.0,23.6,86.7,90.8,3.26
2025-09-15 07:00:00,1.355,0.0,23.2,82.6,92.5,3.34
2025-09-15 08:00:00,1.354,0.0,23.0,85.1,91.5,3.24
2025-09-15 09:00:00,1.346,0.0,22.9,84.8,89.7,3.32
2025-09-15 10:00:00,1.336,0.0,21.7,85.6,89.8,3.26
2025-09-15 11:00:00,1.333,0.0,21.1,90.4,88.4,3.14
2025-09-15 12:00:00,1.329,0.0,20.7,89.3,88.3,3.15
2025-09-15 13:00:00,1.326,0.0,20.3,91.8,88.0,3.15
2025-09-15 14:00:00,1.299,0.0,19.9,92.4,84.5,3.04
2025-09-15 15:00:00,1.308,0.0,19.8,94.3,85.3,2.96
2025-09-15 16:00:00,1.307,0.0,19.2,94.4,84.4,3.14
2025-09-15 17:00:00,1.293,0.0,18.5,92.9,84.7,2.92
2025-09-15 18:00:00,1.297,0.0,18.5,96.5,84.2,2.93
2025-09-15 19:00:00,1.303,0.0,18.2,94.1,83.5,3.06
2025-09-15 20:00:00,1.292,0.0,18.8,92.0,84.3,2.9
2025-09-15 21:00:00,1.314,0.0,19.1,92.9,84.5,3.26
2025-09-15 22:00:00,1.318,0.0,19.9,94.8,86.9,3.1
2025-09-15 23:00:00,1.315,0.0,20.0,92.6,87.0,3.16
2025-09-16 00:00:00,1.33,0.0,21.2,89.5,89.5,3.03
2025-09-16 01:00:00,1.341,0.0,22.3,88.2,89.0,3.39
2025-09-16 02:00:00,1.345,0.0,22.2,87.0,89.4,3.16
2025-09-16 03:00:00,1.338,0.0,22.9,89.6,89.6,3.05
2025-09-16 04:00:00,1.36,0.0,23.4,86.2,90.0,3.32
2025-09-16 05:00:00,1.369,0.0,23.3,85.8,90.6,3.6
2025-09-16 06:00:00,1.347,0.0,23.6,86.5,92.2,3.21
2025-09-16 07:00:00,1.358,0.0,23.4,85.5,92.3,3.17
2025-09-16 08:00:00,1.344,0.0,23.2,85.3,90.2,3.21
2025-09-16 09:00:00,1.362,0.0,22.5,86.2,91.5,3.38
2025-09-16 10:00:00,1.337,0.0,22.3,87.4,89.6,3.17
2025-09-16 11:00:00,1.341,0.0,21.8,88.7,89.2,3.2
2025-09-16 12:00:00,1.328,0.0,21.6,91.1,89.3,3.12
2025-09-16 13:00:00,1.308,0.0,20.7,91.4,87.7,2.97
2025-09-16 14:00:00,1.308,0.0,20.6,93.6,85.8,3.04
2025-09-16 15:00:00,1.303,0.0,18.9,93.4,84.5,3.03
2025-09-16 16:00:00,1.294,0.0,19.2,94.4,82.8,3.13
2025-09-16 17:00:00,1.305,0.0,18.7,91.8,83.6,3.04
2025-09-16 18:00:00,1.3,0.0,19.4,96.4,83.8,2.99
2025-09-16 19:00:00,1.275,0.0,18.3,95.3,83.3,2.89
2025-09-16 20:00:00,1.304,0.0,18.5,95.8,84.4,2.89
2025-09-16 21:00:00,1.31,0.0,19.0,89.2,85.2,3.05
2025-09-16 22:00:00,1.314,0.0,18.9,95.6,85.8,3.08
2025-09-16 23:00:00,1.328,0.0,20.1,91.1,86.4,3.2
2025-09-17 00:00:00,1.334,0.0,20.7,91.7,88.1,3.32
2025-09-17 01:00:00,1.325,0.0,21.7,87.1,89.4,3.09
2025-09-17 02:00:00,1.342,0.0,22.4,88.4,89.1,3.22
2025-09-17 03:00:00,1.346,0.0,23.5,84.9,92.0,3.41
2025-09-17 04:00:00,1.348,0.0,23.5,84.7,91.4,3.19
2025-09-17 05:00:00,1.346,0.0,23.2,88.0,91.9,3.5
2025-09-17 06:00:00,1.354,0.0,23.1,84.7,92.6,3.18
2025-09-17 07:00:00,1.339,0.0,23.6,85.5,92.1,3.18
2025-09-17 08:00:00,1.35,0.0,22.6,87.0,92.2,3.4
2025-09-17 09:00:00,1.353,0.0,23.5,87.2,91.1,3.32
2025-09-17 10:00:00,1.335,0.0,22.7,87.7,89.5,3.25
2025-09-17 11:00:00,1.32,0.0,21.5,89.3,89.3,3.33
2025-09-17 12:00:00,1.578,3.56,20.3,93.6,87.1,6.24
2025-09-17 13:00:00,1.403,1.33,20.9,91.2,87.1,4.32
2025-09-17 14:00:00,1.409,1.44,19.7,92.8,86.0,4.18
2025-09-17 15:00:00,1.364,0.84,19.7,95.1,85.0,3.75
2025-09-17 16:00:00,1.352,0.84,18.2,96.0,84.4,3.6
2025-09-17 17:00:00,1.288,0.0,18.3,96.6,82.6,2.86
2025-09-17 18:00:00,1.294,0.0,18.5,96.0,83.6,2.85
2025-09-17 19:00:00,1.294,0.0,18.6,93.1,84.2,3.09
2025-09-17 20:00:00,1.309,0.0,18.7,96.8,84.7,2.97
2025-09-17 21:00:00,1.312,0.0,19.5,91.8,84.3,2.9
2025-09-17 22:00:00,1.333,0.0,19.3,93.0,87.0,3.34
2025-09-17 23:00:00,1.313,0.0,20.3,90.2,86.3,3.13
2025-09-18 00:00:00,1.316,0.0,21.0,89.9,88.8,3.12
2025-09-18 01:00:00,1.332,0.0,21.9,89.2,89.4,3.12
2025-09-18 02:00:00,1.335,0.0,22.5,88.0,89.5,3.16
2025-09-18 03:00:00,1.34,0.0,22.3,87.1,92.2,3.16
2025-09-18 04:00:00,1.337,0.0,22.6,88.1,90.5,3.31
2025-09-18 05:00:00,1.347,0.0,23.9,85.9,92.6,3.16
2025-09-18 06:00:00,1.362,0.0,23.6,84.6,92.8,3.4
2025-09-18 07:00:00,1.358,0.0,23.1,86.6,91.3,3.44
2025-09-18 08:00:00,1.368,0.0,23.8,87.5,92.6,3.38
2025-09-18 09:00:00,1.334,0.0,22.8,84.6,90.6,3.24
2025-09-18 10:00:00,1.335,0.0,22.7,88.4,90.2,3.12
2025-09-18 11:00:00,1.334,0.0,21.7,89.8,89.2,3.3
2025-09-18 12:00:00,1.319,0.0,21.8,89.6,87.9,3.26
2025-09-18 13:00:00,1.312,0.0,21.1,93.4,87.6,3.07
2025-09-18 14:00:00,1.316,0.0,19.7,92.3,86.6,3.08
2025-09-18 15:00:00,1.289,0.0,19.6,93.7,83.8,3.06
2025-09-18 16:00:00,1.299,0.0,19.1,94.1,85.6,3.09
2025-09-18 17:00:00,1.286,0.0,19.1,94.9,82.8,2.84
2025-09-18 18:00:00,1.307,0.0,18.1,93.4,84.8,3.1
2025-09-18 19:00:00,1.297,0.0,18.9,92.7,85.0,3.05
2025-09-18 20:00:00,1.292,0.0,19.3,96.7,83.7,2.99
2025-09-18 21:00:00,1.307,0.0,18.5,92.3,84.8,3.02
2025-09-18 22:00:00,1.304,0.0,19.3,91.0,85.1,3.05
2025-09-18 23:00:00,1.318,0.0,19.5,88.1,86.8,3.08
2025-09-19 00:00:00,1.317,0.0,20.9,89.0,87.8,3.12
2025-09-19 01:00:00,1.331,0.0,21.9,86.7,89.7,3.09
2025-09-19 02:00:00,1.342,0.0,22.9,90.0,91.0,3.42
2025-09-19 03:00:00,1.345,0.0,22.8,88.0,91.9,3.42
2025-09-19 04:00:00,1.366,0.0,23.8,84.6,91.0,3.29
2025-09-19 05:00:00,1.353,0.0,22.9,88.5,91.7,3.53
2025-09-19 06:00:00,1.35,0.0,22.8,86.5,90.7,3.31
2025-09-19 07:00:00,1.338,0.0,23.4,84.7,91.2,3.18
2025-09-19 08:00:00,1.356,0.0,23.3,82.0,92.2,3.58
2025-09-19 09:00:00,1.347,0.0,22.8,89.9,92.1,3.12
2025-09-19 10:00:00,1.327,0.0,21.4,85.4,89.0,3.17
2025-09-19 11:00:00,1.342,0.0,21.6,86.2,88.6,3.32
2025-09-19 12:00:00,1.33,0.0,20.5,91.5,88.0,3.32
2025-09-19 13:00:00,1.313,0.0,20.6,95.0,87.2,3.1
2025-09-19 14:00:00,1.307,0.0,19.9,94.6,85.4,3.03
2025-09-19 15:00:00,1.299,0.0,18.9,94.4,85.5,2.98
2025-09-19 16:00:00,1.301,0.0,18.6,95.2,84.2,2.99
2025-09-19 17:00:00,1.298,0.0,18.2,96.1,84.1,3.05
2025-09-19 18:00:00,1.309,0.0,18.5,96.1,84.4,3.2
2025-09-19 19:00:00,1.305,0.0,19.0,95.3,84.1,2.93
2025-09-19 20:00:00,1.298,0.0,18.4,94.5,84.2,2.99
2025-09-19 21:00:00,1.301,0.0,19.4,93.4,85.1,3.06
2025-09-19 22:00:00,1.299,0.0,19.5,91.4,85.9,3.19
2025-09-19 23:00:00,1.328,0.0,20.0,90.9,86.7,3.23
2025-09-20 00:00:00,1.325,0.0,21.0,87.5,87.8,3.29
2025-09-20 01:00:00,1.341,0.0,21.2,88.6,90.3,3.36
2025-09-20 02:00:00,1.34,0.0,22.0,86.0,90.4,3.43
2025-09-20 03:00:00,1.355,0.0,22.3,84.8,90.6,3.38
2025-09-20 04:00:00,1.361,0.0,24.0,85.9,92.0,3.32
2025-09-20 05:00:00,1.343,0.0,23.4,87.3,91.6,3.29
2025-09-20 06:00:00,1.355,0.0,23.2,86.4,92.9,3.31
2025-09-20 07:00:00,1.363,0.0,23.5,82.8,92.2,3.39
2025-09-20 08:00:00,1.352,0.0,23.1,84.2,91.4,3.28
2025-09-20 09:00:00,1.354,0.0,22.7,87.9,91.2,3.39
2025-09-20 10:00:00,1.344,0.0,22.5,86.0,88.7,3.22
2025-09-20 11:00:00,1.342,0.0,22.0,88.4,88.1,3.44
2025-09-20 12:00:00,1.588,3.68,20.8,90.8,87.0,6.19
2025-09-20 13:00:00,1.478,2.36,20.1,89.8,87.1,5.03
2025-09-20 14:00:00,1.571,3.73,19.6,92.7,87.4,6.19
2025-09-20 15:00:00,1.53,3.07,18.3,91.5,87.0,5.7
2025-09-20 16:00:00,1.394,1.29,18.2,93.4,85.0,4.1
2025-09-20 17:00:00,1.299,0.0,19.1,95.3,84.5,3.1
2025-09-20 18:00:00,1.279,0.0,19.2,92.6,82.6,2.91
2025-09-20 19:00:00,1.3,0.0,18.5,95.5,83.7,3.11
2025-09-20 20:00:00,1.292,0.0,19.1,94.3,83.9,2.88
2025-09-20 21:00:00,1.31,0.0,19.4,94.4,84.7,2.89
2025-09-20 22:00:00,1.322,0.0,21.0,92.8,85.9,3.17
2025-09-20 23:00:00,1.33,0.0,20.8,93.3,86.6,3.08
2025-09-21 00:00:00,1.319,0.0,20.9,90.2,86.4,2.89
2025-09-21 01:00:00,1.328,0.0,21.3,88.1,89.6,3.16
2025-09-21 02:00:00,1.323,0.0,21.6,87.7,89.1,3.11
2025-09-21 03:00:00,1.33,0.0,22.8,87.3,91.0,3.17
2025-09-21 04:00:00,1.363,0.0,22.9,85.7,93.1,3.37
2025-09-21 05:00:00,1.365,0.0,22.8,85.2,91.1,3.46
2025-09-21 06:00:00,1.361,0.0,23.2,83.9,90.0,3.28
2025-09-21 07:00:00,1.346,0.0,23.0,84.2,91.6,3.31
2025-09-21 08:00:00,1.339,0.0,23.8,83.6,92.3,3.29
2025-09-21 09:00:00,1.346,0.0,23.1,89.1,92.4,3.41
2025-09-21 10:00:00,1.343,0.0,22.2,85.6,89.0,3.37
2025-09-21 11:00:00,1.328,0.0,22.2,87.7,89.4,3.28
2025-09-21 12:00:00,1.337,0.0,21.0,88.9,87.6,3.22
2025-09-21 13:00:00,1.313,0.0,20.0,92.6,86.9,3.02
2025-09-21 14:00:00,1.326,0.0,20.4,92.1,88.1,3.44
2025-09-21 15:00:00,1.296,0.0,19.4,95.4,84.0,2.9
2025-09-21 16:00:00,1.31,0.0,18.4,93.3,84.7,3.0
2025-09-21 17:00:00,1.308,0.0,18.5,95.2,84.5,3.11
2025-09-21 18:00:00,1.3,0.0,18.1,93.7,84.9,3.07
2025-09-21 19:00:00,1.302,0.0,18.0,98.0,84.2,3.02
2025-09-21 20:00:00,1.288,0.0,19.2,92.5,84.8,2.98
2025-09-21 21:00:00,1.318,0.0,20.0,94.0,84.9,2.96
2025-09-21 22:00:00,1.305,0.0,19.2,93.5,86.2,3.09
2025-09-21 23:00:00,1.319,0.0,20.6,91.9,86.7,3.17
2025-09-22 00:00:00,3.103,9.03,20.7,89.7,88.5,7.12
2025-09-22 01:00:00,2.884,5.73,21.5,88.5,88.7,7.07
2025-09-22 02:00:00,3.087,8.48,22.0,87.6,90.3,7.02
2025-09-22 03:00:00,3.107,8.67,22.4,86.2,90.8,7.02
2025-09-22 04:00:00,2.852,5.14,23.2,87.1,92.4,7.11
2025-09-22 05:00:00,3.066,7.96,23.1,88.5,91.8,6.79
2025-09-22 06:00:00,3.154,9.4,23.6,84.2,90.6,7.1
2025-09-22 07:00:00,3.015,7.49,23.4,83.1,92.9,7.09
2025-09-22 08:00:00,2.784,4.08,23.1,85.5,90.7,7.13
2025-09-22 09:00:00,2.779,4.06,22.4,90.3,90.3,6.93
2025-09-22 10:00:00,2.946,6.5,22.0,86.3,89.5,7.0
2025-09-22 11:00:00,3.213,10.48,21.9,91.2,90.1,7.22
2025-09-22 12:00:00,2.857,5.6,21.2,92.5,86.3,6.78
2025-09-22 13:00:00,3.077,8.44,20.0,90.5,89.5,6.94
2025-09-22 14:00:00,2.85,5.55,19.8,93.4,86.8,6.96
2025-09-22 15:00:00,2.89,6.25,19.5,96.0,85.4,6.92
2025-09-22 16:00:00,3.139,9.94,18.2,93.8,84.5,7.01
2025-09-22 17:00:00,3.083,9.1,18.8,94.5,84.4,7.07
2025-09-22 18:00:00,2.779,4.67,18.2,94.1,84.4,6.91
2025-09-22 19:00:00,2.941,7.0,18.8,93.3,84.7,6.96
2025-09-22 20:00:00,2.739,4.2,18.5,93.4,85.0,7.07
2025-09-22 21:00:00,2.971,7.37,18.5,91.7,85.2,6.96
2025-09-22 22:00:00,3.059,8.64,19.1,92.6,85.8,6.9
2025-09-22 23:00:00,2.822,4.83,20.4,90.1,86.8,7.03
2025-09-23 00:00:00,2.766,4.27,21.1,90.4,87.8,7.03
2025-09-23 01:00:00,2.791,4.25,21.3,86.4,89.9,7.02
2025-09-23 02:00:00,2.868,5.23,22.5,88.0,90.5,6.85
2025-09-23 03:00:00,3.18,10.07,22.1,87.7,88.5,7.03
2025-09-23 04:00:00,2.922,5.98,23.1,82.7,92.0,6.67
2025-09-23 05:00:00,3.244,10.65,22.9,85.7,92.0,6.9
2025-09-23 06:00:00,3.058,8.07,23.2,86.8,92.0,6.9
2025-09-23 07:00:00,3.001,7.06,23.4,83.4,91.6,6.9
2025-09-23 08:00:00,3.058,8.06,22.8,88.2,92.4,6.84
2025-09-23 09:00:00,3.041,7.62,22.6,87.1,91.6,7.04
2025-09-23 10:00:00,3.121,9.31,22.7,86.4,89.4,6.9
2025-09-23 11:00:00,2.907,5.98,21.4,88.6,89.4,7.13
2025-09-23 12:00:00,2.934,6.47,21.3,90.8,87.2,6.96
2025-09-23 13:00:00,3.169,10.26,19.9,91.4,85.9,7.09
2025-09-23 14:00:00,3.202,10.63,20.0,93.3,85.5,7.01
2025-09-23 15:00:00,3.174,10.25,19.8,92.2,85.9,6.86
2025-09-23 16:00:00,2.942,6.94,17.8,94.6,85.3,7.02
2025-09-23 17:00:00,3.109,9.46,18.3,92.7,84.5,7.05
2025-09-23 18:00:00,2.952,7.33,18.7,94.8,84.6,6.97
2025-09-23 19:00:00,2.974,7.48,18.5,93.5,84.5,6.83
2025-09-23 20:00:00,2.831,5.43,19.0,93.2,84.0,7.07
2025-09-23 21:00:00,3.024,8.14,19.0,95.4,85.5,7.0
2025-09-23 22:00:00,2.839,5.3,19.8,94.1,86.6,6.96
2025-09-23 23:00:00,2.91,6.32,20.3,92.2,87.6,6.88
2025-09-24 00:00:00,2.785,4.38,21.5,88.4,89.0,6.97
2025-09-24 01:00:00,3.245,10.81,21.7,88.2,89.6,7.06
2025-09-24 02:00:00,2.888,5.58,22.4,89.3,90.3,6.95
2025-09-24 03:00:00,2.909,6.13,22.6,86.7,91.7,7.07
2025-09-24 04:00:00,2.933,6.13,23.0,89.1,91.4,6.94
2025-09-24 05:00:00,2.899,5.61,23.2,85.8,91.2,6.86
2025-09-24 06:00:00,2.793,4.01,23.7,85.3,91.9,6.97
2025-09-24 07:00:00,3.133,9.11,23.2,84.7,91.3,6.94
2025-09-24 08:00:00,3.251,10.77,23.3,85.9,90.9,7.0
2025-09-24 09:00:00,2.886,5.57,23.6,86.2,90.7,6.96
2025-09-24 10:00:00,3.095,8.64,22.6,88.6,89.4,7.0
2025-09-24 11:00:00,3.121,9.19,21.5,90.1,88.8,6.92
2025-09-24 12:00:00,3.174,9.94,21.5,88.8,86.5,7.05
2025-09-24 13:00:00,2.957,6.96,20.2,89.3,87.1,7.09
2025-09-24 14:00:00,2.875,6.12,18.9,89.7,86.0,6.94
2025-09-24 15:00:00,2.885,6.28,18.8,94.3,84.5,7.23
2025-09-24 16:00:00,3.088,8.99,18.1,92.7,85.1,6.99
2025-09-24 17:00:00,3.137,9.72,18.4,91.6,84.9,7.11
2025-09-24 18:00:00,2.823,5.27,18.5,95.6,82.7,7.09
2025-09-24 19:00:00,2.907,6.6,19.3,98.6,83.5,6.95
2025-09-24 20:00:00,3.165,10.31,19.0,94.3,83.9,7.05
2025-09-24 21:00:00,3.129,9.65,19.1,94.8,84.4,6.96
2025-09-24 22:00:00,3.222,10.89,20.1,92.6,86.7,7.15
2025-09-24 23:00:00,3.126,9.28,19.5,91.1,86.8,7.18
2025-09-25 00:00:00,2.952,6.75,21.1,91.4,87.8,7.01
2025-09-25 01:00:00,1.899,8.13,22.0,88.3,87.4,6.9
2025-09-25 02:00:00,1.935,8.63,21.7,87.9,90.5,7.05
2025-09-25 03:00:00,1.655,4.55,23.2,86.9,89.8,7.02
2025-09-25 04:00:00,1.906,7.81,23.3,84.7,91.5,6.93
2025-09-25 05:00:00,1.997,8.97,23.2,86.7,92.1,6.9
2025-09-25 06:00:00,1.726,5.17,23.8,84.7,93.1,7.04
2025-09-25 07:00:00,2.023,9.46,24.3,84.0,90.8,6.89
2025-09-25 08:00:00,1.93,8.09,23.2,86.5,89.0,6.98
2025-09-25 09:00:00,2.098,10.67,22.9,85.1,91.0,7.14
2025-09-25 10:00:00,1.639,4.3,22.1,87.5,91.4,6.9
2025-09-25 11:00:00,1.739,5.86,21.3,88.7,90.0,7.14
2025-09-25 12:00:00,1.895,8.21,21.3,91.6,88.2,7.0
2025-09-25 13:00:00,1.746,6.08,20.0,92.0,86.6,7.08
2025-09-25 14:00:00,1.959,9.0,19.8,92.5,86.6,6.95
2025-09-25 15:00:00,1.966,9.31,19.0,94.8,84.4,7.2
2025-09-25 16:00:00,1.634,4.72,19.0,96.4,84.9,6.93
2025-09-25 17:00:00,1.818,7.6,18.7,95.7,84.5,7.19
2025-09-25 18:00:00,1.827,7.56,18.9,95.0,84.8,6.9
2025-09-25 19:00:00,1.753,6.58,18.4,92.9,86.3,6.9
2025-09-25 20:00:00,2.047,10.53,18.7,92.7,84.8,7.11
2025-09-25 21:00:00,1.996,9.79,18.8,93.1,84.8,7.01
2025-09-25 22:00:00,1.924,8.88,19.6,91.6,86.0,6.93
2025-09-25 23:00:00,1.937,9.0,20.5,91.0,85.5,7.06
2025-09-26 00:00:00,1.316,0.0,21.3,90.1,87.4,3.04
2025-09-26 01:00:00,1.331,0.0,21.3,89.5,88.7,3.03
2025-09-26 02:00:00,1.34,0.0,22.6,87.4,89.6,3.23
2025-09-26 03:00:00,1.356,0.0,23.3,87.2,91.0,3.25
2025-09-26 04:00:00,1.339,0.0,23.3,85.8,90.8,3.2
2025-09-26 05:00:00,1.346,0.0,24.2,82.2,92.8,3.28
2025-09-26 06:00:00,1.339,0.0,23.2,83.6,92.0,3.18
2025-09-26 07:00:00,1.346,0.0,22.9,85.0,91.9,3.33
2025-09-26 08:00:00,1.343,0.0,22.5,83.9,91.2,3.09
2025-09-26 09:00:00,1.344,0.0,23.4,87.4,91.0,3.3
2025-09-26 10:00:00,1.339,0.0,22.5,89.8,90.7,3.18
2025-09-26 11:00:00,1.326,0.0,21.6,90.5,88.3,3.18
2025-09-26 12:00:00,1.318,0.0,21.1,89.7,87.5,3.09
2025-09-26 13:00:00,1.324,0.0,19.9,93.5,86.7,3.03
2025-09-26 14:00:00,1.309,0.0,20.7,92.7,84.9,2.9
2025-09-26 15:00:00,1.307,0.0,19.3,93.0,84.5,2.96
2025-09-26 16:00:00,1.309,0.0,18.9,93.4,84.2,2.93
2025-09-26 17:00:00,1.304,0.0,18.9,94.4,84.8,3.17
2025-09-26 18:00:00,1.29,0.0,18.7,94.4,84.2,2.88
2025-09-26 19:00:00,1.292,0.0,18.7,95.1,84.3,2.93
2025-09-26 20:00:00,1.307,0.0,18.5,94.6,85.2,3.01
2025-09-26 21:00:00,1.297,0.0,19.4,93.5,85.1,2.81
2025-09-26 22:00:00,1.325,0.0,20.5,93.2,86.3,3.33
2025-09-26 23:00:00,1.323,0.0,20.9,93.1,86.9,3.07
2025-09-27 00:00:00,1.332,0.0,21.6,91.4,88.2,3.3
2025-09-27 01:00:00,1.33,0.0,21.4,86.5,88.6,3.2
2025-09-27 02:00:00,1.346,0.0,21.9,83.7,88.0,3.11
2025-09-27 03:00:00,1.354,0.0,22.7,87.9,90.7,3.29
2025-09-27 04:00:00,1.344,0.0,23.2,83.6,92.6,3.16
2025-09-27 05:00:00,1.348,0.0,23.9,84.8,92.6,3.17
2025-09-27 06:00:00,1.37,0.0,22.8,83.2,92.8,3.46
2025-09-27 07:00:00,1.364,0.0,24.0,82.5,92.9,3.43
2025-09-27 08:00:00,1.351,0.0,23.1,86.5,91.5,3.31
2025-09-27 09:00:00,1.343,0.0,22.6,87.6,91.0,3.23
2025-09-27 10:00:00,1.328,0.0,21.8,86.6,89.5,3.29
2025-09-27 11:00:00,1.318,0.0,21.0,84.8,88.8,3.02
2025-09-27 12:00:00,1.343,0.0,21.3,89.2,88.5,3.28
2025-09-27 13:00:00,1.322,0.0,20.4,91.9,87.9,3.21
2025-09-27 14:00:00,1.299,0.0,19.2,90.3,85.9,2.88
2025-09-27 15:00:00,1.302,0.0,18.7,93.8,84.8,2.95
2025-09-27 16:00:00,1.301,0.0,18.7,94.3,84.5,3.08
2025-09-27 17:00:00,1.311,0.0,19.3,95.7,84.6,3.17
2025-09-27 18:00:00,1.288,0.0,18.4,95.2,82.8,2.92
2025-09-27 19:00:00,1.29,0.0,18.0,93.4,82.3,2.87
2025-09-27 20:00:00,1.291,0.0,18.7,96.1,84.1,3.14
2025-09-27 21:00:00,1.304,0.0,19.1,93.3,84.2,3.03
2025-09-27 22:00:00,1.315,0.0,18.7,92.5,85.6,3.16
2025-09-27 23:00:00,1.327,0.0,20.3,89.9,86.8,3.1
2025-09-28 00:00:00,1.328,0.0,20.9,89.3,87.6,3.09
2025-09-28 01:00:00,1.334,0.0,21.9,87.4,90.2,3.22
2025-09-28 02:00:00,1.342,0.0,23.0,87.2,90.3,3.27
2025-09-28 03:00:00,1.353,0.0,23.2,89.0,91.1,3.26
2025-09-28 04:00:00,1.353,0.0,23.1,83.6,92.0,3.24
2025-09-28 05:00:00,1.375,0.0,23.0,82.8,91.0,3.34
2025-09-28 06:00:00,1.35,0.0,24.5,87.2,92.8,3.39
2025-09-28 07:00:00,1.349,0.0,23.4,84.9,91.8,3.39
2025-09-28 08:00:00,1.353,0.0,23.2,84.7,92.0,3.27
2025-09-28 09:00:00,1.338,0.0,22.8,88.0,90.0,3.16
2025-09-28 10:00:00,1.334,0.0,22.3,86.6,88.8,3.2
2025-09-28 11:00:00,1.328,0.0,21.6,91.4,89.7,3.17
2025-09-28 12:00:00,1.318,0.0,20.8,91.0,88.3,3.2
2025-09-28 13:00:00,1.325,0.0,20.1,90.6,86.2,3.09
2025-09-28 14:00:00,1.305,0.0,19.7,95.7,85.3,3.07
2025-09-28 15:00:00,1.318,0.0,19.0,92.6,86.1,3.27
2025-09-28 16:00:00,1.289,0.0,18.5,95.4,83.6,3.06
2025-09-28 17:00:00,1.301,0.0,18.6,95.3,85.5,3.03
2025-09-28 18:00:00,1.301,0.0,18.4,97.0,83.3,2.98
2025-09-28 19:00:00,1.309,0.0,19.2,97.2,84.6,3.22
2025-09-28 20:00:00,1.313,0.0,17.8,94.4,84.3,2.91
2025-09-28 21:00:00,1.305,0.0,19.7,92.4,85.7,2.86
2025-09-28 22:00:00,1.305,0.0,20.2,93.2,85.6,2.81
2025-09-28 23:00:00,1.322,0.0,19.5,90.3,86.8,3.17
2025-09-29 00:00:00,1.323,0.0,20.9,93.0,88.0,3.07
2025-09-29 01:00:00,1.334,0.0,21.5,88.9,88.2,3.11
2025-09-29 02:00:00,1.333,0.0,21.7,87.0,90.6,3.08
2025-09-29 03:00:00,1.343,0.0,22.5,86.7,90.4,3.21
2025-09-29 04:00:00,1.347,0.0,22.7,83.6,91.3,3.33
2025-09-29 05:00:00,1.359,0.0,24.1,83.7,91.1,3.5
2025-09-29 06:00:00,1.35,0.0,23.9,86.8,90.0,3.34
2025-09-29 07:00:00,1.354,0.0,23.9,84.2,91.7,3.16
2025-09-29 08:00:00,1.351,0.0,23.5,84.1,93.4,3.27
2025-09-29 09:00:00,1.343,0.0,22.3,87.3,91.5,3.26
2025-09-29 10:00:00,1.338,0.0,22.0,89.3,90.0,3.14
2025-09-29 11:00:00,1.332,0.0,21.8,89.8,88.8,3.13
2025-09-29 12:00:00,1.305,0.0,20.5,91.5,88.0,2.91
2025-09-29 13:00:00,1.32,0.0,20.6,90.2,87.4,3.25
2025-09-29 14:00:00,1.291,0.0,19.7,90.4,85.1,2.89
2025-09-29 15:00:00,1.311,0.0,19.1,95.8,86.1,3.18
2025-09-29 16:00:00,1.3,0.0,19.1,93.8,85.1,2.95
2025-09-29 17:00:00,1.31,0.0,18.8,94.5,84.7,3.16
2025-09-29 18:00:00,1.306,0.0,18.4,97.0,84.4,3.01
2025-09-29 19:00:00,1.308,0.0,19.0,95.7,84.2,2.87
2025-09-29 20:00:00,1.312,0.0,18.4,95.0,85.1,3.08
2025-09-29 21:00:00,1.308,0.0,19.5,96.8,85.6,2.98
2025-09-29 22:00:00,1.297,0.0,20.0,91.5,85.7,3.02
2025-09-29 23:00:00,1.322,0.0,20.2,92.7,86.5,3.22
2025-09-30 00:00:00,1.331,0.0,21.1,90.1,88.1,3.23
2025-09-30 01:00:00,1.328,0.0,21.1,89.1,90.3,3.26
2025-09-30 02:00:00,1.33,0.0,22.6,89.8,89.0,3.3
2025-09-30 03:00:00,1.343,0.0,22.7,87.2,89.7,3.26
2025-09-30 04:00:00,1.357,0.0,23.0,86.5,91.6,3.44
2025-09-30 05:00:00,1.359,0.0,23.8,86.8,91.9,3.27
2025-09-30 06:00:00,1.36,0.0,23.2,84.5,92.1,3.28
2025-09-30 07:00:00,1.36,0.0,22.9,83.9,92.1,3.21
2025-09-30 08:00:00,1.349,0.0,22.5,84.1,91.3,3.21
2025-09-30 09:00:00,1.355,0.0,23.0,83.5,92.0,3.44
2025-09-30 10:00:00,1.339,0.0,21.7,90.6,88.7,3.26
2025-09-30 11:00:00,1.338,0.0,22.3,87.1,88.4,3.34
2025-09-30 12:00:00,1.326,0.0,20.2,89.7,87.9,3.12
2025-09-30 13:00:00,1.321,0.0,21.0,90.9,85.7,2.96
2025-09-30 14:00:00,1.386,0.96,19.8,93.0,85.9,3.86
2025-09-30 15:00:00,1.393,1.23,19.2,94.8,86.5,4.18
2025-09-30 16:00:00,1.399,1.44,18.6,95.6,84.6,4.28
2025-09-30 17:00:00,1.504,2.8,18.7,94.0,84.3,5.42
2025-09-30 18:00:00,1.388,1.27,18.5,94.7,83.0,4.07
2025-09-30 19:00:00,1.299,0.0,19.0,95.3,83.6,2.91
2025-09-30 20:00:00,1.299,0.0,18.9,94.0,84.2,2.89
2025-09-30 21:00:00,1.299,0.0,19.3,95.9,84.9,2.82
2025-09-30 22:00:00,1.316,0.0,19.6,93.2,87.0,3.28
2025-09-30 23:00:00,1.316,0.0,20.3,92.4,87.4,3.21
2025-10-01 00:00:00,1.018,0.0,19.2,85.5,77.2,1.61
2025-10-01 01:00:00,1.032,0.0,20.0,83.2,79.4,1.78
2025-10-01 02:00:00,1.039,0.0,21.3,83.2,79.2,1.69
2025-10-01 03:00:00,1.037,0.0,22.4,81.4,81.4,1.71
2025-10-01 04:00:00,1.051,0.0,22.4,80.9,80.3,1.77
2025-10-01 05:00:00,1.041,0.0,22.8,79.7,80.9,1.74
2025-10-01 06:00:00,1.046,0.0,23.5,80.1,81.7,1.76
2025-10-01 07:00:00,1.045,0.0,23.2,79.8,81.8,1.71
2025-10-01 08:00:00,1.042,0.0,22.3,80.6,81.5,1.76
2025-10-01 09:00:00,1.039,0.0,22.0,83.2,80.6,1.68
2025-10-01 10:00:00,1.033,0.0,20.8,82.1,79.9,1.69
2025-10-01 11:00:00,1.034,0.0,19.8,86.6,78.9,1.66
2025-10-01 12:00:00,1.025,0.0,19.1,85.5,78.2,1.73
2025-10-01 13:00:00,1.013,0.0,17.2,86.2,76.7,1.61
2025-10-01 14:00:00,1.025,0.0,16.3,86.1,75.9,1.47
2025-10-01 15:00:00,1.019,0.0,15.9,88.5,75.6,1.6
2025-10-01 16:00:00,1.013,0.0,15.1,87.9,75.1,1.57
2025-10-01 17:00:00,1.015,0.0,15.3,89.0,74.6,1.61
2025-10-01 18:00:00,1.011,0.0,14.6,91.6,75.1,1.53
2025-10-01 19:00:00,1.02,0.0,14.6,88.8,75.3,1.62
2025-10-01 20:00:00,1.024,0.0,16.1,89.6,75.1,1.73
2025-10-01 21:00:00,1.007,0.0,16.1,87.1,76.3,1.52
2025-10-01 22:00:00,1.013,0.0,17.0,87.0,75.6,1.58
2025-10-01 23:00:00,1.024,0.0,17.4,87.8,76.8,1.64
2025-10-02 00:00:00,1.033,0.0,18.8,84.4,77.3,1.75
2025-10-02 01:00:00,1.036,0.0,20.1,85.8,77.4,1.66
2025-10-02 02:00:00,1.033,0.0,20.5,83.7,79.0,1.67
2025-10-02 03:00:00,1.042,0.0,22.0,81.6,79.6,1.71
2025-10-02 04:00:00,1.037,0.0,22.2,82.2,80.9,1.73
2025-10-02 05:00:00,1.043,0.0,22.7,82.1,80.7,1.7
2025-10-02 06:00:00,1.045,0.0,22.8,81.6,80.0,1.71
2025-10-02 07:00:00,1.044,0.0,23.5,79.6,81.3,1.66
2025-10-02 08:00:00,1.043,0.0,22.5,80.8,80.7,1.75
2025-10-02 09:00:00,1.042,0.0,21.4,81.9,79.9,1.76
2025-10-02 10:00:00,1.033,0.0,21.3,82.9,78.8,1.61
2025-10-02 11:00:00,1.03,0.0,19.5,84.6,77.7,1.63
2025-10-02 12:00:00,1.025,0.0,19.1,85.2,77.2,1.65
2025-10-02 13:00:00,1.021,0.0,17.2,84.7,77.2,1.56
2025-10-02 14:00:00,1.017,0.0,16.5,87.4,76.8,1.62
2025-10-02 15:00:00,1.019,0.0,16.3,88.4,76.0,1.64
2025-10-02 16:00:00,1.014,0.0,15.8,89.0,74.5,1.58
2025-10-02 17:00:00,1.011,0.0,15.2,89.9,73.9,1.57
2025-10-02 18:00:00,1.01,0.0,15.0,89.8,74.4,1.52
2025-10-02 19:00:00,1.009,0.0,15.0,89.3,73.5,1.59
2025-10-02 20:00:00,1.014,0.0,14.9,88.4,74.9,1.52
2025-10-02 21:00:00,1.015,0.0,15.9,86.2,75.1,1.52
2025-10-02 22:00:00,1.019,0.0,16.8,87.4,75.5,1.57
2025-10-02 23:00:00,1.03,0.0,18.4,86.2,75.7,1.67
2025-10-03 00:00:00,1.031,0.0,19.1,85.3,77.5,1.77
2025-10-03 01:00:00,1.028,0.0,19.3,82.7,77.7,1.67
2025-10-03 02:00:00,1.03,0.0,21.1,81.9,78.1,1.68
2025-10-03 03:00:00,1.047,0.0,21.7,83.2,77.9,1.71
2025-10-03 04:00:00,1.038,0.0,22.2,81.5,79.7,1.69
2025-10-03 05:00:00,1.056,0.0,23.1,81.8,80.9,1.81
2025-10-03 06:00:00,1.041,0.0,23.4,81.0,81.0,1.78
2025-10-03 07:00:00,1.036,0.0,23.2,81.2,79.8,1.79
2025-10-03 08:00:00,1.047,0.0,22.1,82.5,79.4,1.82
2025-10-03 09:00:00,1.032,0.0,21.7,81.7,79.4,1.68
2025-10-03 10:00:00,1.035,0.0,21.1,83.1,78.1,1.63
2025-10-03 11:00:00,1.025,0.0,20.4,83.5,78.0,1.66
2025-10-03 12:00:00,1.03,0.0,18.8,84.6,77.4,1.73
2025-10-03 13:00:00,1.02,0.0,17.9,85.7,76.9,1.61
2025-10-03 14:00:00,1.011,0.0,16.6,87.2,75.4,1.65
2025-10-03 15:00:00,1.015,0.0,15.7,87.3,74.8,1.63
2025-10-03 16:00:00,1.015,0.0,15.9,89.7,73.9,1.66
2025-10-03 17:00:00,1.005,0.0,15.7,88.0,73.6,1.58
2025-10-03 18:00:00,1.009,0.0,15.0,88.8,73.8,1.67
2025-10-03 19:00:00,1.006,0.0,15.5,88.4,74.2,1.61
2025-10-03 20:00:00,1.014,0.0,15.7,89.9,74.8,1.6
2025-10-03 21:00:00,1.014,0.0,15.9,88.0,74.4,1.66
2025-10-03 22:00:00,1.02,0.0,17.1,88.0,76.1,1.54
2025-10-03 23:00:00,1.028,0.0,18.6,84.5,75.9,1.7
2025-10-04 00:00:00,1.03,0.0,19.0,85.3,76.8,1.6
2025-10-04 01:00:00,1.026,0.0,20.7,84.9,77.2,1.55
2025-10-04 02:00:00,1.037,0.0,20.0,83.1,77.1,1.62
2025-10-04 03:00:00,1.031,0.0,22.2,83.2,79.4,1.73
2025-10-04 04:00:00,1.047,0.0,22.5,81.0,79.7,1.72
2025-10-04 05:00:00,1.043,0.0,22.7,82.5,79.5,1.6
2025-10-04 06:00:00,1.049,0.0,23.0,83.3,79.8,1.71
2025-10-04 07:00:00,1.046,0.0,22.1,80.8,79.9,1.61
2025-10-04 08:00:00,1.046,0.0,22.4,81.1,78.5,1.7
2025-10-04 09:00:00,1.032,0.0,22.0,83.6,78.6,1.65
2025-10-04 10:00:00,1.033,0.0,21.6,84.6,78.6,1.73
2025-10-04 11:00:00,1.029,0.0,19.8,83.4,76.8,1.72
2025-10-04 12:00:00,1.028,0.0,18.7,84.6,76.8,1.7
2025-10-04 13:00:00,1.021,0.0,17.8,85.8,75.2,1.68
2025-10-04 14:00:00,1.012,0.0,17.4,85.7,75.3,1.59
2025-10-04 15:00:00,1.168,3.13,16.3,86.9,74.5,3.27
2025-10-04 16:00:00,1.189,3.42,15.3,87.5,73.2,3.2
2025-10-04 17:00:00,1.032,0.58,15.3,88.1,74.2,1.93
2025-10-04 18:00:00,1.151,3.02,15.0,89.0,73.2,3.28
2025-10-04 19:00:00,1.006,0.0,15.5,89.1,73.2,1.55
2025-10-04 20:00:00,1.008,0.0,15.3,90.0,74.0,1.51
2025-10-04 21:00:00,1.018,0.0,16.0,86.8,75.0,1.6
2025-10-04 22:00:00,1.017,0.0,16.8,88.0,74.5,1.55
2025-10-04 23:00:00,1.026,0.0,17.4,85.8,75.7,1.69
2025-10-05 00:00:00,1.026,0.0,19.1,85.0,76.7,1.7
2025-10-05 01:00:00,1.031,0.0,20.1,84.6,77.6,1.7
2025-10-05 02:00:00,1.027,0.0,21.0,81.9,78.0,1.67
2025-10-05 03:00:00,1.038,0.0,21.7,82.6,78.3,1.7
2025-10-05 04:00:00,1.042,0.0,21.9,81.7,78.6,1.72
2025-10-05 05:00:00,1.047,0.0,22.7,81.6,79.3,1.71
2025-10-05 06:00:00,1.047,0.0,22.9,81.3,78.8,1.8
2025-10-05 07:00:00,1.035,0.0,22.5,83.6,77.8,1.64
2025-10-05 08:00:00,1.038,0.0,22.4,80.9,79.1,1.64
2025-10-05 09:00:00,1.037,0.0,22.0,81.6,78.9,1.74
2025-10-05 10:00:00,1.041,0.0,21.8,82.4,76.6,1.72
2025-10-05 11:00:00,1.029,0.0,20.1,83.4,76.5,1.69
2025-10-05 12:00:00,1.015,0.0,19.1,84.4,76.6,1.54
2025-10-05 13:00:00,1.011,0.0,17.9,87.2,76.5,1.52
2025-10-05 14:00:00,1.013,0.0,16.2,88.4,74.7,1.66
2025-10-05 15:00:00,0.999,0.0,16.2,87.3,73.7,1.5
2025-10-05 16:00:00,1.014,0.0,15.6,87.6,73.5,1.61
2025-10-05 17:00:00,1.017,0.0,16.1,89.3,74.0,1.61
2025-10-05 18:00:00,1.01,0.0,14.9,88.4,72.8,1.48
2025-10-05 19:00:00,1.003,0.0,15.3,89.5,72.8,1.45
2025-10-05 20:00:00,1.013,0.0,15.5,88.7,73.3,1.6
2025-10-05 21:00:00,1.014,0.0,15.7,86.3,73.5,1.55
2025-10-05 22:00:00,1.012,0.0,17.5,88.5,74.7,1.59
2025-10-05 23:00:00,1.019,0.0,18.3,87.8,76.1,1.56
2025-10-06 00:00:00,1.024,0.0,19.3,84.4,76.2,1.6
2025-10-06 01:00:00,1.026,0.0,19.7,83.6,76.7,1.58
2025-10-06 02:00:00,1.037,0.0,21.6,83.3,77.4,1.77
2025-10-06 03:00:00,1.038,0.0,21.3,82.5,77.4,1.71
2025-10-06 04:00:00,1.045,0.0,22.7,82.2,79.0,1.74
2025-10-06 05:00:00,1.039,0.0,23.5,83.1,78.8,1.79
2025-10-06 06:00:00,1.04,0.0,22.6,80.8,78.9,1.74
2025-10-06 07:00:00,1.048,0.0,22.6,80.3,80.4,1.64
2025-10-06 08:00:00,1.04,0.0,22.5,80.2,78.7,1.71
2025-10-06 09:00:00,1.039,0.0,21.6,81.4,77.7,1.72
2025-10-06 10:00:00,1.038,0.0,20.4,83.0,77.2,1.7
2025-10-06 11:00:00,1.033,0.0,20.1,85.8,77.2,1.67
2025-10-06 12:00:00,1.021,0.0,18.6,84.5,75.9,1.62
2025-10-06 13:00:00,1.024,0.0,18.2,86.3,74.4,1.69
2025-10-06 14:00:00,1.071,1.03,16.6,87.0,74.8,2.32
2025-10-06 15:00:00,1.17,3.1,16.8,89.0,73.4,3.24
2025-10-06 16:00:00,1.083,1.35,15.2,91.0,74.1,2.43
2025-10-06 17:00:00,1.18,3.35,15.0,88.3,73.4,3.15
2025-10-06 18:00:00,1.009,0.0,15.3,88.5,72.6,1.6
2025-10-06 19:00:00,1.014,0.0,14.6,89.9,73.5,1.63
2025-10-06 20:00:00,1.016,0.0,15.6,89.1,73.2,1.59
2025-10-06 21:00:00,1.012,0.0,16.7,89.7,74.0,1.56
2025-10-06 22:00:00,1.018,0.0,16.4,87.6,74.5,1.52
2025-10-06 23:00:00,1.027,0.0,18.0,85.7,74.5,1.65
2025-10-07 00:00:00,1.023,0.0,19.1,85.6,75.4,1.5
2025-10-07 01:00:00,1.031,0.0,20.3,85.1,77.0,1.65
2025-10-07 02:00:00,1.03,0.0,20.5,83.8,77.0,1.63
2025-10-07 03:00:00,1.038,0.0,21.3,82.7,77.5,1.67
2025-10-07 04:00:00,1.044,0.0,22.7,82.6,77.7,1.68
2025-10-07 05:00:00,1.044,0.0,23.0,82.3,78.7,1.78
2025-10-07 06:00:00,1.044,0.0,23.1,82.4,79.6,1.74
2025-10-07 07:00:00,1.044,0.0,23.0,81.8,77.9,1.72
2025-10-07 08:00:00,1.041,0.0,22.2,81.4,78.2,1.68
2025-10-07 09:00:00,1.04,0.0,21.9,82.3,78.4,1.69
2025-10-07 10:00:00,1.042,0.0,21.1,84.2,77.0,1.76
2025-10-07 11:00:00,1.023,0.0,19.7,83.1,76.5,1.56
2025-10-07 12:00:00,1.024,0.0,19.7,85.4,75.0,1.61
2025-10-07 13:00:00,1.02,0.0,18.2,85.6,74.9,1.65
2025-10-07 14:00:00,1.018,0.0,16.5,87.0,73.9,1.62
2025-10-07 15:00:00,1.02,0.0,16.4,89.1,73.8,1.55
2025-10-07 16:00:00,1.011,0.0,15.1,88.7,73.4,1.55
2025-10-07 17:00:00,1.016,0.0,15.5,88.9,73.8,1.49
2025-10-07 18:00:00,0.997,0.0,15.5,87.6,72.7,1.53
2025-10-07 19:00:00,1.014,0.0,14.8,89.6,72.6,1.63
2025-10-07 20:00:00,1.006,0.0,15.9,89.1,72.9,1.63
2025-10-07 21:00:00,1.006,0.0,16.3,90.0,73.0,1.62
2025-10-07 22:00:00,1.011,0.0,17.3,86.7,74.0,1.56
2025-10-07 23:00:00,1.024,0.0,18.7,86.3,74.4,1.56
2025-10-08 00:00:00,1.033,0.0,18.9,85.2,75.4,1.65
2025-10-08 01:00:00,1.031,0.0,19.7,85.5,76.7,1.72
2025-10-08 02:00:00,1.03,0.0,20.6,82.9,76.3,1.71
2025-10-08 03:00:00,1.047,0.0,21.5,82.5,77.9,1.7
2025-10-08 04:00:00,1.048,0.0,22.4,82.1,78.5,1.65
2025-10-08 05:00:00,1.044,0.0,23.0,81.3,78.0,1.66
2025-10-08 06:00:00,1.047,0.0,23.1,80.6,77.1,1.78
2025-10-08 07:00:00,1.053,0.0,23.2,81.3,77.8,1.83
2025-10-08 08:00:00,1.041,0.0,22.5,82.6,78.4,1.65
2025-10-08 09:00:00,1.041,0.0,22.4,81.1,77.3,1.71
2025-10-08 10:00:00,1.041,0.0,20.9,83.1,76.1,1.6
2025-10-08 11:00:00,1.04,0.0,21.1,83.3,75.6,1.73
2025-10-08 12:00:00,1.021,0.0,19.3,86.2,75.5,1.66
2025-10-08 13:00:00,1.027,0.0,17.6,84.5,74.6,1.65
2025-10-08 14:00:00,1.007,0.0,16.6,86.4,73.4,1.54
2025-10-08 15:00:00,1.017,0.0,16.4,88.2,72.7,1.63
2025-10-08 16:00:00,1.008,0.0,15.4,90.0,72.2,1.63
2025-10-08 17:00:00,1.011,0.0,15.4,88.8,71.7,1.61
2025-10-08 18:00:00,1.006,0.0,15.2,88.4,72.8,1.53
2025-10-08 19:00:00,0.999,0.0,15.1,90.7,71.9,1.51
2025-10-08 20:00:00,1.015,0.0,15.2,87.0,73.0,1.58
2025-10-08 21:00:00,1.015,0.0,15.6,85.6,73.6,1.65
2025-10-08 22:00:00,1.018,0.0,16.8,87.4,73.9,1.63
2025-10-08 23:00:00,1.013,0.0,18.3,85.5,73.9,1.57
2025-10-09 00:00:00,1.034,0.0,19.1,84.0,75.1,1.68
2025-10-09 01:00:00,1.039,0.0,19.5,84.7,75.7,1.66
2025-10-09 02:00:00,1.035,0.0,21.1,83.2,75.9,1.66
2025-10-09 03:00:00,1.041,0.0,22.0,81.6,77.1,1.75
2025-10-09 04:00:00,1.043,0.0,22.1,80.3,76.8,1.77
2025-10-09 05:00:00,1.043,0.0,22.9,82.0,78.3,1.71
2025-10-09 06:00:00,1.034,0.0,23.0,81.7,77.6,1.71
2025-10-09 07:00:00,1.043,0.0,22.4,81.0,77.8,1.72
2025-10-09 08:00:00,1.04,0.0,22.6,83.4,77.5,1.7
2025-10-09 09:00:00,1.036,0.0,22.1,81.1,76.7,1.66
2025-10-09 10:00:00,1.035,0.0,21.4,81.5,76.5,1.71
2025-10-09 11:00:00,1.025,0.0,20.5,83.3,75.3,1.62
2025-10-09 12:00:00,1.024,0.0,18.4,85.0,75.1,1.63
2025-10-09 13:00:00,1.019,0.0,17.6,86.3,73.2,1.64
2025-10-09 14:00:00,1.007,0.0,17.2,86.8,73.2,1.48
2025-10-09 15:00:00,1.014,0.0,16.4,88.2,73.5,1.56
2025-10-09 16:00:00,1.013,0.0,15.7,87.2,71.5,1.64
2025-10-09 17:00:00,1.008,0.0,16.7,90.3,71.4,1.51
2025-10-09 18:00:00,1.012,0.0,15.2,88.9,71.9,1.59
2025-10-09 19:00:00,1.0,0.0,15.6,90.0,71.8,1.45
2025-10-09 20:00:00,1.017,0.0,15.9,88.8,72.2,1.67
2025-10-09 21:00:00,0.999,0.0,16.4,88.3,72.7,1.45
2025-10-09 22:00:00,1.022,0.0,16.9,87.6,73.4,1.62
2025-10-09 23:00:00,1.024,0.0,18.3,86.5,74.3,1.63
2025-10-10 00:00:00,1.028,0.0,18.7,85.6,74.7,1.65
2025-10-10 01:00:00,1.027,0.0,19.9,85.3,75.2,1.7
2025-10-10 02:00:00,1.035,0.0,20.8,83.2,76.3,1.71
2025-10-10 03:00:00,1.039,0.0,21.9,82.9,77.5,1.68
2025-10-10 04:00:00,1.048,0.0,23.4,81.4,77.0,1.76
2025-10-10 05:00:00,1.04,0.0,22.1,82.6,76.8,1.77
2025-10-10 06:00:00,1.036,0.0,23.3,80.3,78.0,1.8
2025-10-10 07:00:00,1.041,0.0,22.2,82.9,77.2,1.65
2025-10-10 08:00:00,1.048,0.0,22.3,81.5,75.9,1.72
2025-10-10 09:00:00,1.039,0.0,22.3,80.7,76.9,1.74
2025-10-10 10:00:00,1.039,0.0,21.0,83.1,75.6,1.72
2025-10-10 11:00:00,1.026,0.0,19.6,83.3,75.1,1.65
2025-10-10 12:00:00,1.022,0.0,18.7,85.8,74.5,1.64
2025-10-10 13:00:00,1.028,0.0,18.2,85.4,73.6,1.69
2025-10-10 14:00:00,1.017,0.0,16.7,86.6,73.1,1.64
2025-10-10 15:00:00,1.015,0.0,16.3,85.9,71.9,1.54
2025-10-10 16:00:00,1.009,0.0,15.6,88.0,71.9,1.69
2025-10-10 17:00:00,1.013,0.0,14.9,86.4,71.2,1.56
2025-10-10 18:00:00,1.004,0.0,15.9,87.4,71.6,1.51
2025-10-10 19:00:00,1.011,0.0,15.4,89.6,71.6,1.66
2025-10-10 20:00:00,1.011,0.0,14.7,89.2,71.1,1.58
2025-10-10 21:00:00,1.01,0.0,16.2,88.3,72.6,1.59
2025-10-10 22:00:00,1.011,0.0,16.7,86.0,72.4,1.48
2025-10-10 23:00:00,1.028,0.0,18.3,86.0,73.8,1.6
2025-10-11 00:00:00,1.023,0.0,18.7,85.0,74.3,1.66
2025-10-11 01:00:00,1.037,0.0,20.0,82.8,75.8,1.7
2025-10-11 02:00:00,1.027,0.0,21.2,84.5,75.5,1.63
2025-10-11 03:00:00,1.033,0.0,22.2,83.0,76.0,1.67
2025-10-11 04:00:00,1.046,0.0,22.0,81.3,76.7,1.6
2025-10-11 05:00:00,1.039,0.0,22.7,81.2,76.8,1.68
2025-10-11 06:00:00,1.036,0.0,22.8,81.2,77.4,1.72
2025-10-11 07:00:00,1.034,0.0,22.6,79.1,76.1,1.61
2025-10-11 08:00:00,1.043,0.0,23.2,81.3,76.1,1.79
2025-10-11 09:00:00,1.036,0.0,22.0,81.5,75.6,1.63
2025-10-11 10:00:00,1.03,0.0,20.5,82.0,75.9,1.71
2025-10-11 11:00:00,1.03,0.0,20.4,83.7,75.6,1.66
2025-10-11 12:00:00,1.025,0.0,19.8,86.8,73.9,1.64
2025-10-11 13:00:00,1.027,0.0,18.4,86.7,73.1,1.61
2025-10-11 14:00:00,1.011,0.0,16.4,86.4,72.4,1.5
2025-10-11 15:00:00,1.009,0.0,16.0,88.4,72.3,1.51
2025-10-11 16:00:00,1.009,0.0,16.0,89.9,70.8,1.57
2025-10-11 17:00:00,1.001,0.0,14.9,89.8,71.1,1.56
2025-10-11 18:00:00,1.014,0.0,15.2,89.1,71.3,1.61
2025-10-11 19:00:00,0.994,0.0,15.4,88.2,71.2,1.6
2025-10-11 20:00:00,1.012,0.0,15.2,89.2,71.3,1.68
2025-10-11 21:00:00,1.017,0.0,16.1,88.2,72.2,1.67
2025-10-11 22:00:00,1.014,0.0,15.7,87.9,70.9,1.58
2025-10-11 23:00:00,1.021,0.0,17.6,86.7,73.3,1.59
2025-10-12 00:00:00,1.026,0.0,18.9,86.0,73.4,1.51
2025-10-12 01:00:00,1.028,0.0,19.5,83.4,73.6,1.72
2025-10-12 02:00:00,1.033,0.0,21.7,84.3,75.5,1.76
2025-10-12 03:00:00,1.036,0.0,21.3,82.4,76.5,1.74
2025-10-12 04:00:00,1.035,0.0,22.3,83.6,76.2,1.73
2025-10-12 05:00:00,1.043,0.0,22.9,80.4,77.0,1.71
2025-10-12 06:00:00,1.03,0.0,23.5,82.7,77.5,1.65
2025-10-12 07:00:00,1.043,0.0,22.3,81.3,77.2,1.76
2025-10-12 08:00:00,1.048,0.0,22.9,80.9,77.0,1.84
2025-10-12 09:00:00,1.043,0.0,21.8,81.7,76.1,1.69
2025-10-12 10:00:00,1.031,0.0,20.6,82.7,75.1,1.7
2025-10-12 11:00:00,1.03,0.0,20.2,84.4,73.5,1.74
2025-10-12 12:00:00,1.036,0.0,19.1,85.5,73.4,1.8
2025-10-12 13:00:00,1.026,0.0,17.7,85.5,72.3,1.67
2025-10-12 14:00:00,1.022,0.0,17.0,87.0,73.1,1.71
2025-10-12 15:00:00,1.01,0.0,16.0,90.0,71.3,1.54
2025-10-12 16:00:00,1.004,0.0,15.6,90.2,70.9,1.5
2025-10-12 17:00:00,1.089,1.79,15.4,89.3,70.8,2.65
2025-10-12 18:00:00,1.161,3.21,15.6,89.0,70.5,3.16
2025-10-12 19:00:00,1.162,3.04,14.6,89.0,71.4,3.21
2025-10-12 20:00:00,1.095,1.7,16.4,89.1,70.5,2.7
2025-10-12 21:00:00,1.015,0.0,15.4,86.8,71.4,1.67
2025-10-12 22:00:00,1.014,0.0,16.9,86.7,71.5,1.67
2025-10-12 23:00:00,1.02,0.0,18.2,84.4,71.9,1.62
2025-10-13 00:00:00,1.03,0.0,19.1,85.4,73.0,1.62
2025-10-13 01:00:00,1.038,0.0,19.8,84.6,74.1,1.68
2025-10-13 02:00:00,1.026,0.0,20.9,82.5,74.6,1.67
2025-10-13 03:00:00,1.034,0.0,21.6,83.7,75.1,1.78
2025-10-13 04:00:00,1.036,0.0,22.2,80.3,75.2,1.7
2025-10-13 05:00:00,1.033,0.0,23.2,79.7,76.1,1.72
2025-10-13 06:00:00,1.037,0.0,23.1,81.2,75.5,1.72
2025-10-13 07:00:00,1.039,0.0,22.6,82.2,76.5,1.6
2025-10-13 08:00:00,1.04,0.0,22.8,83.2,75.9,1.71
2025-10-13 09:00:00,1.04,0.0,22.0,81.7,74.6,1.78
2025-10-13 10:00:00,1.042,0.0,21.3,84.1,74.5,1.76
2025-10-13 11:00:00,1.029,0.0,20.3,83.9,73.6,1.58
2025-10-13 12:00:00,1.024,0.0,18.7,84.8,73.3,1.65
2025-10-13 13:00:00,1.018,0.0,17.7,86.9,73.0,1.64
2025-10-13 14:00:00,1.019,0.0,17.3,87.7,70.7,1.57
2025-10-13 15:00:00,1.006,0.0,16.4,86.3,71.0,1.55
2025-10-13 16:00:00,1.004,0.0,15.5,89.9,70.4,1.46
2025-10-13 17:00:00,1.001,0.0,15.2,90.2,70.5,1.47
2025-10-13 18:00:00,1.011,0.0,15.5,88.4,70.2,1.66
2025-10-13 19:00:00,1.0,0.0,14.9,89.3,69.8,1.55
2025-10-13 20:00:00,1.012,0.0,15.8,89.0,70.3,1.5
2025-10-13 21:00:00,1.011,0.0,16.1,88.1,70.5,1.7
2025-10-13 22:00:00,1.018,0.0,16.9,86.4,72.0,1.59
2025-10-13 23:00:00,1.016,0.0,18.4,85.4,72.2,1.49
2025-10-14 00:00:00,1.026,0.0,19.3,85.0,73.9,1.74
2025-10-14 01:00:00,1.024,0.0,20.4,85.1,73.7,1.53
2025-10-14 02:00:00,1.028,0.0,21.5,83.5,74.1,1.7
2025-10-14 03:00:00,1.033,0.0,21.8,81.8,74.3,1.63
2025-10-14 04:00:00,1.038,0.0,22.7,82.3,74.6,1.71
2025-10-14 05:00:00,1.033,0.0,22.7,78.3,75.0,1.66
2025-10-14 06:00:00,1.039,0.0,23.1,82.1,76.0,1.67
2025-10-14 07:00:00,1.035,0.0,22.8,79.4,76.0,1.73
2025-10-14 08:00:00,1.034,0.0,22.5,81.2,74.6,1.58
2025-10-14 09:00:00,1.037,0.0,22.1,81.1,75.4,1.73
2025-10-14 10:00:00,1.028,0.0,20.7,81.7,74.1,1.62
2025-10-14 11:00:00,1.024,0.0,20.9,85.1,73.6,1.62
2025-10-14 12:00:00,1.029,0.0,18.6,84.5,73.6,1.65
2025-10-14 13:00:00,1.023,0.0,17.5,86.4,72.4,1.58
2025-10-14 14:00:00,1.012,0.0,17.5,87.0,71.1,1.63
2025-10-14 15:00:00,1.006,0.0,16.5,88.3,70.2,1.6
2025-10-14 16:00:00,1.003,0.0,15.8,88.5,69.0,1.52
2025-10-14 17:00:00,1.013,0.0,15.4,87.6,69.4,1.56
2025-10-14 18:00:00,1.005,0.0,15.0,90.0,69.6,1.58
2025-10-14 19:00:00,1.006,0.0,14.8,88.4,69.3,1.56
2025-10-14 20:00:00,1.007,0.0,15.6,86.9,70.0,1.49
2025-10-14 21:00:00,1.012,0.0,15.9,87.4,70.5,1.54
2025-10-14 22:00:00,1.017,0.0,17.4,88.5,71.0,1.67
2025-10-14 23:00:00,1.009,0.0,17.9,86.9,71.5,1.63
2025-10-15 00:00:00,1.021,0.0,18.7,84.7,72.7,1.61
2025-10-15 01:00:00,1.023,0.0,19.9,83.6,73.6,1.64
2025-10-15 02:00:00,1.031,0.0,21.2,82.7,73.5,1.72
2025-10-15 03:00:00,1.032,0.0,21.6,84.2,75.4,1.75
2025-10-15 04:00:00,1.041,0.0,22.1,81.9,75.1,1.72
2025-10-15 05:00:00,1.039,0.0,23.0,81.6,75.4,1.69
2025-10-15 06:00:00,1.04,0.0,23.1,82.0,75.8,1.71
2025-10-15 07:00:00,1.039,0.0,22.7,81.4,75.5,1.67
2025-10-15 08:00:00,1.039,0.0,22.3,81.3,75.5,1.66
2025-10-15 09:00:00,1.037,0.0,21.9,82.0,74.7,1.68
2025-10-15 10:00:00,1.035,0.0,20.4,82.9,73.6,1.73
2025-10-15 11:00:00,1.032,0.0,19.5,83.9,73.4,1.69
2025-10-15 12:00:00,1.024,0.0,18.7,85.7,71.8,1.62
2025-10-15 13:00:00,1.021,0.0,17.9,86.1,71.6,1.66
2025-10-15 14:00:00,1.006,0.0,17.1,87.7,70.8,1.57
2025-10-15 15:00:00,1.016,0.0,16.8,87.7,70.1,1.58
2025-10-15 16:00:00,1.004,0.0,15.9,88.5,69.7,1.52
2025-10-15 17:00:00,0.996,0.0,15.1,86.9,68.5,1.52
2025-10-15 18:00:00,1.004,0.0,15.0,89.9,69.0,1.55
2025-10-15 19:00:00,1.007,0.0,14.7,89.2,69.4,1.52
2025-10-15 20:00:00,1.008,0.0,15.5,89.5,69.7,1.58
2025-10-15 21:00:00,1.007,0.0,16.1,84.9,69.6,1.58
2025-10-15 22:00:00,1.014,0.0,17.1,89.1,71.4,1.56
2025-10-15 23:00:00,1.019,0.0,17.6,85.9,71.0,1.59
2025-10-16 00:00:00,1.026,0.0,19.2,86.1,72.7,1.63
2025-10-16 01:00:00,1.021,0.0,20.6,82.9,73.2,1.63
2025-10-16 02:00:00,1.032,0.0,21.0,83.6,73.3,1.61
2025-10-16 03:00:00,1.04,0.0,22.0,81.1,75.2,1.74
2025-10-16 04:00:00,1.033,0.0,22.7,80.9,74.1,1.64
2025-10-16 05:00:00,1.039,0.0,22.7,83.1,75.5,1.66
2025-10-16 06:00:00,1.044,0.0,23.1,80.8,75.6,1.73
2025-10-16 07:00:00,1.034,0.0,22.9,81.4,74.6,1.64
2025-10-16 08:00:00,1.044,0.0,22.5,82.4,75.4,1.8
2025-10-16 09:00:00,1.037,0.0,21.5,82.7,74.0,1.68
2025-10-16 10:00:00,1.029,0.0,21.0,83.2,73.7,1.68
2025-10-16 11:00:00,1.027,0.0,20.2,84.3,72.9,1.57
2025-10-16 12:00:00,1.027,0.0,19.6,87.4,71.9,1.71
2025-10-16 13:00:00,1.021,0.0,18.3,86.0,71.6,1.57
2025-10-16 14:00:00,1.01,0.0,17.9,87.2,70.9,1.48
2025-10-16 15:00:00,1.016,0.0,15.9,88.9,69.0,1.58
2025-10-16 16:00:00,1.019,0.0,15.9,89.6,70.0,1.71
2025-10-16 17:00:00,0.999,0.0,15.2,90.1,68.2,1.49
2025-10-16 18:00:00,1.007,0.0,15.9,89.6,69.4,1.47
2025-10-16 19:00:00,1.003,0.0,14.8,87.7,69.6,1.51
2025-10-16 20:00:00,1.015,0.0,15.2,90.1,68.7,1.6
2025-10-16 21:00:00,1.007,0.0,15.9,86.7,69.5,1.53
2025-10-16 22:00:00,1.017,0.0,16.2,87.3,69.8,1.58
2025-10-16 23:00:00,1.017,0.0,17.8,85.3,70.9,1.57
2025-10-17 00:00:00,1.014,0.0,18.7,84.9,71.7,1.54
2025-10-17 01:00:00,1.024,0.0,20.1,84.3,73.0,1.62
2025-10-17 02:00:00,1.03,0.0,21.1,83.3,73.9,1.66
2025-10-17 03:00:00,1.033,0.0,22.6,82.6,74.6,1.74
2025-10-17 04:00:00,1.042,0.0,22.8,83.1,74.1,1.71
2025-10-17 05:00:00,1.04,0.0,22.6,81.6,74.5,1.69
2025-10-17 06:00:00,1.025,0.0,22.6,80.8,73.9,1.64
2025-10-17 07:00:00,1.04,0.0,23.1,82.1,74.2,1.63
2025-10-17 08:00:00,1.04,0.0,21.9,82.7,74.8,1.69
2025-10-17 09:00:00,1.037,0.0,22.6,80.9,74.6,1.68
2025-10-17 10:00:00,1.036,0.0,21.5,83.6,72.5,1.7
2025-10-17 11:00:00,1.031,0.0,19.8,84.7,72.1,1.72
2025-10-17 12:00:00,1.016,0.0,18.3,84.7,71.6,1.56
2025-10-17 13:00:00,1.019,0.0,18.5,87.4,71.0,1.59
2025-10-17 14:00:00,1.08,1.39,17.0,86.8,69.7,2.51
2025-10-17 15:00:00,1.122,2.28,16.7,88.0,69.7,2.94
2025-10-17 16:00:00,1.031,0.6,14.9,88.3,68.7,2.02
2025-10-17 17:00:00,1.124,2.41,14.9,88.9,68.6,2.98
2025-10-17 18:00:00,0.995,0.0,15.0,87.9,68.8,1.47
2025-10-17 19:00:00,1.003,0.0,15.2,87.4,68.6,1.59
2025-10-17 20:00:00,1.01,0.0,15.4,90.1,68.7,1.57
2025-10-17 21:00:00,1.006,0.0,16.4,87.0,69.3,1.57
2025-10-17 22:00:00,1.004,0.0,16.6,86.0,69.9,1.64
2025-10-17 23:00:00,1.02,0.0,17.9,83.9,70.5,1.66
2025-10-18 00:00:00,1.016,0.0,19.0,84.4,71.3,1.66
2025-10-18 01:00:00,1.025,0.0,20.2,82.6,73.0,1.59
2025-10-18 02:00:00,1.03,0.0,21.3,84.6,73.2,1.66
2025-10-18 03:00:00,1.029,0.0,21.4,83.2,73.3,1.61
2025-10-18 04:00:00,1.032,0.0,21.9,80.8,74.3,1.62
2025-10-18 05:00:00,1.037,0.0,23.4,83.4,74.1,1.62
2025-10-18 06:00:00,1.036,0.0,23.1,82.0,74.9,1.74
2025-10-18 07:00:00,1.043,0.0,22.6,80.8,74.4,1.67
2025-10-18 08:00:00,1.042,0.0,23.1,79.0,73.8,1.61
2025-10-18 09:00:00,1.046,0.0,21.9,84.5,73.6,1.8
2025-10-18 10:00:00,1.027,0.0,21.5,81.6,72.0,1.66
2025-10-18 11:00:00,1.018,0.0,20.1,82.3,71.5,1.61
2025-10-18 12:00:00,1.02,0.0,19.8,86.0,70.6,1.57
2025-10-18 13:00:00,1.014,0.0,18.7,88.5,70.5,1.56
2025-10-18 14:00:00,1.007,0.0,16.9,88.4,70.6,1.52
2025-10-18 15:00:00,1.002,0.0,16.6,88.4,70.2,1.58
2025-10-18 16:00:00,1.001,0.0,15.8,89.1,68.9,1.47
2025-10-18 17:00:00,1.008,0.0,15.7,89.7,68.5,1.58
2025-10-18 18:00:00,1.006,0.0,14.6,89.8,67.2,1.6
2025-10-18 19:00:00,1.013,0.0,15.4,89.1,67.9,1.58
2025-10-18 20:00:00,0.998,0.0,16.0,88.6,68.1,1.53
2025-10-18 21:00:00,1.005,0.0,15.5,87.8,68.6,1.5
2025-10-18 22:00:00,1.012,0.0,16.5,86.2,69.5,1.62
2025-10-18 23:00:00,1.012,0.0,17.1,85.8,70.0,1.64
2025-10-19 00:00:00,1.015,0.0,18.9,83.3,70.0,1.58
2025-10-19 01:00:00,1.028,0.0,20.3,83.9,72.2,1.63
2025-10-19 02:00:00,1.021,0.0,21.6,82.0,72.0,1.66
2025-10-19 03:00:00,1.031,0.0,21.9,81.1,73.2,1.7
2025-10-19 04:00:00,1.031,0.0,23.1,81.7,74.6,1.61
2025-10-19 05:00:00,1.042,0.0,22.3,82.5,73.4,1.73
2025-10-19 06:00:00,1.035,0.0,22.3,81.9,72.7,1.7
2025-10-19 07:00:00,1.033,0.0,22.8,79.6,73.7,1.68
2025-10-19 08:00:00,1.038,0.0,22.6,80.5,74.1,1.68
2025-10-19 09:00:00,1.03,0.0,21.8,83.1,74.0,1.67
2025-10-19 10:00:00,1.029,0.0,20.2,82.0,71.8,1.63
2025-10-19 11:00:00,1.021,0.0,20.0,83.7,71.9,1.62
2025-10-19 12:00:00,1.018,0.0,18.5,85.6,70.6,1.56
2025-10-19 13:00:00,1.016,0.0,18.2,85.1,70.0,1.68
2025-10-19 14:00:00,1.011,0.0,17.1,87.1,70.6,1.65
2025-10-19 15:00:00,1.018,0.0,15.8,86.5,67.9,1.56
2025-10-19 16:00:00,1.106,2.02,15.3,87.9,68.3,2.92
2025-10-19 17:00:00,1.089,1.73,14.7,89.2,68.1,2.62
2025-10-19 18:00:00,1.142,2.93,15.0,87.4,68.3,3.17
2025-10-19 19:00:00,1.157,3.01,15.5,89.3,67.9,3.32
2025-10-19 20:00:00,1.004,0.0,15.1,88.4,68.3,1.46
2025-10-19 21:00:00,1.001,0.0,16.4,88.4,68.4,1.53
2025-10-19 22:00:00,1.018,0.0,16.8,87.2,69.3,1.64
2025-10-19 23:00:00,1.018,0.0,17.6,87.4,69.7,1.67
2025-10-20 00:00:00,1.017,0.0,19.0,85.1,71.0,1.6
2025-10-20 01:00:00,1.023,0.0,19.6,83.5,71.2,1.61
2025-10-20 02:00:00,1.025,0.0,20.8,83.1,72.3,1.62
2025-10-20 03:00:00,1.033,0.0,21.3,82.7,72.7,1.66
2025-10-20 04:00:00,1.036,0.0,23.2,81.6,73.7,1.71
2025-10-20 05:00:00,1.044,0.0,22.9,81.2,73.4,1.79
2025-10-20 06:00:00,1.041,0.0,22.7,80.3,72.7,1.65
2025-10-20 07:00:00,1.037,0.0,22.9,80.5,74.1,1.68
2025-10-20 08:00:00,1.032,0.0,22.4,80.1,72.7,1.69
2025-10-20 09:00:00,1.025,0.0,21.7,83.9,72.3,1.72
2025-10-20 10:00:00,1.035,0.0,21.2,81.8,71.7,1.71
2025-10-20 11:00:00,1.026,0.0,20.3,83.3,71.9,1.7
2025-10-20 12:00:00,1.023,0.0,18.8,84.3,69.4,1.68
2025-10-20 13:00:00,1.017,0.0,17.7,86.9,71.2,1.69
2025-10-20 14:00:00,1.018,0.0,16.9,86.7,69.4,1.63
2025-10-20 15:00:00,1.155,2.82,15.3,89.1,68.4,3.18
2025-10-20 16:00:00,1.077,1.56,14.9,87.8,67.8,2.51
2025-10-20 17:00:00,1.152,2.97,15.7,89.1,67.6,3.19
2025-10-20 18:00:00,1.111,2.05,15.7,88.2,67.6,2.85
2025-10-20 19:00:00,1.005,0.0,15.0,91.0,67.8,1.53
2025-10-20 20:00:00,1.009,0.0,15.8,87.3,68.0,1.6
2025-10-20 21:00:00,1.012,0.0,16.3,88.1,68.2,1.55
2025-10-20 22:00:00,1.018,0.0,18.2,87.6,68.7,1.7
2025-10-20 23:00:00,1.02,0.0,18.4,86.4,69.4,1.57
2025-10-21 00:00:00,1.016,0.0,18.9,84.8,70.2,1.58
2025-10-21 01:00:00,1.023,0.0,19.7,83.8,71.6,1.62
2025-10-21 02:00:00,1.033,0.0,20.4,83.0,72.0,1.69
2025-10-21 03:00:00,1.032,0.0,21.9,82.0,70.9,1.66
2025-10-21 04:00:00,1.036,0.0,22.2,82.5,73.1,1.73
2025-10-21 05:00:00,1.028,0.0,22.3,83.3,73.2,1.65
2025-10-21 06:00:00,1.04,0.0,22.7,80.4,73.2,1.74
2025-10-21 07:00:00,1.032,0.0,22.4,79.8,72.8,1.62
2025-10-21 08:00:00,1.039,0.0,23.1,81.4,73.3,1.61
2025-10-21 09:00:00,1.04,0.0,22.2,84.8,72.7,1.72
2025-10-21 10:00:00,1.037,0.0,21.0,82.2,71.2,1.63
2025-10-21 11:00:00,1.023,0.0,20.6,85.6,71.1,1.51
2025-10-21 12:00:00,1.016,0.0,19.0,86.7,69.6,1.59
2025-10-21 13:00:00,1.005,0.0,17.6,85.5,68.6,1.53
2025-10-21 14:00:00,1.001,0.0,17.6,87.6,68.2,1.52
2025-10-21 15:00:00,1.013,0.0,16.4,89.5,68.3,1.58
2025-10-21 16:00:00,1.013,0.0,15.1,88.1,67.9,1.62
2025-10-21 17:00:00,1.01,0.0,15.1,88.7,67.3,1.53
2025-10-21 18:00:00,0.998,0.0,14.6,88.4,67.3,1.54
2025-10-21 19:00:00,0.995,0.0,14.6,87.8,67.3,1.53
2025-10-21 20:00:00,1.002,0.0,15.9,87.8,67.0,1.6
2025-10-21 21:00:00,1.011,0.0,16.9,86.6,68.0,1.63
2025-10-21 22:00:00,1.008,0.0,16.4,87.0,68.8,1.61
2025-10-21 23:00:00,1.023,0.0,18.2,85.3,69.5,1.63
2025-10-22 00:00:00,1.017,0.0,18.7,85.2,70.5,1.56
2025-10-22 01:00:00,1.031,0.0,19.8,82.4,71.0,1.8
2025-10-22 02:00:00,1.024,0.0,20.8,83.3,71.5,1.58
2025-10-22 03:00:00,1.038,0.0,21.5,83.0,72.5,1.66
2025-10-22 04:00:00,1.04,0.0,22.5,79.5,72.4,1.73
2025-10-22 05:00:00,1.037,0.0,22.5,81.5,72.2,1.71
2025-10-22 06:00:00,1.04,0.0,23.1,82.2,72.7,1.69
2025-10-22 07:00:00,1.028,0.0,22.8,79.9,72.3,1.66
2025-10-22 08:00:00,1.043,0.0,22.4,83.2,72.0,1.64
2025-10-22 09:00:00,1.028,0.0,21.5,82.6,71.8,1.67
2025-10-22 10:00:00,1.029,0.0,20.8,82.3,70.8,1.67
2025-10-22 11:00:00,1.021,0.0,20.3,83.9,70.3,1.68
2025-10-22 12:00:00,1.019,0.0,19.2,85.6,68.7,1.65
2025-10-22 13:00:00,1.017,0.0,17.6,86.1,69.0,1.61
2025-10-22 14:00:00,1.014,0.0,17.0,87.5,68.1,1.6
2025-10-22 15:00:00,1.001,0.0,16.5,86.9,67.1,1.58
2025-10-22 16:00:00,1.008,0.0,14.9,88.6,67.3,1.46
2025-10-22 17:00:00,1.088,1.78,15.4,87.4,67.2,2.68
2025-10-22 18:00:00,1.022,0.61,14.7,88.9,65.8,1.92
2025-10-22 19:00:00,1.045,0.88,15.4,88.0,66.3,2.15
2025-10-22 20:00:00,1.143,2.8,15.2,87.7,66.6,3.16
2025-10-22 21:00:00,1.008,0.0,15.4,89.1,66.9,1.56
2025-10-22 22:00:00,1.007,0.0,16.3,88.1,68.4,1.67
2025-10-22 23:00:00,1.01,0.0,18.0,86.6,68.6,1.46
2025-10-23 00:00:00,1.027,0.0,19.1,83.9,69.4,1.62
2025-10-23 01:00:00,1.022,0.0,19.7,83.6,69.2,1.6
2025-10-23 02:00:00,1.026,0.0,21.3,84.2,71.3,1.6
2025-10-23 03:00:00,1.027,0.0,21.2,82.3,70.9,1.65
2025-10-23 04:00:00,1.033,0.0,22.4,83.9,72.0,1.71
2025-10-23 05:00:00,1.039,0.0,22.4,81.5,72.4,1.66
2025-10-23 06:00:00,1.039,0.0,22.7,81.2,73.1,1.68
2025-10-23 07:00:00,1.031,0.0,22.9,80.8,71.6,1.7
2025-10-23 08:00:00,1.033,0.0,22.1,81.7,70.4,1.65
2025-10-23 09:00:00,1.028,0.0,21.7,82.0,71.6,1.6
2025-10-23 10:00:00,1.039,0.0,21.4,83.7,71.7,1.72
2025-10-23 11:00:00,1.019,0.0,19.8,84.9,70.7,1.63
2025-10-23 12:00:00,1.025,0.0,19.3,84.2,69.4,1.64
2025-10-23 13:00:00,1.021,0.0,17.5,84.7,68.3,1.54
2025-10-23 14:00:00,1.035,0.68,17.2,85.2,68.2,1.97
2025-10-23 15:00:00,1.087,1.59,16.7,88.3,66.6,2.38
2025-10-23 16:00:00,1.134,2.67,14.5,87.4,66.9,3.15
2025-10-23 17:00:00,1.05,1.1,14.8,86.7,66.6,2.14
2025-10-23 18:00:00,1.005,0.0,15.2,89.4,66.7,1.5
2025-10-23 19:00:00,0.998,0.0,15.1,91.4,67.7,1.44
2025-10-23 20:00:00,1.01,0.0,15.7,88.5,66.8,1.59
2025-10-23 21:00:00,0.994,0.0,15.9,88.7,66.8,1.45
2025-10-23 22:00:00,1.013,0.0,17.0,87.1,67.6,1.65
2025-10-23 23:00:00,1.018,0.0,17.9,85.9,67.5,1.59
2025-10-24 00:00:00,1.009,0.0,19.5,85.9,68.7,1.61
2025-10-24 01:00:00,1.022,0.0,20.1,83.7,69.7,1.63
2025-10-24 02:00:00,1.027,0.0,21.1,83.3,70.3,1.58
2025-10-24 03:00:00,1.034,0.0,21.7,82.5,71.2,1.69
2025-10-24 04:00:00,1.032,0.0,22.3,80.9,71.2,1.69
2025-10-24 05:00:00,1.03,0.0,22.7,82.1,72.5,1.65
2025-10-24 06:00:00,1.037,0.0,23.2,80.8,72.0,1.61
2025-10-24 07:00:00,1.036,0.0,22.7,80.4,71.9,1.72
2025-10-24 08:00:00,1.033,0.0,22.6,82.1,71.4,1.67
2025-10-24 09:00:00,1.035,0.0,22.7,81.3,71.2,1.66
2025-10-24 10:00:00,1.027,0.0,21.3,83.0,70.8,1.59
2025-10-24 11:00:00,1.023,0.0,19.9,84.0,69.3,1.61
2025-10-24 12:00:00,1.021,0.0,19.5,86.1,68.6,1.65
2025-10-24 13:00:00,1.018,0.0,17.8,86.5,68.0,1.58
2025-10-24 14:00:00,0.998,0.0,16.2,87.0,66.7,1.55
2025-10-24 15:00:00,1.008,0.0,15.8,88.6,66.3,1.53
2025-10-24 16:00:00,1.006,0.0,14.8,89.9,66.0,1.48
2025-10-24 17:00:00,1.007,0.0,15.0,89.4,66.4,1.54
2025-10-24 18:00:00,1.067,1.41,15.0,89.0,65.9,2.36
2025-10-24 19:00:00,1.06,1.19,15.8,87.6,66.0,2.27
2025-10-24 20:00:00,1.029,0.5,15.7,87.4,66.6,1.84
2025-10-24 21:00:00,1.141,2.69,16.1,87.5,66.6,3.2
2025-10-24 22:00:00,1.007,0.0,17.3,86.4,67.4,1.52
2025-10-24 23:00:00,1.017,0.0,17.1,85.8,67.9,1.63
2025-10-25 00:00:00,1.019,0.0,19.1,85.1,68.8,1.66
2025-10-25 01:00:00,1.013,0.0,20.3,84.5,69.2,1.56
2025-10-25 02:00:00,1.021,0.0,20.4,82.9,69.0,1.73
2025-10-25 03:00:00,1.035,0.0,22.3,82.7,70.7,1.68
2025-10-25 04:00:00,1.039,0.0,22.6,81.6,72.0,1.76
2025-10-25 05:00:00,1.042,0.0,22.7,79.2,72.0,1.76
2025-10-25 06:00:00,1.036,0.0,23.3,80.1,72.1,1.66
2025-10-25 07:00:00,1.032,0.0,23.5,81.0,72.1,1.69
2025-10-25 08:00:00,1.033,0.0,22.5,80.3,71.2,1.65
2025-10-25 09:00:00,1.029,0.0,21.9,82.8,70.8,1.73
2025-10-25 10:00:00,1.032,0.0,20.8,84.5,69.7,1.76
2025-10-25 11:00:00,1.026,0.0,19.7,85.2,69.2,1.64
2025-10-25 12:00:00,1.019,0.0,19.3,84.8,68.8,1.56
2025-10-25 13:00:00,1.008,0.0,17.6,87.5,68.3,1.59
2025-10-25 14:00:00,1.005,0.0,17.0,87.1,66.9,1.56
2025-10-25 15:00:00,1.011,0.0,16.0,87.5,66.1,1.54
2025-10-25 16:00:00,1.013,0.0,15.7,87.9,65.9,1.53
2025-10-25 17:00:00,1.006,0.0,15.3,88.6,65.8,1.57
2025-10-25 18:00:00,1.006,0.0,15.4,88.6,64.7,1.49
2025-10-25 19:00:00,1.011,0.0,14.9,89.0,64.4,1.57
2025-10-25 20:00:00,1.006,0.0,15.4,88.6,65.5,1.62
2025-10-25 21:00:00,1.002,0.0,15.8,87.8,65.6,1.58
2025-10-25 22:00:00,1.005,0.0,16.8,87.4,66.6,1.62
2025-10-25 23:00:00,1.01,0.0,18.1,87.2,67.5,1.57
2025-10-26 00:00:00,1.02,0.0,19.3,85.9,68.1,1.65
2025-10-26 01:00:00,1.034,0.0,19.7,82.5,69.8,1.65
2025-10-26 02:00:00,1.033,0.0,21.3,80.4,70.0,1.77
2025-10-26 03:00:00,1.032,0.0,22.4,83.1,70.5,1.64
2025-10-26 04:00:00,1.026,0.0,22.6,80.2,71.2,1.73
2025-10-26 05:00:00,1.034,0.0,23.5,80.9,70.6,1.63
2025-10-26 06:00:00,1.03,0.0,22.7,79.8,71.7,1.61
2025-10-26 07:00:00,1.04,0.0,22.4,79.3,71.1,1.76
2025-10-26 08:00:00,1.037,0.0,21.8,82.1,71.1,1.7
2025-10-26 09:00:00,1.024,0.0,22.4,82.9,69.8,1.6
2025-10-26 10:00:00,1.021,0.0,21.3,82.4,68.9,1.65
2025-10-26 11:00:00,1.018,0.0,20.0,81.4,69.3,1.57
2025-10-26 12:00:00,1.017,0.0,19.1,84.5,68.3,1.52
2025-10-26 13:00:00,1.013,0.0,17.5,86.4,66.9,1.58
2025-10-26 14:00:00,1.015,0.0,18.0,85.5,66.2,1.55
2025-10-26 15:00:00,0.999,0.0,16.2,88.0,66.5,1.5
2025-10-26 16:00:00,0.996,0.0,15.6,88.4,64.9,1.51
2025-10-26 17:00:00,1.128,2.73,15.4,89.4,66.0,3.16
2025-10-26 18:00:00,1.147,3.05,15.2,89.1,64.6,3.23
2025-10-26 19:00:00,1.085,1.77,15.2,87.9,65.4,2.53
2025-10-26 20:00:00,1.072,1.41,15.2,89.7,65.2,2.43
2025-10-26 21:00:00,1.004,0.0,16.4,87.7,66.2,1.51
2025-10-26 22:00:00,1.005,0.0,17.8,87.0,66.2,1.55
2025-10-26 23:00:00,1.009,0.0,18.5,85.1,67.1,1.55
2025-10-27 00:00:00,1.022,0.0,19.6,84.6,68.0,1.56
2025-10-27 01:00:00,1.022,0.0,19.8,83.1,68.2,1.53
2025-10-27 02:00:00,1.028,0.0,20.6,82.8,69.8,1.6
2025-10-27 03:00:00,1.035,0.0,21.8,83.9,69.8,1.61
2025-10-27 04:00:00,1.036,0.0,22.5,80.2,70.4,1.75
2025-10-27 05:00:00,1.03,0.0,23.3,79.5,70.3,1.62
2025-10-27 06:00:00,1.03,0.0,22.3,82.5,69.6,1.63
2025-10-27 07:00:00,1.038,0.0,23.5,80.9,70.6,1.67
2025-10-27 08:00:00,1.029,0.0,22.4,80.9,71.6,1.55
2025-10-27 09:00:00,1.039,0.0,21.7,83.2,70.3,1.78
2025-10-27 10:00:00,1.03,0.0,20.6,82.4,69.3,1.62
2025-10-27 11:00:00,1.026,0.0,19.4,85.8,68.4,1.69
2025-10-27 12:00:00,1.016,0.0,19.3,85.7,67.8,1.6
2025-10-27 13:00:00,1.019,0.0,18.0,85.5,67.2,1.53
2025-10-27 14:00:00,1.076,1.26,16.5,89.2,65.6,2.36
2025-10-27 15:00:00,1.066,1.31,15.7,87.2,66.1,2.29
2025-10-27 16:00:00,1.042,0.88,15.4,89.2,65.4,2.0
2025-10-27 17:00:00,1.085,1.51,15.8,89.2,65.1,2.54
2025-10-27 18:00:00,1.005,0.0,14.9,90.3,64.9,1.58
2025-10-27 19:00:00,1.001,0.0,14.5,90.4,64.7,1.53
2025-10-27 20:00:00,1.0,0.0,15.4,88.5,65.4,1.51
2025-10-27 21:00:00,0.998,0.0,16.1,87.1,65.8,1.57
2025-10-27 22:00:00,0.999,0.0,15.9,87.5,65.9,1.47
2025-10-27 23:00:00,1.023,0.0,17.9,85.4,66.5,1.63
2025-10-28 00:00:00,1.018,0.0,18.9,87.0,67.6,1.64
2025-10-28 01:00:00,1.015,0.0,20.3,84.1,69.1,1.52
2025-10-28 02:00:00,1.024,0.0,21.7,82.6,68.4,1.59
2025-10-28 03:00:00,1.029,0.0,22.3,82.4,68.9,1.68
2025-10-28 04:00:00,1.04,0.0,22.4,80.2,70.2,1.75
2025-10-28 05:00:00,1.03,0.0,22.4,80.2,70.4,1.64
2025-10-28 06:00:00,1.032,0.0,23.5,82.2,70.5,1.62
2025-10-28 07:00:00,1.029,0.0,22.9,80.5,70.5,1.74
2025-10-28 08:00:00,1.033,0.0,22.5,80.5,69.9,1.66
2025-10-28 09:00:00,1.033,0.0,21.8,82.7,70.3,1.7
2025-10-28 10:00:00,1.031,0.0,21.1,84.2,68.1,1.63
2025-10-28 11:00:00,1.024,0.0,20.0,84.7,67.7,1.59
2025-10-28 12:00:00,1.016,0.0,18.8,86.0,67.3,1.6
2025-10-28 13:00:00,1.013,0.0,17.7,85.3,65.7,1.59
2025-10-28 14:00:00,1.012,0.0,17.0,85.6,65.7,1.55
2025-10-28 15:00:00,1.006,0.0,16.0,89.3,66.0,1.52
2025-10-28 16:00:00,1.016,0.0,15.3,88.1,64.7,1.55
2025-10-28 17:00:00,0.996,0.0,15.2,88.6,64.5,1.55
2025-10-28 18:00:00,0.996,0.0,14.9,90.3,63.6,1.55
2025-10-28 19:00:00,1.0,0.0,15.7,89.4,64.0,1.51
2025-10-28 20:00:00,0.998,0.0,14.5,88.9,64.4,1.48
2025-10-28 21:00:00,1.002,0.0,16.6,90.0,64.9,1.53
2025-10-28 22:00:00,1.005,0.0,17.5,86.4,66.3,1.54
2025-10-28 23:00:00,1.007,0.0,17.1,87.0,66.7,1.6
2025-10-29 00:00:00,1.021,0.0,18.9,85.1,66.6,1.59
2025-10-29 01:00:00,1.018,0.0,19.9,84.2,68.0,1.62
2025-10-29 02:00:00,1.033,0.0,20.4,84.5,68.9,1.75
2025-10-29 03:00:00,1.023,0.0,21.5,82.7,69.8,1.68
2025-10-29 04:00:00,1.033,0.0,22.0,82.1,70.5,1.67
2025-10-29 05:00:00,1.036,0.0,23.5,82.2,69.5,1.67
2025-10-29 06:00:00,1.04,0.0,23.4,80.6,69.7,1.78
2025-10-29 07:00:00,1.041,0.0,23.4,80.3,69.3,1.62
2025-10-29 08:00:00,1.031,0.0,22.8,80.5,69.5,1.57
2025-10-29 09:00:00,1.026,0.0,21.4,80.2,69.4,1.52
2025-10-29 10:00:00,1.029,0.0,20.8,85.1,69.0,1.67
2025-10-29 11:00:00,1.019,0.0,20.2,82.9,67.7,1.57
2025-10-29 12:00:00,1.018,0.0,18.5,84.8,66.8,1.56
2025-10-29 13:00:00,1.007,0.0,18.2,85.8,66.3,1.5
2025-10-29 14:00:00,1.006,0.0,16.9,87.3,65.0,1.53
2025-10-29 15:00:00,1.003,0.0,16.0,88.6,65.8,1.57
2025-10-29 16:00:00,1.005,0.0,15.8,89.3,63.5,1.62
2025-10-29 17:00:00,1.0,0.0,15.3,88.3,64.1,1.54
2025-10-29 18:00:00,1.001,0.0,14.9,88.8,64.9,1.45
2025-10-29 19:00:00,0.998,0.0,15.6,89.1,64.0,1.5
2025-10-29 20:00:00,0.999,0.0,15.1,88.2,64.1,1.52
2025-10-29 21:00:00,1.003,0.0,16.4,89.4,64.5,1.49
2025-10-29 22:00:00,1.007,0.0,17.2,87.5,65.2,1.52
2025-10-29 23:00:00,1.0,0.0,17.8,86.8,66.7,1.45
2025-10-30 00:00:00,1.016,0.0,19.1,85.7,65.7,1.65
2025-10-30 01:00:00,1.01,0.0,19.5,85.1,68.3,1.53
2025-10-30 02:00:00,1.027,0.0,21.4,83.2,67.5,1.69
2025-10-30 03:00:00,1.027,0.0,21.8,80.9,68.7,1.61
2025-10-30 04:00:00,1.038,0.0,22.3,81.9,69.1,1.74
2025-10-30 05:00:00,1.039,0.0,23.3,80.5,69.9,1.68
2025-10-30 06:00:00,1.039,0.0,22.7,80.5,68.9,1.61
2025-10-30 07:00:00,1.04,0.0,22.3,81.7,69.8,1.7
2025-10-30 08:00:00,1.034,0.0,21.8,82.8,70.3,1.63
2025-10-30 09:00:00,1.02,0.0,22.1,82.2,68.1,1.62
2025-10-30 10:00:00,1.028,0.0,20.5,83.3,68.2,1.69
2025-10-30 11:00:00,1.024,0.0,20.7,85.7,67.0,1.65
2025-10-30 12:00:00,1.012,0.0,18.2,85.2,66.8,1.62
2025-10-30 13:00:00,1.007,0.0,18.6,88.6,65.8,1.61
2025-10-30 14:00:00,1.007,0.0,17.1,87.6,64.7,1.55
2025-10-30 15:00:00,1.008,0.0,16.1,86.1,64.7,1.61
2025-10-30 16:00:00,1.006,0.0,15.3,89.2,64.8,1.51
2025-10-30 17:00:00,1.003,0.0,15.3,89.2,63.5,1.5
2025-10-30 18:00:00,1.109,2.13,15.0,90.3,63.8,2.8
2025-10-30 19:00:00,1.045,0.95,15.6,89.5,62.9,2.07
2025-10-30 20:00:00,1.087,1.64,15.6,88.3,63.4,2.63
2025-10-30 21:00:00,1.092,1.74,16.2,86.6,64.6,2.65
2025-10-30 22:00:00,1.012,0.0,16.9,86.8,65.7,1.63
2025-10-30 23:00:00,1.012,0.0,17.9,85.2,65.8,1.55
2025-10-31 00:00:00,1.019,0.0,19.1,84.4,66.2,1.52
2025-10-31 01:00:00,1.026,0.0,19.4,84.6,67.1,1.6
2025-10-31 02:00:00,1.024,0.0,20.5,84.7,67.2,1.68
2025-10-31 03:00:00,1.027,0.0,22.1,82.6,68.8,1.68
2025-10-31 04:00:00,1.038,0.0,22.5,80.3,69.4,1.7
2025-10-31 05:00:00,1.035,0.0,22.8,81.6,69.0,1.68
2025-10-31 06:00:00,1.035,0.0,23.0,82.2,69.1,1.63
2025-10-31 07:00:00,1.032,0.0,23.0,80.5,69.3,1.61
2025-10-31 08:00:00,1.027,0.0,22.2,81.4,68.6,1.55
2025-10-31 09:00:00,1.03,0.0,21.5,82.2,68.3,1.75
2025-10-31 10:00:00,1.024,0.0,21.1,82.2,68.8,1.68
2025-10-31 11:00:00,1.026,0.0,19.6,84.6,66.9,1.58
2025-10-31 12:00:00,1.011,0.0,19.2,84.9,66.0,1.62
2025-10-31 13:00:00,1.011,0.0,17.3,86.5,65.1,1.51
2025-10-31 14:00:00,1.004,0.0,17.4,86.1,65.0,1.57
2025-10-31 15:00:00,0.999,0.0,16.4,87.4,63.9,1.38
2025-10-31 16:00:00,0.999,0.0,15.6,89.2,63.2,1.51
2025-10-31 17:00:00,0.999,0.0,15.5,88.5,63.9,1.59
2025-10-31 18:00:00,0.999,0.0,15.7,90.7,63.8,1.53
2025-10-31 19:00:00,1.004,0.0,15.5,88.5,62.9,1.54
2025-10-31 20:00:00,1.01,0.0,14.8,88.7,62.5,1.51
2025-10-31 21:00:00,0.999,0.0,15.7,88.8,64.4,1.55
2025-10-31 22:00:00,1.013,0.0,16.8,85.6,64.2,1.57
2025-10-31 23:00:00,1.007,0.0,18.0,84.3,65.6,1.64
2025-11-01 00:00:00,0.836,0.0,21.1,80.3,58.3,1.07
2025-11-01 01:00:00,0.833,0.0,21.9,77.0,59.5,1.08
2025-11-01 02:00:00,0.836,0.0,22.9,76.2,60.1,1.12
2025-11-01 03:00:00,0.834,0.0,23.9,77.2,60.3,1.14
2025-11-01 04:00:00,0.843,0.0,24.0,75.8,61.6,1.14
2025-11-01 05:00:00,0.841,0.0,24.3,75.0,61.6,1.09
2025-11-01 06:00:00,0.836,0.0,25.0,75.0,61.8,1.14
2025-11-01 07:00:00,0.843,0.0,24.6,75.5,62.1,1.16
2025-11-01 08:00:00,0.837,0.0,23.9,75.1,62.0,1.13
2025-11-01 09:00:00,0.833,0.0,23.6,75.7,60.8,1.13
2025-11-01 10:00:00,0.837,0.0,22.6,77.7,60.1,1.11
2025-11-01 11:00:00,0.831,0.0,21.8,77.7,59.7,1.11
2025-11-01 12:00:00,0.829,0.0,21.1,80.4,58.1,1.09
2025-11-01 13:00:00,0.834,0.0,19.5,79.6,58.0,1.11
2025-11-01 14:00:00,0.824,0.0,18.7,83.5,56.2,1.05
2025-11-01 15:00:00,0.826,0.0,18.4,84.0,54.5,1.08
2025-11-01 16:00:00,0.82,0.0,17.7,84.6,54.8,1.12
2025-11-01 17:00:00,0.826,0.0,17.7,85.8,54.3,1.06
2025-11-01 18:00:00,0.815,0.0,17.2,86.7,54.5,1.08
2025-11-01 19:00:00,0.819,0.0,17.2,85.8,54.4,1.09
2025-11-01 20:00:00,0.816,0.0,18.4,82.5,54.5,1.08
2025-11-01 21:00:00,0.82,0.0,18.5,82.3,54.7,1.09
2025-11-01 22:00:00,0.826,0.0,19.3,81.9,55.9,1.04
2025-11-01 23:00:00,0.826,0.0,19.7,81.3,56.6,1.11
2025-11-02 00:00:00,0.83,0.0,20.8,80.5,57.8,1.12
2025-11-02 01:00:00,0.838,0.0,21.9,78.0,59.3,1.07
2025-11-02 02:00:00,0.839,0.0,22.4,77.7,60.7,1.14
2025-11-02 03:00:00,0.834,0.0,23.6,75.7,61.0,1.06
2025-11-02 04:00:00,0.837,0.0,23.9,75.1,61.0,1.16
2025-11-02 05:00:00,0.838,0.0,24.3,73.8,62.0,1.19
2025-11-02 06:00:00,0.835,0.0,24.3,74.1,62.5,1.12
2025-11-02 07:00:00,0.835,0.0,24.9,73.8,61.6,1.13
2025-11-02 08:00:00,0.84,0.0,24.0,74.7,61.4,1.12
2025-11-02 09:00:00,0.829,0.0,23.2,77.5,60.8,1.1
2025-11-02 10:00:00,0.836,0.0,23.0,76.6,59.7,1.14
2025-11-02 11:00:00,0.836,0.0,21.5,81.3,59.3,1.08
2025-11-02 12:00:00,0.832,0.0,21.1,80.5,58.0,1.16
2025-11-02 13:00:00,0.822,0.0,19.5,81.5,57.1,1.08
2025-11-02 14:00:00,0.824,0.0,18.9,81.6,55.6,1.07
2025-11-02 15:00:00,0.835,0.42,18.6,84.2,55.0,1.2
2025-11-02 16:00:00,0.829,0.34,18.2,83.8,54.8,1.18
2025-11-02 17:00:00,0.824,0.22,17.7,85.0,54.0,1.09
2025-11-02 18:00:00,0.823,0.0,17.5,87.6,54.7,1.03
2025-11-02 19:00:00,0.823,0.0,17.5,84.7,54.0,1.09
2025-11-02 20:00:00,0.817,0.0,17.5,85.5,54.6,1.02
2025-11-02 21:00:00,0.827,0.0,18.3,82.8,55.5,1.05
2025-11-02 22:00:00,0.824,0.0,19.1,82.5,55.4,1.1
2025-11-02 23:00:00,0.83,0.0,20.4,83.1,56.3,1.09
2025-11-03 00:00:00,0.828,0.0,21.1,79.4,57.4,1.15
2025-11-03 01:00:00,0.838,0.0,21.4,80.5,59.5,1.17
2025-11-03 02:00:00,0.835,0.0,22.8,78.2,59.8,1.09
2025-11-03 03:00:00,0.834,0.0,23.4,75.9,61.9,1.14
2025-11-03 04:00:00,0.839,0.0,23.8,76.3,61.2,1.19
2025-11-03 05:00:00,0.841,0.0,24.6,76.1,61.9,1.08
2025-11-03 06:00:00,0.842,0.0,24.8,75.6,62.6,1.11
2025-11-03 07:00:00,0.838,0.0,24.7,73.6,62.7,1.14
2025-11-03 08:00:00,0.844,0.0,23.8,74.9,62.3,1.28
2025-11-03 09:00:00,0.838,0.0,23.4,76.2,61.3,1.12
2025-11-03 10:00:00,0.836,0.0,22.8,77.4,60.4,1.16
2025-11-03 11:00:00,0.831,0.0,22.2,79.3,59.3,1.18
2025-11-03 12:00:00,0.831,0.0,20.9,80.2,58.3,1.12
2025-11-03 13:00:00,0.83,0.0,20.0,80.0,56.7,1.12
2025-11-03 14:00:00,0.828,0.0,18.9,82.9,55.7,1.07
2025-11-03 15:00:00,0.822,0.0,18.2,84.1,55.2,1.03
2025-11-03 16:00:00,0.824,0.0,18.2,84.9,54.5,1.11
2025-11-03 17:00:00,0.823,0.0,18.0,85.9,54.0,1.14
2025-11-03 18:00:00,0.821,0.0,17.5,85.8,54.3,1.09
2025-11-03 19:00:00,0.818,0.0,17.9,85.3,54.5,1.04
2025-11-03 20:00:00,0.824,0.0,18.1,84.3,54.6,1.11
2025-11-03 21:00:00,0.823,0.0,18.3,81.9,55.8,1.07
2025-11-03 22:00:00,0.821,0.0,19.4,82.9,55.5,1.05
2025-11-03 23:00:00,0.83,0.0,20.6,81.5,56.9,1.12
2025-11-04 00:00:00,0.832,0.0,21.0,80.3,57.7,1.11
2025-11-04 01:00:00,0.832,0.0,22.4,77.4,58.3,1.08
2025-11-04 02:00:00,0.837,0.0,22.0,76.4,60.0,1.14
2025-11-04 03:00:00,0.838,0.0,23.7,77.5,60.8,1.11
2025-11-04 04:00:00,0.831,0.0,24.1,75.6,62.1,1.15
2025-11-04 05:00:00,0.837,0.0,24.3,75.9,62.1,1.09
2025-11-04 06:00:00,0.841,0.0,24.5,75.0,61.6,1.13
2025-11-04 07:00:00,0.842,0.0,23.8,75.2,62.6,1.17
2025-11-04 08:00:00,0.84,0.0,24.0,76.6,62.0,1.08
2025-11-04 09:00:00,0.84,0.0,23.6,75.9,61.1,1.15
2025-11-04 10:00:00,0.833,0.0,23.2,77.6,59.9,1.12
2025-11-04 11:00:00,0.827,0.0,21.8,78.2,58.7,1.1
2025-11-04 12:00:00,0.827,0.0,20.8,79.6,57.9,1.03
2025-11-04 13:00:00,0.823,0.0,19.9,81.0,57.4,1.12
2025-11-04 14:00:00,0.824,0.0,19.5,82.7,56.8,1.14
2025-11-04 15:00:00,0.822,0.0,18.6,83.1,55.8,1.0
2025-11-04 16:00:00,0.819,0.0,17.8,85.6,54.3,1.11
2025-11-04 17:00:00,0.821,0.0,17.8,83.9,53.7,1.04
2025-11-04 18:00:00,0.821,0.0,17.5,84.8,54.1,1.09
2025-11-04 19:00:00,0.825,0.0,17.9,84.4,53.4,1.14
2025-11-04 20:00:00,0.821,0.0,17.8,85.8,54.7,1.01
2025-11-04 21:00:00,0.822,0.0,18.4,83.7,55.1,1.08
2025-11-04 22:00:00,0.823,0.0,19.1,83.5,55.8,1.03
2025-11-04 23:00:00,0.829,0.0,19.7,79.8,56.3,1.09
2025-11-05 00:00:00,0.83,0.0,21.1,80.3,58.2,1.07
2025-11-05 01:00:00,0.832,0.0,22.0,79.6,58.8,1.07
2025-11-05 02:00:00,0.837,0.0,22.8,77.6,59.5,1.17
2025-11-05 03:00:00,0.831,0.0,23.4,77.5,59.7,1.07
2025-11-05 04:00:00,0.833,0.0,23.6,75.2,61.5,1.09
2025-11-05 05:00:00,0.838,0.0,24.3,76.6,62.6,1.07
2025-11-05 06:00:00,0.836,0.0,24.4,77.3,62.7,1.08
2025-11-05 07:00:00,0.839,0.0,24.1,74.8,61.7,1.14
2025-11-05 08:00:00,0.836,0.0,24.0,75.2,61.2,1.13
2025-11-05 09:00:00,0.835,0.0,23.6,77.9,61.0,1.11
2025-11-05 10:00:00,0.84,0.0,23.3,79.1,59.6,1.19
2025-11-05 11:00:00,0.828,0.0,22.0,78.2,59.2,1.13
2025-11-05 12:00:00,0.832,0.0,21.1,79.6,58.3,1.06
2025-11-05 13:00:00,0.83,0.0,20.1,81.0,57.5,1.16
2025-11-05 14:00:00,0.822,0.0,18.7,81.2,56.0,1.03
2025-11-05 15:00:00,0.827,0.0,18.5,82.6,55.1,1.1
2025-11-05 16:00:00,0.824,0.0,18.0,83.3,54.2,1.09
2025-11-05 17:00:00,0.822,0.0,18.4,84.1,53.8,1.02
2025-11-05 18:00:00,0.824,0.0,17.4,85.0,53.9,1.12
2025-11-05 19:00:00,0.821,0.0,17.7,85.1,54.3,1.06
2025-11-05 20:00:00,0.818,0.0,18.0,85.9,54.9,1.07
2025-11-05 21:00:00,0.825,0.0,18.2,82.5,54.9,1.08
2025-11-05 22:00:00,0.829,0.0,19.6,83.5,56.6,1.08
2025-11-05 23:00:00,0.829,0.0,20.3,81.1,56.9,1.06
2025-11-06 00:00:00,0.83,0.0,21.2,80.0,58.0,1.09
2025-11-06 01:00:00,0.833,0.0,21.6,79.4,58.7,1.1
2025-11-06 02:00:00,0.834,0.0,23.2,76.4,59.0,1.15
2025-11-06 03:00:00,0.835,0.0,23.1,76.8,61.2,1.05
2025-11-06 04:00:00,0.843,0.0,24.2,75.8,61.8,1.2
2025-11-06 05:00:00,0.835,0.0,25.0,75.7,61.8,1.15
2025-11-06 06:00:00,0.837,0.0,24.2,75.3,62.0,1.14
2025-11-06 07:00:00,0.84,0.0,24.2,77.6,62.1,1.13
2025-11-06 08:00:00,0.835,0.0,24.1,75.0,60.8,1.09
2025-11-06 09:00:00,0.834,0.0,23.3,75.9,60.6,1.08
2025-11-06 10:00:00,0.834,0.0,22.3,76.9,60.3,1.09
2025-11-06 11:00:00,0.834,0.0,21.9,78.2,58.5,1.18
2025-11-06 12:00:00,0.828,0.0,20.7,79.4,58.1,1.1
2025-11-06 13:00:00,0.829,0.0,20.2,82.5,56.4,1.12
2025-11-06 14:00:00,0.826,0.0,19.0,83.9,56.2,1.11
2025-11-06 15:00:00,0.825,0.0,19.0,83.0,55.2,1.03
2025-11-06 16:00:00,0.825,0.0,17.7,83.5,53.9,1.12
2025-11-06 17:00:00,0.819,0.0,17.5,85.3,54.6,1.06
2025-11-06 18:00:00,0.823,0.0,17.7,84.4,53.7,1.07
2025-11-06 19:00:00,0.825,0.0,17.3,85.5,53.8,1.17
2025-11-06 20:00:00,0.82,0.0,18.0,84.5,54.6,1.01
2025-11-06 21:00:00,0.825,0.0,18.9,82.0,55.6,1.11
2025-11-06 22:00:00,0.825,0.0,18.8,84.0,55.6,1.14
2025-11-06 23:00:00,0.824,0.0,20.1,83.1,57.0,1.1
2025-11-07 00:00:00,0.828,0.0,21.1,79.4,58.2,1.16
2025-11-07 01:00:00,0.838,0.0,22.1,78.3,59.3,1.1
2025-11-07 02:00:00,0.833,0.0,22.4,77.8,60.1,1.15
2025-11-07 03:00:00,0.835,0.0,23.1,76.8,60.7,1.12
2025-11-07 04:00:00,0.838,0.0,24.2,76.3,61.1,1.05
2025-11-07 05:00:00,0.839,0.0,24.5,77.2,61.9,1.11
2025-11-07 06:00:00,0.838,0.0,24.6,74.8,61.6,1.19
2025-11-07 07:00:00,0.835,0.0,24.5,74.4,60.7,1.15
2025-11-07 08:00:00,0.837,0.0,23.8,74.3,61.6,1.12
2025-11-07 09:00:00,0.839,0.0,23.5,75.7,61.2,1.15
2025-11-07 10:00:00,0.836,0.0,22.8,77.5,59.1,1.16
2025-11-07 11:00:00,0.831,0.0,21.7,80.5,58.6,1.08
2025-11-07 12:00:00,0.827,0.0,21.6,79.5,58.2,1.05
2025-11-07 13:00:00,0.837,0.0,20.2,81.5,57.8,1.17
2025-11-07 14:00:00,0.821,0.0,18.9,82.5,56.0,1.01
2025-11-07 15:00:00,0.825,0.0,18.7,84.7,54.9,1.1
2025-11-07 16:00:00,0.824,0.0,17.7,86.9,54.5,1.07
2025-11-07 17:00:00,0.821,0.0,17.9,84.3,54.7,1.08
2025-11-07 18:00:00,0.821,0.0,17.8,84.5,53.7,0.98
2025-11-07 19:00:00,0.821,0.0,17.4,85.9,53.8,1.03
2025-11-07 20:00:00,0.823,0.0,18.3,85.0,54.3,1.19
2025-11-07 21:00:00,0.825,0.0,18.6,85.4,54.8,1.07
2025-11-07 22:00:00,0.828,0.0,19.5,83.1,56.0,1.11
2025-11-07 23:00:00,0.829,0.0,20.7,80.9,57.6,1.12
2025-11-08 00:00:00,0.836,0.0,20.9,80.6,58.1,1.08
2025-11-08 01:00:00,0.834,0.0,21.7,79.8,58.9,1.08
2025-11-08 02:00:00,0.836,0.0,22.5,78.3,59.9,1.09
2025-11-08 03:00:00,0.835,0.0,23.2,77.0,60.2,1.11
2025-11-08 04:00:00,0.841,0.0,24.0,76.7,61.8,1.18
2025-11-08 05:00:00,0.835,0.0,24.5,76.3,61.8,1.12
2025-11-08 06:00:00,0.837,0.0,24.6,76.4,61.9,1.08
2025-11-08 07:00:00,0.838,0.0,24.6,75.8,63.1,1.12
2025-11-08 08:00:00,0.845,0.0,24.0,75.5,61.6,1.17
2025-11-08 09:00:00,0.832,0.0,23.9,76.6,60.5,1.09
2025-11-08 10:00:00,0.838,0.0,22.7,78.7,59.8,1.21
2025-11-08 11:00:00,0.828,0.0,22.7,77.9,59.5,1.02
2025-11-08 12:00:00,0.836,0.0,21.2,80.4,58.0,1.14
2025-11-08 13:00:00,0.825,0.0,19.8,80.9,56.4,1.1
2025-11-08 14:00:00,0.818,0.0,18.9,82.5,56.4,1.05
2025-11-08 15:00:00,0.825,0.0,18.7,84.8,54.9,1.12
2025-11-08 16:00:00,0.819,0.0,17.9,84.5,55.3,1.06
2025-11-08 17:00:00,0.819,0.0,17.8,84.9,54.6,1.07
2025-11-08 18:00:00,0.818,0.0,17.6,83.6,53.8,1.04
2025-11-08 19:00:00,0.818,0.0,17.6,85.6,54.6,1.08
2025-11-08 20:00:00,0.825,0.0,17.7,85.0,54.6,1.07
2025-11-08 21:00:00,0.824,0.0,18.1,85.7,55.5,1.02
2025-11-08 22:00:00,0.825,0.0,19.1,82.2,56.2,1.08
2025-11-08 23:00:00,0.836,0.0,20.4,81.5,56.6,1.08
2025-11-09 00:00:00,0.834,0.0,21.1,80.2,57.7,1.16
2025-11-09 01:00:00,0.833,0.0,21.5,80.3,59.4,1.18
2025-11-09 02:00:00,0.836,0.0,22.8,77.4,59.9,1.14
2025-11-09 03:00:00,0.836,0.0,23.6,76.7,60.7,1.17
2025-11-09 04:00:00,0.841,0.0,23.8,76.3,61.1,1.12
2025-11-09 05:00:00,0.835,0.0,24.4,75.4,62.0,1.11
2025-11-09 06:00:00,0.837,0.0,24.5,74.6,62.8,1.12
2025-11-09 07:00:00,0.842,0.0,24.0,75.4,61.4,1.13
2025-11-09 08:00:00,0.838,0.0,24.1,76.7,61.5,1.13
2025-11-09 09:00:00,0.839,0.0,23.6,75.4,61.4,1.04
2025-11-09 10:00:00,0.833,0.0,23.1,77.6,60.0,1.12
2025-11-09 11:00:00,0.836,0.0,22.2,78.0,59.2,1.1
2025-11-09 12:00:00,0.824,0.0,20.6,81.2,57.6,1.1
2025-11-09 13:00:00,0.826,0.0,19.8,79.8,57.1,1.04
2025-11-09 14:00:00,0.824,0.0,19.4,81.9,55.9,1.07
2025-11-09 15:00:00,0.822,0.0,18.7,83.9,55.6,0.98
2025-11-09 16:00:00,0.825,0.0,18.1,85.9,55.0,1.13
2025-11-09 17:00:00,0.823,0.0,18.8,84.8,55.2,1.03
2025-11-09 18:00:00,0.82,0.0,17.7,84.4,54.2,1.06
2025-11-09 19:00:00,0.823,0.0,18.0,86.7,54.3,1.1
2025-11-09 20:00:00,0.82,0.0,18.3,82.9,54.6,1.07
2025-11-09 21:00:00,0.825,0.0,18.7,81.3,55.0,1.14
2025-11-09 22:00:00,0.828,0.0,19.2,82.9,56.1,1.12
2025-11-09 23:00:00,0.828,0.0,20.3,80.8,56.8,1.15
2025-11-10 00:00:00,0.831,0.0,20.8,79.0,58.1,1.07
2025-11-10 01:00:00,0.837,0.0,21.8,79.4,59.6,1.15
2025-11-10 02:00:00,0.833,0.0,22.6,77.7,59.6,1.09
2025-11-10 03:00:00,0.837,0.0,23.5,75.9,61.3,1.15
2025-11-10 04:00:00,0.838,0.0,24.7,74.4,62.0,1.14
2025-11-10 05:00:00,0.844,0.0,23.8,76.0,61.8,1.2
2025-11-10 06:00:00,0.84,0.0,24.7,75.7,61.2,1.17
2025-11-10 07:00:00,0.836,0.0,23.9,75.1,61.6,1.14
2025-11-10 08:00:00,0.843,0.0,23.9,77.5,62.0,1.14
2025-11-10 09:00:00,0.834,0.0,23.8,75.4,60.8,1.09
2025-11-10 10:00:00,0.831,0.0,22.8,76.0,59.6,1.07
2025-11-10 11:00:00,0.831,0.0,21.6,78.0,58.8,1.05
2025-11-10 12:00:00,0.83,0.0,20.8,80.0,58.3,1.14
2025-11-10 13:00:00,0.825,0.0,20.3,81.5,57.2,1.14
2025-11-10 14:00:00,0.827,0.0,19.0,82.3,55.9,1.13
2025-11-10 15:00:00,0.822,0.0,18.6,83.9,55.0,1.1
2025-11-10 16:00:00,0.819,0.0,18.0,83.1,54.4,1.09
2025-11-10 17:00:00,0.822,0.0,17.4,86.3,53.8,1.09
2025-11-10 18:00:00,0.817,0.0,18.1,84.9,54.6,1.02
2025-11-10 19:00:00,0.823,0.0,17.8,85.9,54.0,1.04
2025-11-10 20:00:00,0.824,0.0,17.4,84.7,55.0,1.02
2025-11-10 21:00:00,0.826,0.0,18.6,84.0,55.8,1.04
2025-11-10 22:00:00,0.827,0.0,19.1,83.1,56.4,1.11
2025-11-10 23:00:00,0.826,0.0,20.3,81.7,56.8,1.11
2025-11-11 00:00:00,0.831,0.0,20.8,80.6,58.2,1.08
2025-11-11 01:00:00,0.829,0.0,21.9,80.0,59.0,1.02
2025-11-11 02:00:00,0.836,0.0,22.9,77.7,59.6,1.06
2025-11-11 03:00:00,0.837,0.0,23.7,77.2,61.0,1.11
2025-11-11 04:00:00,0.84,0.0,23.7,75.6,61.0,1.13
2025-11-11 05:00:00,0.838,0.0,24.3,76.6,62.3,1.16
2025-11-11 06:00:00,0.84,0.0,24.4,74.3,61.8,1.15
2025-11-11 07:00:00,0.84,0.0,24.2,77.0,61.9,1.08
2025-11-11 08:00:00,0.84,0.0,24.6,75.6,61.6,1.16
2025-11-11 09:00:00,0.833,0.0,23.6,75.0,60.7,1.1
2025-11-11 10:00:00,0.834,0.0,22.4,77.6,60.2,1.11
2025-11-11 11:00:00,0.833,0.0,22.2,78.0,58.8,1.17
2025-11-11 12:00:00,0.833,0.0,21.6,80.8,58.3,1.06
2025-11-11 13:00:00,0.83,0.0,20.4,80.6,56.4,1.15
2025-11-11 14:00:00,0.827,0.0,18.8,82.1,56.1,1.13
2025-11-11 15:00:00,0.833,0.12,18.4,81.6,55.9,1.18
2025-11-11 16:00:00,0.824,0.05,18.3,83.9,54.1,1.13
2025-11-11 17:00:00,0.83,0.33,17.4,82.4,53.9,1.18
2025-11-11 18:00:00,0.82,0.0,17.6,83.4,54.2,1.12
2025-11-11 19:00:00,0.819,0.0,17.9,85.6,54.2,1.12
2025-11-11 20:00:00,0.824,0.0,17.7,85.1,54.7,1.02
2025-11-11 21:00:00,0.825,0.0,18.5,84.0,55.4,1.0
2025-11-11 22:00:00,0.827,0.0,18.3,81.5,56.3,1.13
2025-11-11 23:00:00,0.826,0.0,19.8,81.2,57.4,1.09
2025-11-12 00:00:00,0.836,0.0,20.9,80.0,58.2,1.1
2025-11-12 01:00:00,0.829,0.0,21.5,77.5,58.9,1.16
2025-11-12 02:00:00,0.84,0.0,23.2,79.0,60.3,1.14
2025-11-12 03:00:00,0.839,0.0,23.0,77.3,61.6,1.19
2025-11-12 04:00:00,0.836,0.0,23.9,75.4,61.4,1.1
2025-11-12 05:00:00,0.842,0.0,24.4,75.2,61.5,1.21
2025-11-12 06:00:00,0.841,0.0,24.9,75.2,62.4,1.11
2025-11-12 07:00:00,0.845,0.0,23.9,73.1,61.8,1.13
2025-11-12 08:00:00,0.837,0.0,24.4,75.4,60.6,1.14
2025-11-12 09:00:00,0.841,0.0,23.5,75.8,61.2,1.18
2025-11-12 10:00:00,0.836,0.0,22.5,76.5,59.8,1.14
2025-11-12 11:00:00,0.832,0.0,22.0,78.4,59.0,1.13
2025-11-12 12:00:00,0.822,0.0,21.1,81.8,58.1,1.06
2025-11-12 13:00:00,0.828,0.0,19.9,81.9,57.0,1.05
2025-11-12 14:00:00,0.827,0.0,19.3,81.9,56.3,1.08
2025-11-12 15:00:00,0.829,0.0,18.4,84.1,55.0,1.16
2025-11-12 16:00:00,0.821,0.0,18.0,85.7,54.7,1.06
2025-11-12 17:00:00,0.821,0.0,17.8,85.8,54.0,1.05
2025-11-12 18:00:00,0.822,0.0,18.0,85.1,54.3,1.04
2025-11-12 19:00:00,0.818,0.0,17.2,84.2,54.4,1.08
2025-11-12 20:00:00,0.824,0.0,18.6,85.0,54.2,1.05
2025-11-12 21:00:00,0.826,0.0,17.9,83.9,55.6,1.06
2025-11-12 22:00:00,0.826,0.0,19.2,83.4,55.8,1.12
2025-11-12 23:00:00,0.828,0.0,20.3,81.9,57.3,1.11
2025-11-13 00:00:00,0.828,0.0,21.1,81.0,58.1,1.09
2025-11-13 01:00:00,0.832,0.0,21.7,78.2,59.8,1.08
2025-11-13 02:00:00,0.834,0.0,22.7,78.8,59.9,1.05
2025-11-13 03:00:00,0.835,0.0,23.3,76.7,60.7,1.11
2025-11-13 04:00:00,0.837,0.0,23.9,77.7,61.5,1.12
2025-11-13 05:00:00,0.839,0.0,24.6,74.5,61.7,1.15
2025-11-13 06:00:00,0.842,0.0,24.6,76.7,62.3,1.12
2025-11-13 07:00:00,0.835,0.0,24.2,75.4,61.2,1.08
2025-11-13 08:00:00,0.836,0.0,24.3,75.0,61.0,1.11
2025-11-13 09:00:00,0.834,0.0,23.6,76.0,60.4,1.06
2025-11-13 10:00:00,0.833,0.0,23.0,77.2,60.4,1.12
2025-11-13 11:00:00,0.834,0.0,22.1,79.1,59.7,1.09
2025-11-13 12:00:00,0.829,0.0,20.8,80.5,58.0,1.06
2025-11-13 13:00:00,0.828,0.0,19.9,80.7,56.9,1.06
2025-11-13 14:00:00,0.827,0.0,19.5,82.5,56.0,1.02
2025-11-13 15:00:00,0.835,0.48,18.7,85.7,55.6,1.25
2025-11-13 16:00:00,0.83,0.29,18.0,86.1,54.2,1.28
2025-11-13 17:00:00,0.826,0.16,17.7,85.3,54.2,1.09
2025-11-13 18:00:00,0.821,0.0,17.9,85.0,54.4,0.99
2025-11-13 19:00:00,0.821,0.0,17.4,84.9,54.3,1.03
2025-11-13 20:00:00,0.825,0.0,18.1,84.9,54.6,1.06
2025-11-13 21:00:00,0.823,0.0,18.5,82.5,55.6,1.05
2025-11-13 22:00:00,0.831,0.0,19.2,82.2,54.9,1.09
2025-11-13 23:00:00,0.833,0.0,20.4,79.6,57.2,1.14
2025-11-14 00:00:00,0.831,0.0,21.2,80.4,57.7,1.12
2025-11-14 01:00:00,0.834,0.0,22.1,79.4,58.3,1.04
2025-11-14 02:00:00,0.834,0.0,23.1,77.0,60.2,1.15
2025-11-14 03:00:00,0.836,0.0,23.5,78.0,61.4,1.07
2025-11-14 04:00:00,0.838,0.0,24.2,74.4,61.4,1.2
2025-11-14 05:00:00,0.842,0.0,24.3,73.7,62.2,1.14
2025-11-14 06:00:00,0.842,0.0,24.6,75.2,62.6,1.13
2025-11-14 07:00:00,0.834,0.0,24.3,76.2,62.4,1.08
2025-11-14 08:00:00,0.842,0.0,24.1,77.4,62.1,1.14
2025-11-14 09:00:00,0.836,0.0,23.7,76.0,61.1,1.11
2025-11-14 10:00:00,0.84,0.0,22.5,78.6,60.0,1.2
2025-11-14 11:00:00,0.839,0.0,22.5,78.7,58.4,1.13
2025-11-14 12:00:00,0.831,0.0,20.7,79.8,57.9,1.04
2025-11-14 13:00:00,0.832,0.0,19.7,82.2,56.6,1.06
2025-11-14 14:00:00,0.826,0.0,19.6,83.2,56.9,1.04
2025-11-14 15:00:00,0.822,0.0,18.8,82.0,55.1,1.04
2025-11-14 16:00:00,0.82,0.0,18.2,85.8,54.6,1.04
2025-11-14 17:00:00,0.82,0.0,17.8,86.2,54.4,1.09
2025-11-14 18:00:00,0.818,0.0,17.5,84.4,54.0,1.06
2025-11-14 19:00:00,0.825,0.0,17.4,85.2,54.8,1.06
2025-11-14 20:00:00,0.82,0.0,18.0,84.8,54.3,1.05
2025-11-14 21:00:00,0.827,0.0,18.3,83.8,55.2,1.1
2025-11-14 22:00:00,0.824,0.0,19.5,81.9,55.7,1.1
2025-11-14 23:00:00,0.824,0.0,20.1,80.6,56.4,1.11
2025-11-15 00:00:00,0.831,0.0,20.8,80.0,57.8,1.09
2025-11-15 01:00:00,0.83,0.0,21.8,79.9,59.0,1.06
2025-11-15 02:00:00,0.836,0.0,22.9,78.0,59.8,1.17
2025-11-15 03:00:00,0.834,0.0,23.3,76.1,60.6,1.14
2025-11-15 04:00:00,0.832,0.0,23.8,76.4,60.9,1.08
2025-11-15 05:00:00,0.839,0.0,24.5,72.3,61.8,1.1
2025-11-15 06:00:00,0.836,0.0,24.6,76.1,61.4,1.1
2025-11-15 07:00:00,0.84,0.0,24.2,73.4,62.2,1.13
2025-11-15 08:00:00,0.831,0.0,23.9,75.3,61.5,1.02
2025-11-15 09:00:00,0.835,0.0,23.5,75.3,60.2,1.14
2025-11-15 10:00:00,0.826,0.0,22.3,76.2,59.9,1.07
2025-11-15 11:00:00,0.831,0.0,21.5,79.9,58.7,1.16
2025-11-15 12:00:00,0.829,0.0,20.8,79.5,58.1,1.11
2025-11-15 13:00:00,0.828,0.0,20.0,81.6,57.5,1.01
2025-11-15 14:00:00,0.828,0.0,19.3,82.5,55.2,1.1
2025-11-15 15:00:00,0.825,0.0,19.0,84.0,55.2,1.24
2025-11-15 16:00:00,0.816,0.0,18.2,84.4,54.5,1.12
2025-11-15 17:00:00,0.82,0.0,17.6,83.5,54.4,1.08
2025-11-15 18:00:00,0.821,0.0,17.5,86.0,54.1,1.05
2025-11-15 19:00:00,0.82,0.0,17.3,84.3,53.8,1.07
2025-11-15 20:00:00,0.818,0.0,18.0,82.8,54.4,1.08
2025-11-15 21:00:00,0.822,0.0,18.4,83.1,54.9,1.03
2025-11-15 22:00:00,0.824,0.0,19.3,84.0,56.4,1.13
2025-11-15 23:00:00,0.826,0.0,19.8,82.1,57.0,1.1
2025-11-16 00:00:00,0.828,0.0,21.2,79.7,58.8,1.12
2025-11-16 01:00:00,0.834,0.0,22.4,78.4,59.0,1.19
2025-11-16 02:00:00,0.834,0.0,22.7,77.2,59.7,1.14
2025-11-16 03:00:00,0.837,0.0,23.6,78.5,60.2,1.18
2025-11-16 04:00:00,0.836,0.0,24.2,76.1,60.7,1.15
2025-11-16 05:00:00,0.838,0.0,24.3,75.6,61.2,1.13
2025-11-16 06:00:00,0.839,0.0,24.6,76.0,62.1,1.15
2025-11-16 07:00:00,0.838,0.0,24.4,75.4,62.1,1.14
2025-11-16 08:00:00,0.843,0.0,24.1,75.4,60.8,1.19
2025-11-16 09:00:00,0.839,0.0,23.2,76.3,61.2,1.12
2025-11-16 10:00:00,0.832,0.0,22.8,77.4,59.8,1.15
2025-11-16 11:00:00,0.835,0.0,22.1,78.7,59.1,1.18
2025-11-16 12:00:00,0.828,0.0,21.4,80.7,58.6,1.08
2025-11-16 13:00:00,0.823,0.0,20.4,81.3,57.3,1.06
2025-11-16 14:00:00,0.828,0.0,19.9,83.2,55.9,1.08
2025-11-16 15:00:00,0.83,0.17,18.3,83.5,54.8,1.14
2025-11-16 16:00:00,0.834,0.41,18.2,84.4,53.7,1.17
2025-11-16 17:00:00,0.828,0.26,17.7,82.8,53.8,1.04
2025-11-16 18:00:00,0.82,0.0,18.2,85.9,53.9,1.0
2025-11-16 19:00:00,0.825,0.0,17.4,85.2,53.7,1.11
2025-11-16 20:00:00,0.824,0.0,17.7,85.3,54.5,1.14
2025-11-16 21:00:00,0.821,0.0,18.3,80.6,55.2,1.13
2025-11-16 22:00:00,0.828,0.0,18.6,84.6,55.9,1.08
2025-11-16 23:00:00,0.831,0.0,19.9,81.2,56.7,1.06
2025-11-17 00:00:00,0.828,0.0,20.8,81.1,58.1,1.07
2025-11-17 01:00:00,0.831,0.0,22.0,77.7,59.2,1.06
2025-11-17 02:00:00,0.838,0.0,22.9,78.1,59.6,1.12
2025-11-17 03:00:00,0.837,0.0,24.0,75.4,61.4,1.11
2025-11-17 04:00:00,0.832,0.0,24.3,75.0,61.4,1.12
2025-11-17 05:00:00,0.833,0.0,24.2,77.1,61.9,1.11
2025-11-17 06:00:00,0.835,0.0,24.2,74.8,62.3,1.2
2025-11-17 07:00:00,0.841,0.0,24.5,75.4,62.0,1.15
2025-11-17 08:00:00,0.842,0.0,23.6,76.5,61.8,1.11
2025-11-17 09:00:00,0.838,0.0,24.0,77.0,60.9,1.14
2025-11-17 10:00:00,0.835,0.0,23.1,77.7,59.8,1.17
2025-11-17 11:00:00,0.835,0.0,21.8,79.1,59.2,1.13
2025-11-17 12:00:00,0.825,0.0,20.5,82.4,57.5,1.04
2025-11-17 13:00:00,0.827,0.0,20.5,81.2,57.0,1.09
2025-11-17 14:00:00,0.822,0.0,19.2,82.7,56.0,1.17
2025-11-17 15:00:00,0.828,0.0,18.9,84.6,55.1,1.12
2025-11-17 16:00:00,0.822,0.0,17.5,85.4,54.5,1.06
2025-11-17 17:00:00,0.818,0.0,17.4,86.0,53.4,1.06
2025-11-17 18:00:00,0.822,0.0,17.5,85.6,53.8,1.02
2025-11-17 19:00:00,0.822,0.0,17.6,83.7,54.2,1.06
2025-11-17 20:00:00,0.816,0.0,17.8,86.0,54.6,1.01
2025-11-17 21:00:00,0.822,0.0,18.7,82.4,54.8,1.15
2025-11-17 22:00:00,0.827,0.0,18.9,82.8,56.5,1.04
2025-11-17 23:00:00,0.829,0.0,20.1,80.5,56.6,1.03
2025-11-18 00:00:00,0.833,0.0,21.0,79.9,58.4,1.09
2025-11-18 01:00:00,0.832,0.0,22.1,79.0,59.2,1.16
2025-11-18 02:00:00,0.831,0.0,23.0,77.8,59.7,1.05
2025-11-18 03:00:00,0.835,0.0,23.1,76.9,61.5,1.16
2025-11-18 04:00:00,0.833,0.0,23.6,77.3,61.0,1.0
2025-11-18 05:00:00,0.837,0.0,24.8,75.6,62.2,1.15
2025-11-18 06:00:00,0.843,0.0,24.6,74.8,62.4,1.13
2025-11-18 07:00:00,0.837,0.0,24.2,76.1,61.6,1.17
2025-11-18 08:00:00,0.832,0.0,24.5,76.9,62.0,1.09
2025-11-18 09:00:00,0.837,0.0,23.5,75.2,60.7,1.14
2025-11-18 10:00:00,0.833,0.0,23.1,78.1,60.1,1.11
2025-11-18 11:00:00,0.825,0.0,21.9,79.4,59.1,1.05
2025-11-18 12:00:00,0.831,0.0,21.6,79.7,57.9,1.07
2025-11-18 13:00:00,0.828,0.0,20.6,82.7,57.3,1.11
2025-11-18 14:00:00,0.824,0.0,19.2,82.3,56.3,1.09
2025-11-18 15:00:00,0.821,0.0,18.8,83.7,54.5,1.06
2025-11-18 16:00:00,0.824,0.0,18.2,84.2,55.1,1.08
2025-11-18 17:00:00,0.82,0.0,18.0,84.8,53.5,1.07
2025-11-18 18:00:00,0.823,0.0,17.2,83.9,54.4,0.99
2025-11-18 19:00:00,0.825,0.0,17.8,83.4,54.6,1.07
2025-11-18 20:00:00,0.823,0.0,18.3,85.9,54.1,1.12
2025-11-18 21:00:00,0.82,0.0,18.0,82.7,55.0,1.03
2025-11-18 22:00:00,0.825,0.0,18.9,81.5,55.6,1.05
2025-11-18 23:00:00,0.833,0.0,19.5,79.1,56.9,1.08
2025-11-19 00:00:00,0.828,0.0,20.9,79.4,57.9,1.1
2025-11-19 01:00:00,0.829,0.0,22.1,77.4,59.3,1.08
2025-11-19 02:00:00,0.835,0.0,23.2,79.1,60.5,1.11
2025-11-19 03:00:00,0.836,0.0,23.5,77.5,61.4,1.1
2025-11-19 04:00:00,0.833,0.0,24.5,75.0,61.2,1.13
2025-11-19 05:00:00,0.844,0.0,24.0,77.4,61.8,1.15
2025-11-19 06:00:00,0.84,0.0,24.0,76.0,61.3,1.16
2025-11-19 07:00:00,0.835,0.0,24.4,74.8,61.5,1.19
2025-11-19 08:00:00,0.838,0.0,24.1,73.2,61.9,1.2
2025-11-19 09:00:00,0.834,0.0,23.5,78.8,61.5,1.19
2025-11-19 10:00:00,0.837,0.0,22.1,76.1,59.5,1.15
2025-11-19 11:00:00,0.833,0.0,21.9,77.1,58.8,1.1
2025-11-19 12:00:00,0.834,0.0,20.6,81.0,58.0,1.12
2025-11-19 13:00:00,0.822,0.0,20.3,83.7,57.1,1.02
2025-11-19 14:00:00,0.825,0.0,19.4,83.9,55.7,1.09
2025-11-19 15:00:00,0.827,0.12,18.2,84.1,55.3,1.17
2025-11-19 16:00:00,0.823,0.25,17.8,84.9,54.3,1.14
2025-11-19 17:00:00,0.819,0.14,17.3,85.7,54.1,1.13
2025-11-19 18:00:00,0.821,0.0,17.5,85.8,54.2,1.08
2025-11-19 19:00:00,0.819,0.0,17.9,85.1,54.1,1.11
2025-11-19 20:00:00,0.825,0.0,17.7,84.4,54.4,1.11
2025-11-19 21:00:00,0.823,0.0,18.7,83.5,55.1,1.1
2025-11-19 22:00:00,0.823,0.0,19.1,81.7,56.0,1.11
2025-11-19 23:00:00,0.833,0.0,19.9,81.0,56.8,1.15
2025-11-20 00:00:00,0.828,0.0,21.0,78.3,57.9,1.11
2025-11-20 01:00:00,0.828,0.0,21.6,78.6,59.7,1.12
2025-11-20 02:00:00,0.836,0.0,22.6,76.5,60.2,1.05
2025-11-20 03:00:00,0.833,0.0,23.1,75.4,60.7,1.1
2025-11-20 04:00:00,0.837,0.0,24.6,75.8,61.7,1.08
2025-11-20 05:00:00,0.84,0.0,24.4,76.6,61.7,1.15
2025-11-20 06:00:00,0.838,0.0,24.3,75.9,62.5,1.1
2025-11-20 07:00:00,0.842,0.0,24.4,73.6,62.0,1.21
2025-11-20 08:00:00,0.836,0.0,24.0,74.7,61.4,1.1
2025-11-20 09:00:00,0.838,0.0,23.4,77.4,61.0,1.12
2025-11-20 10:00:00,0.834,0.0,22.9,76.5,59.4,1.15
2025-11-20 11:00:00,0.827,0.0,22.1,78.5,58.6,1.14
2025-11-20 12:00:00,0.83,0.0,20.8,80.6,57.5,1.08
2025-11-20 13:00:00,0.827,0.0,19.9,80.3,57.0,1.09
2025-11-20 14:00:00,0.82,0.0,19.2,82.6,56.7,1.12
2025-11-20 15:00:00,0.835,0.43,17.8,82.2,56.1,1.24
2025-11-20 16:00:00,0.837,0.49,17.5,83.7,54.8,1.21
2025-11-20 17:00:00,0.833,0.41,18.0,85.1,54.3,1.2
2025-11-20 18:00:00,0.824,0.0,18.0,83.4,53.3,0.99
2025-11-20 19:00:00,0.821,0.0,17.5,85.3,53.9,1.04
2025-11-20 20:00:00,0.824,0.0,18.1,84.3,54.2,1.09
2025-11-20 21:00:00,0.822,0.0,18.6,84.1,54.9,1.04
2025-11-20 22:00:00,0.825,0.0,20.2,82.7,55.9,1.05
2025-11-20 23:00:00,0.83,0.0,20.4,82.7,56.8,1.09
2025-11-21 00:00:00,0.821,0.0,21.0,80.1,57.2,1.05
2025-11-21 01:00:00,0.829,0.0,21.6,78.3,59.3,1.03
2025-11-21 02:00:00,0.831,0.0,22.3,77.6,59.6,1.11
2025-11-21 03:00:00,0.84,0.0,23.5,77.0,60.9,1.15
2025-11-21 04:00:00,0.836,0.0,23.8,75.7,62.3,1.14
2025-11-21 05:00:00,0.837,0.0,24.0,75.2,61.5,1.1
2025-11-21 06:00:00,0.836,0.0,24.3,74.3,61.0,1.05
2025-11-21 07:00:00,0.838,0.0,24.1,74.5,61.7,1.13
2025-11-21 08:00:00,0.838,0.0,24.5,74.3,61.9,1.11
2025-11-21 09:00:00,0.834,0.0,23.7,78.2,61.6,1.14
2025-11-21 10:00:00,0.831,0.0,22.7,76.3,59.5,1.13
2025-11-21 11:00:00,0.829,0.0,22.3,78.0,59.2,1.07
2025-11-21 12:00:00,0.826,0.0,21.0,79.3,57.8,1.06
2025-11-21 13:00:00,0.831,0.0,19.8,82.2,56.9,1.12
2025-11-21 14:00:00,0.828,0.0,19.7,82.2,57.1,1.11
2025-11-21 15:00:00,0.82,0.0,18.7,84.8,54.6,1.05
2025-11-21 16:00:00,0.82,0.0,17.7,83.7,54.6,1.11
2025-11-21 17:00:00,0.818,0.0,17.6,85.1,54.3,1.09
2025-11-21 18:00:00,0.824,0.0,17.2,84.2,54.4,1.15
2025-11-21 19:00:00,0.82,0.0,17.2,87.0,54.2,1.09
2025-11-21 20:00:00,0.829,0.0,18.2,83.1,54.7,1.07
2025-11-21 21:00:00,0.819,0.0,19.1,83.8,55.0,0.98
2025-11-21 22:00:00,0.828,0.0,18.8,83.1,56.1,1.02
2025-11-21 23:00:00,0.827,0.0,20.3,81.7,56.8,1.1
2025-11-22 00:00:00,0.831,0.0,20.8,79.8,58.2,1.12
2025-11-22 01:00:00,0.833,0.0,21.8,78.6,58.9,1.16
2025-11-22 02:00:00,0.832,0.0,22.6,77.5,60.2,1.08
2025-11-22 03:00:00,0.834,0.0,23.2,76.3,60.8,1.15
2025-11-22 04:00:00,0.84,0.0,24.0,76.6,61.9,1.16
2025-11-22 05:00:00,0.842,0.0,24.1,77.4,61.8,1.1
2025-11-22 06:00:00,0.844,0.0,24.6,74.4,61.3,1.21
2025-11-22 07:00:00,0.841,0.0,24.4,73.8,62.4,1.21
2025-11-22 08:00:00,0.833,0.0,24.0,75.6,61.1,1.09
2025-11-22 09:00:00,0.834,0.0,23.2,79.0,60.6,1.14
2025-11-22 10:00:00,0.831,0.0,22.6,76.7,59.8,1.14
2025-11-22 11:00:00,0.836,0.0,22.1,80.3,59.6,1.15
2025-11-22 12:00:00,0.831,0.0,21.2,81.7,57.1,1.06
2025-11-22 13:00:00,0.825,0.0,19.8,80.7,58.2,1.13
2025-11-22 14:00:00,0.828,0.0,19.3,83.1,56.4,1.09
2025-11-22 15:00:00,0.822,0.0,18.8,85.2,55.3,0.99
2025-11-22 16:00:00,0.819,0.0,17.5,84.0,54.5,1.13
2025-11-22 17:00:00,0.817,0.0,17.8,84.6,54.3,1.06
2025-11-22 18:00:00,0.824,0.0,17.3,84.4,54.2,1.03
2025-11-22 19:00:00,0.822,0.0,17.8,83.8,54.4,1.11
2025-11-22 20:00:00,0.822,0.0,17.7,83.7,54.8,1.19
2025-11-22 21:00:00,0.819,0.0,18.0,82.3,55.2,1.1
2025-11-22 22:00:00,0.825,0.0,18.8,82.5,55.9,1.11
2025-11-22 23:00:00,0.829,0.0,20.1,80.5,56.9,1.07
2025-11-23 00:00:00,0.831,0.0,21.1,80.2,57.9,1.03
2025-11-23 01:00:00,0.834,0.0,21.6,77.2,59.5,1.13
2025-11-23 02:00:00,0.836,0.0,22.9,77.8,60.2,1.17
2025-11-23 03:00:00,0.837,0.0,23.0,77.3,59.7,1.13
2025-11-23 04:00:00,0.835,0.0,24.0,73.7,61.7,1.09
2025-11-23 05:00:00,0.842,0.0,24.0,75.5,61.9,1.2
2025-11-23 06:00:00,0.838,0.0,24.3,76.2,62.0,1.13
2025-11-23 07:00:00,0.836,0.0,24.4,74.0,61.7,1.17
2025-11-23 08:00:00,0.84,0.0,23.8,77.3,61.9,1.21
2025-11-23 09:00:00,0.834,0.0,23.4,76.9,61.2,1.1
2025-11-23 10:00:00,0.835,0.0,23.1,76.8,59.7,1.15
2025-11-23 11:00:00,0.832,0.0,21.7,78.7,59.2,1.07
2025-11-23 12:00:00,0.833,0.0,21.3,80.6,57.6,1.14
2025-11-23 13:00:00,0.825,0.0,19.8,81.4,56.4,1.13
2025-11-23 14:00:00,0.829,0.0,19.4,83.0,55.7,1.1
2025-11-23 15:00:00,0.824,0.0,19.0,82.6,55.5,1.1
2025-11-23 16:00:00,0.82,0.0,17.2,84.5,54.9,1.06
2025-11-23 17:00:00,0.815,0.0,17.4,83.4,54.3,1.08
2025-11-23 18:00:00,0.816,0.0,17.7,84.9,54.3,1.11
2025-11-23 19:00:00,0.82,0.0,17.6,83.9,54.3,1.05
2025-11-23 20:00:00,0.82,0.0,18.1,83.6,54.3,1.05
2025-11-23 21:00:00,0.828,0.0,18.3,84.8,55.3,0.99
2025-11-23 22:00:00,0.829,0.0,19.3,83.6,56.3,1.11
2025-11-23 23:00:00,0.824,0.0,20.0,81.9,57.3,1.03
2025-11-24 00:00:00,0.835,0.0,21.4,78.9,58.5,1.08
2025-11-24 01:00:00,0.829,0.0,22.0,78.4,59.3,1.14
2025-11-24 02:00:00,0.836,0.0,22.9,78.7,60.1,1.08
2025-11-24 03:00:00,0.837,0.0,23.4,76.6,61.3,1.09
2025-11-24 04:00:00,0.841,0.0,23.9,78.0,61.5,1.18
2025-11-24 05:00:00,0.84,0.0,24.3,75.6,61.5,1.15
2025-11-24 06:00:00,0.844,0.0,24.6,75.2,61.9,1.15
2025-11-24 07:00:00,0.835,0.0,24.3,74.9,61.6,1.14
2025-11-24 08:00:00,0.844,0.0,24.1,75.8,61.2,1.11
2025-11-24 09:00:00,0.835,0.0,24.1,76.3,60.8,1.14
2025-11-24 10:00:00,0.834,0.0,23.0,78.2,59.7,1.08
2025-11-24 11:00:00,0.836,0.0,21.8,79.7,58.9,1.21
2025-11-24 12:00:00,0.831,0.0,21.4,79.2,57.2,1.07
2025-11-24 13:00:00,0.823,0.0,20.0,80.0,57.1,1.08
2025-11-24 14:00:00,0.829,0.0,18.6,80.7,56.0,1.11
2025-11-24 15:00:00,0.824,0.0,18.2,84.0,54.8,1.05
2025-11-24 16:00:00,0.819,0.0,17.4,83.2,54.8,1.09
2025-11-24 17:00:00,0.824,0.0,17.5,82.7,54.5,1.02
2025-11-24 18:00:00,0.826,0.0,17.5,85.4,53.4,1.11
2025-11-24 19:00:00,0.826,0.0,18.1,87.3,53.8,1.03
2025-11-24 20:00:00,0.818,0.0,18.1,84.3,54.2,1.05
2025-11-24 21:00:00,0.825,0.0,18.5,84.4,54.8,1.15
2025-11-24 22:00:00,0.828,0.0,19.5,82.6,56.3,1.08
2025-11-24 23:00:00,0.825,0.0,19.4,81.2,56.9,1.13
2025-11-25 00:00:00,0.827,0.0,21.1,80.9,57.9,1.15
2025-11-25 01:00:00,0.831,0.0,22.1,78.4,58.2,1.17
2025-11-25 02:00:00,0.837,0.0,22.3,77.8,60.3,1.12
2025-11-25 03:00:00,0.835,0.0,23.8,76.8,60.3,1.1
2025-11-25 04:00:00,0.839,0.0,24.1,75.0,61.5,1.14
2025-11-25 05:00:00,0.837,0.0,24.3,76.2,62.0,1.12
2025-11-25 06:00:00,0.839,0.0,24.7,74.8,62.5,1.05
2025-11-25 07:00:00,0.84,0.0,25.1,74.4,61.3,1.1
2025-11-25 08:00:00,0.834,0.0,24.1,76.2,60.3,1.05
2025-11-25 09:00:00,0.831,0.0,23.5,75.6,60.9,1.05
2025-11-25 10:00:00,0.832,0.0,22.6,77.5,60.7,1.19
2025-11-25 11:00:00,0.831,0.0,21.7,78.7,59.5,1.11
2025-11-25 12:00:00,0.831,0.0,21.2,81.1,58.1,1.11
2025-11-25 13:00:00,0.827,0.0,19.8,81.8,56.8,1.04
2025-11-25 14:00:00,0.83,0.0,19.3,82.5,56.3,1.17
2025-11-25 15:00:00,0.819,0.0,18.4,84.4,54.8,1.02
2025-11-25 16:00:00,0.821,0.0,18.1,85.7,54.7,1.03
2025-11-25 17:00:00,0.823,0.0,17.7,85.4,54.3,1.04
2025-11-25 18:00:00,0.827,0.0,17.8,85.0,54.4,1.14
2025-11-25 19:00:00,0.822,0.0,17.5,83.5,55.2,1.11
2025-11-25 20:00:00,0.826,0.0,17.9,83.3,54.7,1.06
2025-11-25 21:00:00,0.821,0.0,18.2,83.2,55.0,1.07
2025-11-25 22:00:00,0.828,0.0,19.1,81.9,56.0,1.1
2025-11-25 23:00:00,0.823,0.0,20.2,81.1,56.3,1.04
2025-11-26 00:00:00,0.83,0.0,21.2,80.1,57.7,1.1
2025-11-26 01:00:00,0.838,0.0,21.6,79.2,58.9,1.08
2025-11-26 02:00:00,0.836,0.0,23.0,77.4,59.8,1.18
2025-11-26 03:00:00,0.843,0.0,23.9,77.0,60.9,1.13
2025-11-26 04:00:00,0.839,0.0,24.2,75.7,61.1,1.16
2025-11-26 05:00:00,0.839,0.0,24.9,73.2,62.3,1.13
2025-11-26 06:00:00,0.84,0.0,24.3,74.1,62.0,1.04
2025-11-26 07:00:00,0.841,0.0,24.0,75.0,61.9,1.15
2025-11-26 08:00:00,0.837,0.0,23.5,74.5,61.3,1.21
2025-11-26 09:00:00,0.834,0.0,23.9,77.1,60.9,1.1
2025-11-26 10:00:00,0.84,0.0,22.9,79.0,60.3,1.11
2025-11-26 11:00:00,0.831,0.0,21.9,79.9,58.7,1.1
2025-11-26 12:00:00,0.833,0.0,21.1,79.8,57.7,1.12
2025-11-26 13:00:00,0.824,0.0,19.8,82.8,56.8,1.06
2025-11-26 14:00:00,0.824,0.0,20.0,82.6,55.5,1.07
2025-11-26 15:00:00,0.825,0.0,18.6,83.2,54.8,1.1
2025-11-26 16:00:00,0.817,0.0,18.0,83.7,54.3,1.09
2025-11-26 17:00:00,0.822,0.0,17.8,84.5,54.5,1.13
2025-11-26 18:00:00,0.822,0.0,17.6,84.6,54.1,1.11
2025-11-26 19:00:00,0.823,0.0,17.7,85.0,54.2,1.13
2025-11-26 20:00:00,0.824,0.0,17.7,84.5,54.9,1.07
2025-11-26 21:00:00,0.83,0.0,18.7,83.5,55.1,1.14
2025-11-26 22:00:00,0.827,0.0,19.8,82.9,56.2,1.04
2025-11-26 23:00:00,0.824,0.0,20.5,82.5,56.9,1.09
2025-11-27 00:00:00,0.83,0.0,21.5,80.9,58.1,1.08
2025-11-27 01:00:00,0.833,0.0,21.8,77.2,58.8,1.17
2025-11-27 02:00:00,0.837,0.0,22.5,74.9,59.0,1.08
2025-11-27 03:00:00,0.836,0.0,23.4,77.4,60.8,1.09
2025-11-27 04:00:00,0.837,0.0,24.0,74.3,62.0,1.11
2025-11-27 05:00:00,0.837,0.0,24.7,74.9,62.2,1.08
2025-11-27 06:00:00,0.839,0.0,24.0,73.8,62.4,1.11
2025-11-27 07:00:00,0.83,0.0,24.8,73.4,62.4,1.18
2025-11-27 08:00:00,0.841,0.0,24.0,76.2,61.5,1.13
2025-11-27 09:00:00,0.836,0.0,23.3,77.2,60.9,1.08
2025-11-27 10:00:00,0.84,0.0,22.4,76.9,59.8,1.21
2025-11-27 11:00:00,0.833,0.0,21.4,76.1,58.9,1.15
2025-11-27 12:00:00,0.831,0.0,21.2,79.5,58.2,1.05
2025-11-27 13:00:00,0.826,0.0,20.1,81.7,57.4,1.09
2025-11-27 14:00:00,0.824,0.0,18.9,81.0,55.9,1.07
2025-11-27 15:00:00,0.823,0.0,18.1,83.7,55.0,1.07
2025-11-27 16:00:00,0.822,0.0,17.9,84.3,54.5,1.03
2025-11-27 17:00:00,0.819,0.0,18.1,85.4,54.4,1.01
2025-11-27 18:00:00,0.824,0.0,17.4,85.1,53.4,0.99
2025-11-27 19:00:00,0.825,0.0,17.2,83.9,53.2,1.14
2025-11-27 20:00:00,0.821,0.0,17.9,85.5,54.3,0.96
2025-11-27 21:00:00,0.823,0.0,18.4,83.4,54.7,1.07
2025-11-27 22:00:00,0.822,0.0,18.4,82.5,55.8,1.05
2025-11-27 23:00:00,0.832,0.0,20.1,80.4,56.9,1.14
2025-11-28 00:00:00,0.827,0.0,20.9,79.6,57.8,1.03
2025-11-28 01:00:00,0.831,0.0,22.1,77.8,59.6,1.1
2025-11-28 02:00:00,0.836,0.0,23.3,77.3,60.1,1.1
2025-11-28 03:00:00,0.838,0.0,23.8,78.2,60.9,1.21
2025-11-28 04:00:00,0.84,0.0,24.0,74.3,61.7,1.14
2025-11-28 05:00:00,0.838,0.0,24.0,73.6,61.4,1.12
2025-11-28 06:00:00,0.843,0.0,25.3,76.5,62.4,1.12
2025-11-28 07:00:00,0.839,0.0,24.4,75.0,61.8,1.14
2025-11-28 08:00:00,0.836,0.0,24.0,75.0,61.7,1.07
2025-11-28 09:00:00,0.837,0.0,23.5,77.5,60.4,1.13
2025-11-28 10:00:00,0.836,0.0,22.8,76.9,59.4,1.1
2025-11-28 11:00:00,0.836,0.0,21.9,80.5,59.4,1.09
2025-11-28 12:00:00,0.835,0.0,20.8,80.7,58.2,1.05
2025-11-28 13:00:00,0.829,0.0,19.9,80.8,56.6,1.12
2025-11-28 14:00:00,0.823,0.0,19.2,84.7,55.7,1.09
2025-11-28 15:00:00,0.827,0.0,18.4,82.9,55.6,1.0
2025-11-28 16:00:00,0.824,0.0,17.8,85.1,54.1,0.98
2025-11-28 17:00:00,0.818,0.0,17.7,85.1,54.8,1.12
2025-11-28 18:00:00,0.819,0.0,17.4,86.3,53.6,1.01
2025-11-28 19:00:00,0.821,0.0,18.1,86.4,54.4,1.15
2025-11-28 20:00:00,0.817,0.0,17.2,84.4,54.4,1.01
2025-11-28 21:00:00,0.828,0.0,18.9,82.8,55.4,1.17
2025-11-28 22:00:00,0.825,0.0,19.6,83.0,55.8,1.03
2025-11-28 23:00:00,0.834,0.0,19.5,80.6,56.9,1.18
2025-11-29 00:00:00,0.832,0.0,20.9,82.0,58.0,1.08
2025-11-29 01:00:00,0.832,0.0,21.8,78.8,58.6,1.1
2025-11-29 02:00:00,0.835,0.0,22.3,77.1,60.3,1.18
2025-11-29 03:00:00,0.839,0.0,23.2,76.6,60.6,1.09
2025-11-29 04:00:00,0.842,0.0,23.7,74.3,61.4,1.16
2025-11-29 05:00:00,0.841,0.0,24.9,74.2,61.5,1.2
2025-11-29 06:00:00,0.836,0.0,24.8,76.2,61.0,1.12
2025-11-29 07:00:00,0.837,0.0,24.8,74.5,61.8,1.06
2025-11-29 08:00:00,0.839,0.0,24.2,74.6,62.4,1.23
2025-11-29 09:00:00,0.831,0.0,23.1,77.0,61.1,1.1
2025-11-29 10:00:00,0.836,0.0,22.6,78.7,60.0,1.13
2025-11-29 11:00:00,0.832,0.0,22.1,79.4,58.9,1.06
2025-11-29 12:00:00,0.831,0.0,20.6,81.0,58.0,1.07
2025-11-29 13:00:00,0.821,0.0,20.3,80.5,57.2,1.11
2025-11-29 14:00:00,0.828,0.0,19.2,81.1,55.5,1.1
2025-11-29 15:00:00,0.824,0.0,18.4,85.0,55.6,1.12
2025-11-29 16:00:00,0.823,0.0,18.2,84.0,54.8,1.11
2025-11-29 17:00:00,0.82,0.0,17.8,84.6,54.4,1.12
2025-11-29 18:00:00,0.822,0.0,17.4,86.3,54.2,1.08
2025-11-29 19:00:00,0.817,0.0,18.0,85.4,54.1,1.06
2025-11-29 20:00:00,0.82,0.0,17.6,84.8,54.8,1.04
2025-11-29 21:00:00,0.821,0.0,18.7,85.7,55.4,1.02
2025-11-29 22:00:00,0.832,0.0,19.4,81.9,55.9,1.16
2025-11-29 23:00:00,0.833,0.0,20.0,82.2,56.7,1.06
2025-11-30 00:00:00,0.83,0.0,21.1,80.1,58.0,1.05
2025-11-30 01:00:00,0.83,0.0,21.5,79.0,59.7,1.06
2025-11-30 02:00:00,0.838,0.0,23.0,79.0,59.5,1.12
2025-11-30 03:00:00,0.84,0.0,23.4,77.0,60.2,1.16
2025-11-30 04:00:00,0.845,0.0,23.9,76.2,61.5,1.1
2025-11-30 05:00:00,0.842,0.0,24.7,76.2,61.9,1.19
2025-11-30 06:00:00,0.836,0.0,24.3,74.6,62.1,1.16
2025-11-30 07:00:00,0.84,0.0,24.0,74.3,62.0,1.13
2025-11-30 08:00:00,0.835,0.0,23.6,74.6,61.4,1.09
2025-11-30 09:00:00,0.843,0.0,23.7,74.5,61.4,1.15
2025-11-30 10:00:00,0.837,0.0,22.4,79.6,59.4,1.09
2025-11-30 11:00:00,0.83,0.0,22.4,77.6,58.7,1.14
2025-11-30 12:00:00,0.826,0.0,20.4,79.8,58.0,1.07
2025-11-30 13:00:00,0.828,0.0,20.6,81.0,56.3,1.1
2025-11-30 14:00:00,0.825,0.0,19.3,82.8,55.9,1.1
2025-11-30 15:00:00,0.826,0.0,18.5,84.4,55.8,1.11
2025-11-30 16:00:00,0.819,0.0,17.8,85.2,54.5,1.05
2025-11-30 17:00:00,0.825,0.0,17.7,84.2,54.2,1.12
2025-11-30 18:00:00,0.817,0.0,17.5,84.8,53.5,1.06
2025-11-30 19:00:00,0.815,0.0,18.0,85.1,53.9,1.05
2025-11-30 20:00:00,0.828,0.0,18.0,84.1,54.4,1.05
2025-11-30 21:00:00,0.821,0.0,18.6,85.1,55.0,1.1
2025-11-30 22:00:00,0.821,0.0,19.1,83.0,56.5,1.04
2025-11-30 23:00:00,0.829,0.0,20.1,82.0,57.2,1.07
2025-12-01 00:00:00,0.811,0.0,19.1,84.5,41.4,1.02
2025-12-01 01:00:00,0.816,0.0,20.3,82.2,43.0,0.98
2025-12-01 02:00:00,0.816,0.0,21.7,82.2,42.8,1.07
2025-12-01 03:00:00,0.81,0.0,23.0,80.4,44.4,1.01
2025-12-01 04:00:00,0.815,0.0,23.3,79.9,43.5,1.02
2025-12-01 05:00:00,0.819,0.0,23.8,78.7,44.0,1.01
2025-12-01 06:00:00,0.816,0.0,24.5,79.1,44.6,1.02
2025-12-01 07:00:00,0.814,0.0,24.1,78.8,44.7,0.97
2025-12-01 08:00:00,0.819,0.0,23.2,79.6,44.6,0.99
2025-12-01 09:00:00,0.818,0.0,22.7,82.2,43.9,1.05
2025-12-01 10:00:00,0.809,0.0,21.4,81.1,43.4,0.97
2025-12-01 11:00:00,0.816,0.0,20.2,85.6,42.8,0.98
2025-12-01 12:00:00,0.809,0.0,19.1,84.5,42.3,1.01
2025-12-01 13:00:00,0.81,0.0,17.1,85.2,41.3,0.99
2025-12-01 14:00:00,0.804,0.0,16.0,85.1,40.7,1.04
2025-12-01 15:00:00,0.81,0.0,15.3,87.5,40.6,1.04
2025-12-01 16:00:00,0.803,0.0,14.4,86.9,40.2,0.94
2025-12-01 17:00:00,0.8,0.0,14.3,88.0,39.9,0.99
2025-12-01 18:00:00,0.803,0.0,13.7,90.0,40.3,1.03
2025-12-01 19:00:00,0.804,0.0,13.7,87.8,40.5,0.92
2025-12-01 20:00:00,0.806,0.0,15.1,88.6,40.3,0.95
2025-12-01 21:00:00,0.803,0.0,15.4,86.1,41.2,0.99
2025-12-01 22:00:00,0.812,0.0,16.5,86.0,40.5,1.13
2025-12-01 23:00:00,0.81,0.0,17.3,86.8,41.4,0.99
2025-12-02 00:00:00,0.812,0.0,18.8,83.4,41.7,1.04
2025-12-02 01:00:00,0.811,0.0,20.3,84.8,41.8,1.08
2025-12-02 02:00:00,0.815,0.0,21.2,82.7,43.0,1.04
2025-12-02 03:00:00,0.818,0.0,22.6,80.6,43.4,1.04
2025-12-02 04:00:00,0.819,0.0,23.1,81.2,44.3,1.01
2025-12-02 05:00:00,0.816,0.0,23.7,81.1,44.2,0.98
2025-12-02 06:00:00,0.819,0.0,23.8,80.6,43.6,1.06
2025-12-02 07:00:00,0.819,0.0,24.4,78.6,44.7,1.1
2025-12-02 08:00:00,0.817,0.0,23.3,79.8,44.2,1.05
2025-12-02 09:00:00,0.812,0.0,22.2,80.9,43.6,0.99
2025-12-02 10:00:00,0.816,0.0,21.7,81.9,42.9,1.06
2025-12-02 11:00:00,0.811,0.0,19.9,83.6,42.1,1.0
2025-12-02 12:00:00,0.805,0.0,19.1,84.2,41.9,0.97
2025-12-02 13:00:00,0.811,0.0,17.1,83.7,41.9,1.03
2025-12-02 14:00:00,0.808,0.0,16.1,86.4,41.8,0.99
2025-12-02 15:00:00,0.804,0.0,15.5,87.4,41.2,0.95
2025-12-02 16:00:00,0.805,0.0,14.9,88.0,40.1,1.0
2025-12-02 17:00:00,0.804,0.0,14.2,88.9,39.6,0.96
2025-12-02 18:00:00,0.796,0.0,14.0,88.8,40.1,0.99
2025-12-02 19:00:00,0.801,0.0,14.1,88.3,39.4,0.93
2025-12-02 20:00:00,0.805,0.0,14.2,87.4,40.4,0.97
2025-12-02 21:00:00,0.808,0.0,15.2,85.2,40.5,1.02
2025-12-02 22:00:00,0.808,0.0,16.4,86.4,40.8,0.94
2025-12-02 23:00:00,0.812,0.0,18.0,85.2,40.8,1.02
2025-12-03 00:00:00,0.809,0.0,19.1,84.3,42.2,1.0
2025-12-03 01:00:00,0.807,0.0,19.8,81.7,42.3,1.0
2025-12-03 02:00:00,0.811,0.0,21.6,80.9,42.5,0.95
2025-12-03 03:00:00,0.811,0.0,22.4,82.2,42.3,1.05
2025-12-03 04:00:00,0.815,0.0,23.1,80.5,43.7,1.08
2025-12-03 05:00:00,0.816,0.0,24.0,80.8,44.6,0.95
2025-12-03 06:00:00,0.815,0.0,24.3,80.0,44.7,1.07
2025-12-03 07:00:00,0.817,0.0,24.1,80.2,43.7,1.0
2025-12-03 08:00:00,0.817,0.0,23.1,81.5,43.5,1.05
2025-12-03 09:00:00,0.819,0.0,22.4,80.7,43.6,1.09
2025-12-03 10:00:00,0.813,0.0,21.6,82.1,42.6,0.96
2025-12-03 11:00:00,0.811,0.0,20.6,82.5,42.6,1.01
2025-12-03 12:00:00,0.807,0.0,18.9,83.6,42.3,0.95
2025-12-03 13:00:00,0.809,0.0,17.7,84.7,42.0,0.99
2025-12-03 14:00:00,0.806,0.0,16.2,86.2,41.0,0.96
2025-12-03 15:00:00,0.804,0.0,15.1,86.3,40.5,0.94
2025-12-03 16:00:00,0.806,0.0,14.9,88.7,39.9,1.03
2025-12-03 17:00:00,0.797,0.0,14.6,87.0,39.7,0.92
2025-12-03 18:00:00,0.798,0.0,14.0,87.8,39.9,0.93
2025-12-03 19:00:00,0.802,0.0,14.5,87.4,40.2,0.91
2025-12-03 20:00:00,0.8,0.0,14.8,88.9,40.6,0.93
2025-12-03 21:00:00,0.805,0.0,15.3,87.0,40.3,0.99
2025-12-03 22:00:00,0.804,0.0,16.6,87.0,41.6,0.99
2025-12-03 23:00:00,0.806,0.0,18.2,83.5,41.4,0.98
2025-12-04 00:00:00,0.815,0.0,19.0,84.3,42.0,1.07
2025-12-04 01:00:00,0.808,0.0,20.8,83.9,42.2,1.03
2025-12-04 02:00:00,0.816,0.0,20.7,82.1,42.0,0.98
2025-12-04 03:00:00,0.818,0.0,22.8,82.2,43.8,1.09
2025-12-04 04:00:00,0.814,0.0,23.4,80.0,44.0,0.98
2025-12-04 05:00:00,0.821,0.0,23.7,81.5,43.8,1.05
2025-12-04 06:00:00,0.82,0.0,24.0,82.3,44.0,1.05
2025-12-04 07:00:00,0.819,0.0,23.2,79.8,44.1,0.98
2025-12-04 08:00:00,0.82,0.0,23.3,80.1,43.1,1.08
2025-12-04 09:00:00,0.815,0.0,22.6,82.6,43.2,1.02
2025-12-04 10:00:00,0.809,0.0,21.9,83.6,43.3,1.02
2025-12-04 11:00:00,0.814,0.0,20.1,82.4,42.0,1.01
2025-12-04 12:00:00,0.813,0.0,18.8,83.6,42.1,1.0
2025-12-04 13:00:00,0.81,0.0,17.6,84.8,40.9,0.96
2025-12-04 14:00:00,0.806,0.0,16.8,84.7,41.2,0.98
2025-12-04 15:00:00,0.805,0.0,15.6,85.9,40.6,0.97
2025-12-04 16:00:00,0.803,0.0,14.5,86.5,39.6,1.01
2025-12-04 17:00:00,0.801,0.0,14.3,87.1,40.5,0.9
2025-12-04 18:00:00,0.807,0.0,14.0,88.0,39.7,1.05
2025-12-04 19:00:00,0.798,0.0,14.5,88.1,39.7,0.99
2025-12-04 20:00:00,0.802,0.0,14.5,89.0,40.3,0.98
2025-12-04 21:00:00,0.805,0.0,15.4,85.8,41.0,0.97
2025-12-04 22:00:00,0.804,0.0,16.4,87.0,40.6,0.95
2025-12-04 23:00:00,0.805,0.0,17.3,84.8,41.5,0.95
2025-12-05 00:00:00,0.81,0.0,19.1,84.0,42.2,0.97
2025-12-05 01:00:00,0.814,0.0,20.4,83.6,42.8,1.07
2025-12-05 02:00:00,0.812,0.0,21.5,80.9,43.1,1.02
2025-12-05 03:00:00,0.817,0.0,22.5,81.6,43.3,1.04
2025-12-05 04:00:00,0.817,0.0,22.9,80.7,43.4,1.05
2025-12-05 05:00:00,0.819,0.0,23.7,80.6,44.0,0.98
2025-12-05 06:00:00,0.821,0.0,23.9,80.3,43.6,1.07
2025-12-05 07:00:00,0.815,0.0,23.6,82.6,42.8,1.02
2025-12-05 08:00:00,0.819,0.0,23.3,79.9,43.9,1.02
2025-12-05 09:00:00,0.819,0.0,22.7,80.6,43.8,1.13
2025-12-05 10:00:00,0.812,0.0,22.1,81.4,42.1,0.95
2025-12-05 11:00:00,0.813,0.0,20.3,82.4,42.1,1.04
2025-12-05 12:00:00,0.809,0.0,19.1,83.4,42.2,1.06
2025-12-05 13:00:00,0.804,0.0,17.7,86.2,42.3,1.01
2025-12-05 14:00:00,0.804,0.0,15.9,87.4,41.0,1.05
2025-12-05 15:00:00,0.81,0.0,15.5,86.3,40.3,0.97
2025-12-05 16:00:00,0.801,0.0,14.7,86.6,40.2,1.0
2025-12-05 17:00:00,0.801,0.0,14.9,88.3,40.6,0.97
2025-12-05 18:00:00,0.802,0.0,13.9,87.4,39.7,0.9
2025-12-05 19:00:00,0.802,0.0,14.3,88.5,39.7,0.95
2025-12-05 20:00:00,0.802,0.0,14.7,87.7,40.1,1.03
2025-12-05 21:00:00,0.801,0.0,15.1,85.3,40.2,1.0
2025-12-05 22:00:00,0.805,0.0,16.8,87.5,41.0,0.97
2025-12-05 23:00:00,0.81,0.0,17.9,86.8,42.1,1.01
2025-12-06 00:00:00,0.812,0.0,19.2,83.4,42.1,1.04
2025-12-06 01:00:00,0.811,0.0,20.0,82.6,42.4,0.98
2025-12-06 02:00:00,0.811,0.0,21.9,82.3,42.9,0.97
2025-12-06 03:00:00,0.825,0.0,22.1,81.5,42.8,1.1
2025-12-06 04:00:00,0.813,0.0,23.5,81.2,44.1,0.96
2025-12-06 05:00:00,0.819,0.0,24.5,82.1,43.9,1.05
2025-12-06 06:00:00,0.82,0.0,23.7,79.8,43.9,1.02
2025-12-06 07:00:00,0.817,0.0,23.7,79.3,45.2,1.04
2025-12-06 08:00:00,0.817,0.0,23.4,79.2,43.9,0.94
2025-12-06 09:00:00,0.815,0.0,22.4,80.4,43.1,0.98
2025-12-06 10:00:00,0.815,0.0,21.0,82.0,42.8,1.14
2025-12-06 11:00:00,0.813,0.0,20.3,84.8,43.0,1.0
2025-12-06 12:00:00,0.813,0.0,18.7,83.5,42.0,1.03
2025-12-06 13:00:00,0.809,0.0,17.8,85.3,40.9,1.02
2025-12-06 14:00:00,0.812,0.0,16.2,86.0,41.4,0.96
2025-12-06 15:00:00,0.806,0.0,15.9,88.0,40.3,0.95
2025-12-06 16:00:00,0.805,0.0,14.4,90.0,41.0,0.94
2025-12-06 17:00:00,0.801,0.0,14.1,87.3,40.5,0.96
2025-12-06 18:00:00,0.805,0.0,14.2,87.5,39.8,1.02
2025-12-06 19:00:00,0.799,0.0,13.8,88.9,40.6,0.96
2025-12-06 20:00:00,0.801,0.0,14.7,88.1,40.3,0.92
2025-12-06 21:00:00,0.804,0.0,15.9,88.7,40.9,0.97
2025-12-06 22:00:00,0.813,0.0,16.0,86.6,41.2,1.03
2025-12-06 23:00:00,0.804,0.0,17.8,84.7,41.1,0.96
2025-12-07 00:00:00,0.813,0.0,19.1,84.6,41.7,1.09
2025-12-07 01:00:00,0.807,0.0,20.5,84.1,42.9,0.92
2025-12-07 02:00:00,0.82,0.0,21.1,82.8,42.9,1.05
2025-12-07 03:00:00,0.813,0.0,22.1,81.7,43.3,1.03
2025-12-07 04:00:00,0.809,0.0,23.5,81.6,43.4,1.0
2025-12-07 05:00:00,0.819,0.0,23.9,81.3,44.1,1.07
2025-12-07 06:00:00,0.815,0.0,24.1,81.4,44.8,1.02
2025-12-07 07:00:00,0.815,0.0,23.9,80.8,43.5,1.03
2025-12-07 08:00:00,0.814,0.0,23.1,80.4,43.7,1.0
2025-12-07 09:00:00,0.813,0.0,22.6,81.3,44.0,1.04
2025-12-07 10:00:00,0.817,0.0,21.6,83.2,43.0,1.01
2025-12-07 11:00:00,0.812,0.0,20.1,82.1,42.7,0.95
2025-12-07 12:00:00,0.809,0.0,19.6,84.4,41.6,0.99
2025-12-07 13:00:00,0.816,0.0,17.8,84.6,41.7,0.98
2025-12-07 14:00:00,0.815,0.23,16.1,86.0,40.9,1.1
2025-12-07 15:00:00,0.808,0.13,15.7,88.1,41.0,1.09
2025-12-07 16:00:00,0.805,0.06,14.4,87.7,40.7,1.01
2025-12-07 17:00:00,0.802,0.0,14.4,87.9,41.1,1.02
2025-12-07 18:00:00,0.805,0.0,14.3,86.6,40.2,0.96
2025-12-07 19:00:00,0.798,0.0,13.9,88.6,40.2,0.95
2025-12-07 20:00:00,0.801,0.0,15.0,88.1,40.3,0.96
2025-12-07 21:00:00,0.808,0.0,15.6,89.0,40.4,0.97
2025-12-07 22:00:00,0.806,0.0,16.7,85.7,41.1,0.99
2025-12-07 23:00:00,0.81,0.0,18.3,85.3,41.4,0.91
2025-12-08 00:00:00,0.808,0.0,18.9,84.2,42.1,1.0
2025-12-08 01:00:00,0.816,0.0,20.1,84.5,43.0,1.0
2025-12-08 02:00:00,0.808,0.0,21.2,81.9,42.6,1.02
2025-12-08 03:00:00,0.814,0.0,22.3,81.5,43.9,0.97
2025-12-08 04:00:00,0.815,0.0,23.3,81.1,44.3,1.01
2025-12-08 05:00:00,0.816,0.0,23.9,80.3,43.9,0.93
2025-12-08 06:00:00,0.821,0.0,24.1,79.6,43.2,1.09
2025-12-08 07:00:00,0.82,0.0,24.1,80.3,43.7,0.99
2025-12-08 08:00:00,0.816,0.0,23.3,81.6,44.3,1.02
2025-12-08 09:00:00,0.817,0.0,23.0,80.1,43.4,1.05
2025-12-08 10:00:00,0.812,0.0,21.4,82.1,42.6,1.01
2025-12-08 11:00:00,0.813,0.0,21.1,82.3,42.3,1.07
2025-12-08 12:00:00,0.812,0.0,19.2,85.2,42.3,1.04
2025-12-08 13:00:00,0.808,0.0,17.4,83.5,41.7,1.05
2025-12-08 14:00:00,0.809,0.11,16.2,85.4,40.9,0.99
2025-12-08 15:00:00,0.816,0.35,15.6,87.2,40.4,1.12
2025-12-08 16:00:00,0.805,0.15,14.6,89.0,40.1,0.99
2025-12-08 17:00:00,0.803,0.0,14.4,87.8,39.7,0.99
2025-12-08 18:00:00,0.803,0.0,14.1,87.4,40.6,0.99
2025-12-08 19:00:00,0.807,0.0,14.1,89.7,39.9,1.03
2025-12-08 20:00:00,0.804,0.0,14.4,86.0,40.8,1.02
2025-12-08 21:00:00,0.801,0.0,15.0,84.6,41.2,0.99
2025-12-08 22:00:00,0.811,0.0,16.4,86.4,41.4,1.0
2025-12-08 23:00:00,0.805,0.0,18.0,84.5,41.3,0.96
2025-12-09 00:00:00,0.807,0.0,19.1,83.0,42.2,0.96
2025-12-09 01:00:00,0.811,0.0,19.9,83.7,42.5,0.95
2025-12-09 02:00:00,0.814,0.0,21.6,82.2,42.6,1.05
2025-12-09 03:00:00,0.813,0.0,22.7,80.6,43.5,1.07
2025-12-09 04:00:00,0.818,0.0,23.1,79.3,43.3,1.07
2025-12-09 05:00:00,0.816,0.0,23.9,81.0,44.4,1.05
2025-12-09 06:00:00,0.815,0.0,24.0,80.7,43.8,1.05
2025-12-09 07:00:00,0.818,0.0,23.5,80.0,44.0,1.05
2025-12-09 08:00:00,0.813,0.0,23.4,82.4,43.8,0.98
2025-12-09 09:00:00,0.817,0.0,22.7,80.1,43.3,0.99
2025-12-09 10:00:00,0.815,0.0,21.8,80.5,43.2,0.96
2025-12-09 11:00:00,0.815,0.0,20.6,82.3,42.3,0.97
2025-12-09 12:00:00,0.812,0.0,18.6,84.0,42.3,1.03
2025-12-09 13:00:00,0.806,0.0,17.4,85.3,40.9,1.01
2025-12-09 14:00:00,0.807,0.0,16.7,85.8,41.1,0.97
2025-12-09 15:00:00,0.801,0.0,15.6,87.2,41.4,0.89
2025-12-09 16:00:00,0.804,0.0,14.8,86.2,39.9,0.92
2025-12-09 17:00:00,0.803,0.0,15.3,89.3,39.8,0.96
2025-12-09 18:00:00,0.804,0.0,14.2,87.9,40.2,0.97
2025-12-09 19:00:00,0.801,0.0,14.5,89.0,40.1,1.0
2025-12-09 20:00:00,0.804,0.0,15.0,87.8,40.4,0.99
2025-12-09 21:00:00,0.806,0.0,15.7,87.3,40.8,0.92
2025-12-09 22:00:00,0.808,0.0,16.4,86.6,41.3,1.02
2025-12-09 23:00:00,0.805,0.0,17.9,85.5,41.9,0.97
2025-12-10 00:00:00,0.81,0.0,18.8,84.6,42.2,0.99
2025-12-10 01:00:00,0.813,0.0,20.2,84.3,42.4,1.07
2025-12-10 02:00:00,0.817,0.0,21.4,82.2,43.3,0.97
2025-12-10 03:00:00,0.818,0.0,22.6,81.9,44.2,1.08
2025-12-10 04:00:00,0.818,0.0,24.0,80.4,43.7,1.07
2025-12-10 05:00:00,0.824,0.0,23.3,81.6,43.5,1.09
2025-12-10 06:00:00,0.819,0.0,24.2,79.3,44.4,1.07
2025-12-10 07:00:00,0.818,0.0,23.3,81.9,43.9,1.03
2025-12-10 08:00:00,0.816,0.0,23.2,80.5,42.9,1.08
2025-12-10 09:00:00,0.813,0.0,22.9,79.7,43.8,1.07
2025-12-10 10:00:00,0.815,0.0,21.5,82.1,42.8,0.96
2025-12-10 11:00:00,0.813,0.0,20.0,82.3,42.5,0.93
2025-12-10 12:00:00,0.812,0.0,18.8,84.8,42.1,1.04
2025-12-10 13:00:00,0.806,0.0,17.9,84.4,41.6,0.99
2025-12-10 14:00:00,0.812,0.0,16.3,85.6,41.3,0.99
2025-12-10 15:00:00,0.801,0.0,15.5,84.9,40.4,1.03
2025-12-10 16:00:00,0.809,0.0,14.7,87.0,40.5,1.0
2025-12-10 17:00:00,0.805,0.0,14.0,85.4,40.0,1.04
2025-12-10 18:00:00,0.8,0.0,14.6,86.4,40.3,0.94
2025-12-10 19:00:00,0.806,0.0,14.4,88.6,40.3,1.05
2025-12-10 20:00:00,0.805,0.0,14.1,88.2,39.9,0.95
2025-12-10 21:00:00,0.81,0.0,15.5,87.3,41.0,0.98
2025-12-10 22:00:00,0.805,0.0,16.3,85.0,40.8,1.0
2025-12-10 23:00:00,0.813,0.0,18.0,85.0,41.8,1.04
2025-12-11 00:00:00,0.811,0.0,18.8,84.0,42.1,1.02
2025-12-11 01:00:00,0.812,0.0,20.3,81.8,43.3,1.03
2025-12-11 02:00:00,0.806,0.0,21.7,83.5,42.9,0.98
2025-12-11 03:00:00,0.816,0.0,22.8,82.0,43.3,0.98
2025-12-11 04:00:00,0.818,0.0,23.0,80.3,43.7,1.02
2025-12-11 05:00:00,0.823,0.0,23.7,80.2,43.8,1.11
2025-12-11 06:00:00,0.817,0.0,23.9,80.2,44.3,1.02
2025-12-11 07:00:00,0.818,0.0,23.6,78.1,43.3,1.01
2025-12-11 08:00:00,0.818,0.0,23.9,80.3,43.3,1.0
2025-12-11 09:00:00,0.812,0.0,22.7,80.5,43.0,1.03
2025-12-11 10:00:00,0.816,0.0,21.1,81.0,43.4,0.99
2025-12-11 11:00:00,0.815,0.0,20.6,82.7,43.2,0.99
2025-12-11 12:00:00,0.811,0.0,19.6,85.8,42.0,1.04
2025-12-11 13:00:00,0.808,0.0,18.0,85.7,41.4,1.01
2025-12-11 14:00:00,0.804,0.0,16.0,85.4,41.0,0.97
2025-12-11 15:00:00,0.804,0.0,15.3,87.4,41.1,0.95
2025-12-11 16:00:00,0.803,0.0,15.0,88.9,39.9,0.91
2025-12-11 17:00:00,0.801,0.0,14.0,88.8,40.2,0.96
2025-12-11 18:00:00,0.801,0.0,14.1,88.1,40.4,0.96
2025-12-11 19:00:00,0.802,0.0,14.4,87.2,40.3,0.99
2025-12-11 20:00:00,0.806,0.0,14.4,88.2,40.3,0.96
2025-12-11 21:00:00,0.801,0.0,15.4,87.2,41.0,0.93
2025-12-11 22:00:00,0.805,0.0,15.5,86.9,39.9,0.97
2025-12-11 23:00:00,0.806,0.0,17.4,85.7,41.8,0.93
2025-12-12 00:00:00,0.809,0.0,18.9,85.0,41.7,1.0
2025-12-12 01:00:00,0.814,0.0,19.9,82.4,41.8,0.99
2025-12-12 02:00:00,0.813,0.0,22.0,83.3,43.2,0.97
2025-12-12 03:00:00,0.816,0.0,22.1,81.4,44.0,0.99
2025-12-12 04:00:00,0.819,0.0,23.2,82.6,43.7,0.96
2025-12-12 05:00:00,0.817,0.0,23.9,79.4,44.3,1.04
2025-12-12 06:00:00,0.819,0.0,24.4,81.7,44.6,1.14
2025-12-12 07:00:00,0.819,0.0,23.4,80.3,44.5,0.99
2025-12-12 08:00:00,0.817,0.0,23.7,79.9,44.4,0.95
2025-12-12 09:00:00,0.815,0.0,22.5,80.7,43.7,0.99
2025-12-12 10:00:00,0.817,0.0,21.2,81.7,43.0,1.0
2025-12-12 11:00:00,0.812,0.0,20.4,83.4,41.9,0.98
2025-12-12 12:00:00,0.815,0.0,19.1,84.5,41.9,1.01
2025-12-12 13:00:00,0.813,0.0,17.5,84.5,41.1,1.04
2025-12-12 14:00:00,0.807,0.0,16.5,86.0,41.9,1.01
2025-12-12 15:00:00,0.806,0.0,15.3,89.0,40.5,0.91
2025-12-12 16:00:00,0.802,0.0,14.7,89.2,40.3,1.01
2025-12-12 17:00:00,0.802,0.0,14.4,88.3,40.3,0.92
2025-12-12 18:00:00,0.802,0.0,14.5,88.0,40.0,1.04
2025-12-12 19:00:00,0.806,0.0,13.8,88.0,40.7,0.98
2025-12-12 20:00:00,0.806,0.0,15.3,88.1,40.0,0.97
2025-12-12 21:00:00,0.799,0.0,14.9,85.8,40.7,0.93
2025-12-12 22:00:00,0.811,0.0,16.5,85.7,40.7,0.99
2025-12-12 23:00:00,0.807,0.0,17.9,83.4,41.0,0.98
2025-12-13 00:00:00,0.816,0.0,19.1,84.4,41.8,1.09
2025-12-13 01:00:00,0.819,0.0,20.1,83.6,42.5,1.02
2025-12-13 02:00:00,0.815,0.0,21.4,81.5,42.8,0.96
2025-12-13 03:00:00,0.82,0.0,22.4,82.7,43.1,0.99
2025-12-13 04:00:00,0.818,0.0,23.2,79.3,43.2,0.98
2025-12-13 05:00:00,0.816,0.0,24.1,78.7,43.9,0.99
2025-12-13 06:00:00,0.816,0.0,24.1,80.2,43.4,1.0
2025-12-13 07:00:00,0.816,0.0,23.6,81.2,44.2,1.05
2025-12-13 08:00:00,0.814,0.0,23.6,82.2,43.8,1.02
2025-12-13 09:00:00,0.819,0.0,22.6,80.7,42.8,1.01
2025-12-13 10:00:00,0.812,0.0,21.7,83.1,42.9,1.0
2025-12-13 11:00:00,0.816,0.0,20.5,82.9,42.2,1.03
2025-12-13 12:00:00,0.808,0.0,18.8,83.8,42.1,1.01
2025-12-13 13:00:00,0.805,0.0,17.5,85.9,42.0,1.01
2025-12-13 14:00:00,0.807,0.0,16.7,86.7,40.2,0.98
2025-12-13 15:00:00,0.802,0.0,15.6,85.3,40.6,0.94
2025-12-13 16:00:00,0.805,0.0,14.7,88.9,40.2,1.03
2025-12-13 17:00:00,0.8,0.0,14.2,89.2,40.3,0.98
2025-12-13 18:00:00,0.796,0.0,14.4,87.4,40.1,0.93
2025-12-13 19:00:00,0.802,0.0,14.0,88.3,39.8,0.94
2025-12-13 20:00:00,0.8,0.0,14.8,88.0,40.1,0.94
2025-12-13 21:00:00,0.805,0.0,15.4,87.1,40.3,0.98
2025-12-13 22:00:00,0.799,0.0,16.4,85.4,41.4,0.88
2025-12-13 23:00:00,0.806,0.0,18.0,84.4,41.5,1.0
2025-12-14 00:00:00,0.802,0.0,19.2,84.0,42.8,0.95
2025-12-14 01:00:00,0.81,0.0,20.5,84.1,42.5,1.06
2025-12-14 02:00:00,0.813,0.0,21.9,82.5,42.7,1.03
2025-12-14 03:00:00,0.816,0.0,22.5,80.8,42.8,0.94
2025-12-14 04:00:00,0.819,0.0,23.5,81.3,43.0,1.04
2025-12-14 05:00:00,0.819,0.0,23.7,78.0,43.3,1.19
2025-12-14 06:00:00,0.812,0.0,24.1,81.1,44.1,1.08
2025-12-14 07:00:00,0.817,0.0,23.8,78.4,44.1,1.04
2025-12-14 08:00:00,0.817,0.0,23.4,80.2,43.1,1.01
2025-12-14 09:00:00,0.814,0.0,22.7,80.1,43.8,1.03
2025-12-14 10:00:00,0.809,0.0,21.3,80.7,42.8,1.03
2025-12-14 11:00:00,0.811,0.0,20.9,84.1,42.6,0.96
2025-12-14 12:00:00,0.809,0.0,18.7,83.5,42.6,1.05
2025-12-14 13:00:00,0.806,0.0,17.3,85.4,41.8,1.0
2025-12-14 14:00:00,0.804,0.0,16.8,86.0,40.9,1.01
2025-12-14 15:00:00,0.806,0.0,15.7,87.3,40.2,1.06
2025-12-14 16:00:00,0.803,0.0,14.9,87.5,39.4,1.0
2025-12-14 17:00:00,0.803,0.0,14.4,86.6,39.8,1.03
2025-12-14 18:00:00,0.8,0.0,14.0,89.0,39.9,0.99
2025-12-14 19:00:00,0.802,0.0,13.9,87.4,39.7,0.97
2025-12-14 20:00:00,0.803,0.0,14.7,85.9,40.2,0.99
2025-12-14 21:00:00,0.804,0.0,15.3,86.4,40.6,0.99
2025-12-14 22:00:00,0.811,0.0,16.8,87.5,40.9,1.04
2025-12-14 23:00:00,0.811,0.0,17.7,85.9,41.2,0.98
2025-12-15 00:00:00,0.807,0.0,18.8,83.7,42.1,1.03
2025-12-15 01:00:00,0.815,0.0,20.2,82.6,42.7,1.08
2025-12-15 02:00:00,0.812,0.0,21.6,81.7,42.6,1.0
2025-12-15 03:00:00,0.811,0.0,22.4,83.2,44.0,0.99
2025-12-15 04:00:00,0.82,0.0,23.1,80.9,43.7,1.02
2025-12-15 05:00:00,0.82,0.0,23.9,80.6,43.9,1.03
2025-12-15 06:00:00,0.819,0.0,24.1,81.0,44.3,0.99
2025-12-15 07:00:00,0.818,0.0,23.7,80.4,44.0,0.91
2025-12-15 08:00:00,0.816,0.0,23.2,80.3,44.1,0.96
2025-12-15 09:00:00,0.819,0.0,22.6,81.0,43.5,1.06
2025-12-15 10:00:00,0.815,0.0,21.1,81.9,42.8,1.08
2025-12-15 11:00:00,0.809,0.0,19.9,82.9,42.7,1.07
2025-12-15 12:00:00,0.813,0.0,18.8,84.7,41.5,1.0
2025-12-15 13:00:00,0.811,0.0,17.6,85.1,41.5,0.96
2025-12-15 14:00:00,0.804,0.0,16.6,86.7,41.0,0.95
2025-12-15 15:00:00,0.803,0.0,15.9,86.7,40.5,0.93
2025-12-15 16:00:00,0.807,0.0,14.9,87.5,40.2,0.98
2025-12-15 17:00:00,0.803,0.0,14.1,85.9,39.3,0.95
2025-12-15 18:00:00,0.797,0.0,14.0,88.9,39.8,0.96
2025-12-15 19:00:00,0.797,0.0,13.9,88.2,40.1,0.95
2025-12-15 20:00:00,0.799,0.0,14.7,88.5,40.3,1.04
2025-12-15 21:00:00,0.807,0.0,15.4,83.9,40.2,0.99
2025-12-15 22:00:00,0.81,0.0,16.6,88.1,41.5,0.97
2025-12-15 23:00:00,0.81,0.0,17.5,84.9,41.1,1.01
2025-12-16 00:00:00,0.811,0.0,19.2,85.1,42.4,1.05
2025-12-16 01:00:00,0.814,0.0,20.8,81.9,42.7,1.03
2025-12-16 02:00:00,0.809,0.0,21.5,82.6,42.7,0.96
2025-12-16 03:00:00,0.815,0.0,22.7,80.1,44.1,1.02
2025-12-16 04:00:00,0.814,0.0,23.5,79.9,43.3,1.11
2025-12-16 05:00:00,0.822,0.0,23.7,82.1,44.3,1.07
2025-12-16 06:00:00,0.818,0.0,24.1,79.8,44.4,1.02
2025-12-16 07:00:00,0.815,0.0,23.8,80.4,43.7,1.02
2025-12-16 08:00:00,0.818,0.0,23.4,81.4,44.3,0.98
2025-12-16 09:00:00,0.817,0.0,22.3,81.7,43.3,1.02
2025-12-16 10:00:00,0.808,0.0,21.5,82.2,43.1,0.96
2025-12-16 11:00:00,0.811,0.0,20.4,83.3,42.6,1.08
2025-12-16 12:00:00,0.812,0.0,19.4,86.4,41.9,0.95
2025-12-16 13:00:00,0.809,0.0,18.0,85.0,41.8,0.94
2025-12-16 14:00:00,0.809,0.0,17.1,86.2,41.3,0.98
2025-12-16 15:00:00,0.804,0.0,15.2,87.9,39.9,1.03
2025-12-16 16:00:00,0.799,0.0,14.9,88.6,40.8,0.91
2025-12-16 17:00:00,0.801,0.0,14.2,89.1,39.4,1.01
2025-12-16 18:00:00,0.797,0.0,14.7,88.6,40.4,0.84
2025-12-16 19:00:00,0.801,0.0,13.9,86.7,40.5,0.99
2025-12-16 20:00:00,0.807,0.0,14.4,89.1,39.8,0.97
2025-12-16 21:00:00,0.803,0.0,15.3,85.7,40.4,1.02
2025-12-16 22:00:00,0.8,0.0,15.9,86.3,40.6,0.95
2025-12-16 23:00:00,0.809,0.0,17.5,84.3,41.4,1.01
2025-12-17 00:00:00,0.808,0.0,18.8,83.9,41.9,1.0
2025-12-17 01:00:00,0.805,0.0,20.3,83.3,42.8,0.95
2025-12-17 02:00:00,0.815,0.0,21.6,82.3,43.5,0.98
2025-12-17 03:00:00,0.816,0.0,23.1,81.6,44.0,1.04
2025-12-17 04:00:00,0.816,0.0,23.6,82.1,43.5,1.03
2025-12-17 05:00:00,0.815,0.0,23.7,80.6,43.8,1.01
2025-12-17 06:00:00,0.82,0.0,23.7,79.8,43.3,1.04
2025-12-17 07:00:00,0.816,0.0,24.0,81.1,43.6,1.03
2025-12-17 08:00:00,0.819,0.0,22.9,81.7,44.1,0.95
2025-12-17 09:00:00,0.819,0.0,23.1,79.9,44.1,1.02
2025-12-17 10:00:00,0.815,0.0,21.9,82.6,42.5,1.07
2025-12-17 11:00:00,0.808,0.0,20.2,83.7,42.3,0.96
2025-12-17 12:00:00,0.809,0.0,18.5,83.7,42.0,0.97
2025-12-17 13:00:00,0.813,0.0,18.1,86.4,41.6,0.98
2025-12-17 14:00:00,0.804,0.0,16.5,85.8,40.7,0.99
2025-12-17 15:00:00,0.801,0.0,15.8,87.0,40.8,0.95
2025-12-17 16:00:00,0.804,0.0,14.2,87.3,40.1,0.97
2025-12-17 17:00:00,0.802,0.0,14.0,87.9,40.1,0.95
2025-12-17 18:00:00,0.797,0.0,14.0,86.9,40.2,0.97
2025-12-17 19:00:00,0.808,0.0,14.2,86.4,40.1,0.99
2025-12-17 20:00:00,0.804,0.0,14.5,89.1,40.1,1.01
2025-12-17 21:00:00,0.801,0.0,15.7,86.0,40.5,1.03
2025-12-17 22:00:00,0.807,0.0,16.2,85.0,41.0,1.05
2025-12-17 23:00:00,0.806,0.0,17.7,82.9,41.3,1.06
2025-12-18 00:00:00,0.812,0.0,19.0,83.4,41.9,1.03
2025-12-18 01:00:00,0.813,0.0,20.4,81.6,43.2,1.0
2025-12-18 02:00:00,0.818,0.0,21.7,83.6,43.2,1.03
2025-12-18 03:00:00,0.81,0.0,22.2,82.2,43.3,0.95
2025-12-18 04:00:00,0.816,0.0,22.9,79.8,44.0,1.03
2025-12-18 05:00:00,0.818,0.0,24.2,82.4,43.8,1.08
2025-12-18 06:00:00,0.812,0.0,24.1,81.0,44.5,1.01
2025-12-18 07:00:00,0.812,0.0,23.6,79.8,44.1,1.04
2025-12-18 08:00:00,0.817,0.0,23.8,78.0,43.7,1.04
2025-12-18 09:00:00,0.813,0.0,22.6,83.5,43.6,1.06
2025-12-18 10:00:00,0.817,0.0,21.9,80.6,42.4,1.05
2025-12-18 11:00:00,0.812,0.0,20.3,81.3,42.1,1.03
2025-12-18 12:00:00,0.808,0.0,19.6,85.0,41.5,1.03
2025-12-18 13:00:00,0.813,0.0,18.2,87.5,41.5,1.05
2025-12-18 14:00:00,0.804,0.0,16.4,87.4,41.7,0.99
2025-12-18 15:00:00,0.8,0.0,15.8,87.4,41.5,0.99
2025-12-18 16:00:00,0.804,0.0,14.9,88.1,40.5,0.91
2025-12-18 17:00:00,0.799,0.0,14.6,88.7,40.3,0.95
2025-12-18 18:00:00,0.801,0.0,13.7,88.8,39.3,0.92
2025-12-18 19:00:00,0.803,0.0,14.4,88.1,39.9,0.99
2025-12-18 20:00:00,0.802,0.0,15.0,87.6,40.0,0.94
2025-12-18 21:00:00,0.807,0.0,14.9,86.8,40.3,1.06
2025-12-18 22:00:00,0.805,0.0,16.1,85.2,40.9,0.96
2025-12-18 23:00:00,0.809,0.0,17.1,84.8,41.3,0.98
2025-12-19 00:00:00,0.81,0.0,18.9,82.3,41.2,1.03
2025-12-19 01:00:00,0.806,0.0,20.5,82.9,42.8,1.04
2025-12-19 02:00:00,0.814,0.0,22.0,81.0,42.6,1.0
2025-12-19 03:00:00,0.815,0.0,22.6,80.1,43.5,1.02
2025-12-19 04:00:00,0.812,0.0,23.8,80.7,44.6,1.07
2025-12-19 05:00:00,0.818,0.0,23.4,81.5,43.6,1.05
2025-12-19 06:00:00,0.821,0.0,23.5,80.9,43.0,1.0
2025-12-19 07:00:00,0.819,0.0,23.8,78.6,43.8,1.02
2025-12-19 08:00:00,0.819,0.0,23.4,79.5,44.2,0.95
2025-12-19 09:00:00,0.815,0.0,22.5,82.1,44.2,0.99
2025-12-19 10:00:00,0.815,0.0,20.9,81.0,42.5,1.04
2025-12-19 11:00:00,0.81,0.0,20.3,82.7,42.7,0.97
2025-12-19 12:00:00,0.81,0.0,18.6,84.6,41.8,0.96
2025-12-19 13:00:00,0.81,0.0,17.9,84.1,41.4,0.99
2025-12-19 14:00:00,0.797,0.0,16.6,86.1,42.1,0.94
2025-12-19 15:00:00,0.801,0.0,15.2,85.5,40.0,0.9
2025-12-19 16:00:00,0.799,0.0,14.5,86.9,40.4,0.97
2025-12-19 17:00:00,0.806,0.0,13.9,88.2,40.3,1.0
2025-12-19 18:00:00,0.8,0.0,14.0,86.4,40.4,0.98
2025-12-19 19:00:00,0.801,0.0,14.5,88.3,40.1,0.94
2025-12-19 20:00:00,0.8,0.0,14.4,87.4,40.4,0.89
2025-12-19 21:00:00,0.803,0.0,15.6,87.4,40.4,0.98
2025-12-19 22:00:00,0.806,0.0,16.3,86.2,41.1,0.97
2025-12-19 23:00:00,0.805,0.0,17.5,86.4,41.3,1.01
2025-12-20 00:00:00,0.806,0.0,19.0,84.1,42.2,1.02
2025-12-20 01:00:00,0.809,0.0,20.0,82.5,42.4,0.97
2025-12-20 02:00:00,0.81,0.0,21.3,82.1,43.2,0.98
2025-12-20 03:00:00,0.819,0.0,22.2,81.7,43.4,1.05
2025-12-20 04:00:00,0.82,0.0,23.9,80.6,44.2,1.06
2025-12-20 05:00:00,0.814,0.0,23.8,80.2,43.9,1.0
2025-12-20 06:00:00,0.816,0.0,23.8,79.3,43.3,1.07
2025-12-20 07:00:00,0.814,0.0,23.9,79.5,44.4,1.05
2025-12-20 08:00:00,0.82,0.0,23.3,79.1,43.4,1.11
2025-12-20 09:00:00,0.814,0.0,22.5,82.9,43.2,1.04
2025-12-20 10:00:00,0.821,0.0,21.7,80.8,42.8,1.01
2025-12-20 11:00:00,0.807,0.0,20.5,82.3,43.1,0.92
2025-12-20 12:00:00,0.812,0.0,18.8,83.3,41.1,0.93
2025-12-20 13:00:00,0.807,0.0,17.5,85.9,42.7,1.01
2025-12-20 14:00:00,0.807,0.0,16.4,85.7,41.4,1.0
2025-12-20 15:00:00,0.805,0.0,14.8,88.1,40.7,1.03
2025-12-20 16:00:00,0.8,0.0,14.2,86.8,40.2,0.94
2025-12-20 17:00:00,0.8,0.0,14.6,88.1,40.2,1.0
2025-12-20 18:00:00,0.805,0.0,14.5,87.2,40.2,1.0
2025-12-20 19:00:00,0.806,0.0,14.1,90.0,40.3,0.94
2025-12-20 20:00:00,0.808,0.0,14.8,86.3,40.5,1.05
2025-12-20 21:00:00,0.807,0.0,15.6,87.1,40.6,1.06
2025-12-20 22:00:00,0.801,0.0,17.4,86.6,40.9,0.95
2025-12-20 23:00:00,0.806,0.0,18.0,85.4,41.4,1.01
2025-12-21 00:00:00,0.807,0.0,19.0,83.8,41.9,1.02
2025-12-21 01:00:00,0.816,0.0,20.0,82.8,43.0,1.05
2025-12-21 02:00:00,0.815,0.0,21.0,82.0,43.2,0.98
2025-12-21 03:00:00,0.813,0.0,22.6,81.0,42.2,1.06
2025-12-21 04:00:00,0.819,0.0,23.1,81.5,44.0,1.03
2025-12-21 05:00:00,0.816,0.0,23.4,82.3,44.0,0.94
2025-12-21 06:00:00,0.815,0.0,23.8,79.4,44.0,1.09
2025-12-21 07:00:00,0.814,0.0,23.5,78.8,43.8,1.02
2025-12-21 08:00:00,0.82,0.0,23.8,80.4,44.2,0.98
2025-12-21 09:00:00,0.816,0.0,22.8,83.8,43.8,1.06
2025-12-21 10:00:00,0.814,0.0,21.5,81.2,42.7,1.13
2025-12-21 11:00:00,0.807,0.0,20.7,84.6,42.7,1.03
2025-12-21 12:00:00,0.809,0.0,19.0,85.7,41.6,1.03
2025-12-21 13:00:00,0.809,0.0,17.4,84.5,40.9,0.97
2025-12-21 14:00:00,0.807,0.0,17.0,86.6,40.7,0.91
2025-12-21 15:00:00,0.806,0.0,15.6,88.5,40.9,1.0
2025-12-21 16:00:00,0.805,0.0,14.4,87.1,40.6,1.02
2025-12-21 17:00:00,0.803,0.0,14.1,87.7,40.3,0.98
2025-12-21 18:00:00,0.799,0.0,13.7,87.4,40.3,0.93
2025-12-21 19:00:00,0.806,0.0,13.8,86.8,40.3,1.04
2025-12-21 20:00:00,0.802,0.0,14.9,86.8,40.0,0.98
2025-12-21 21:00:00,0.802,0.0,16.0,85.6,40.8,1.02
2025-12-21 22:00:00,0.808,0.0,16.1,86.0,41.3,1.07
2025-12-21 23:00:00,0.805,0.0,17.9,84.3,41.8,0.97
2025-12-22 00:00:00,0.811,0.0,18.8,84.2,42.5,1.03
2025-12-22 01:00:00,0.811,0.0,20.1,81.4,42.8,0.97
2025-12-22 02:00:00,0.817,0.0,21.3,82.3,43.1,1.05
2025-12-22 03:00:00,0.813,0.0,22.3,82.0,43.8,1.06
2025-12-22 04:00:00,0.82,0.0,23.3,78.5,43.7,1.04
2025-12-22 05:00:00,0.818,0.0,23.6,80.5,43.6,1.05
2025-12-22 06:00:00,0.815,0.0,24.1,81.2,43.9,1.02
2025-12-22 07:00:00,0.811,0.0,23.8,78.9,43.6,1.04
2025-12-22 08:00:00,0.812,0.0,23.3,82.2,43.5,1.07
2025-12-22 09:00:00,0.815,0.0,22.3,81.6,43.4,1.01
2025-12-22 10:00:00,0.812,0.0,21.3,81.3,42.7,1.0
2025-12-22 11:00:00,0.816,0.0,20.5,82.9,42.4,0.92
2025-12-22 12:00:00,0.814,0.0,19.2,84.6,41.2,1.03
2025-12-22 13:00:00,0.804,0.0,17.4,85.1,41.6,0.94
2025-12-22 14:00:00,0.811,0.0,16.5,86.5,41.0,0.97
2025-12-22 15:00:00,0.801,0.0,15.7,85.9,40.3,1.01
2025-12-22 16:00:00,0.804,0.0,14.2,87.6,40.5,0.94
2025-12-22 17:00:00,0.803,0.0,14.3,86.4,40.4,0.93
2025-12-22 18:00:00,0.805,0.0,13.8,87.9,39.4,1.03
2025-12-22 19:00:00,0.804,0.0,14.3,87.0,39.8,0.99
2025-12-22 20:00:00,0.808,0.0,14.4,86.7,40.0,0.99
2025-12-22 21:00:00,0.801,0.0,14.9,88.1,40.2,0.99
2025-12-22 22:00:00,0.812,0.0,16.0,87.1,41.3,0.97
2025-12-22 23:00:00,0.807,0.0,17.7,85.6,41.4,1.01
2025-12-23 00:00:00,0.81,0.0,19.1,82.9,41.9,0.96
2025-12-23 01:00:00,0.815,0.0,20.0,82.6,41.7,1.11
2025-12-23 02:00:00,0.815,0.0,21.7,83.2,43.3,0.98
2025-12-23 03:00:00,0.811,0.0,22.0,81.3,42.9,1.01
2025-12-23 04:00:00,0.82,0.0,23.3,82.9,43.8,1.05
2025-12-23 05:00:00,0.818,0.0,23.5,80.5,44.0,1.0
2025-12-23 06:00:00,0.815,0.0,23.8,80.2,44.5,1.05
2025-12-23 07:00:00,0.82,0.0,23.8,79.8,43.4,0.97
2025-12-23 08:00:00,0.822,0.0,23.1,80.7,42.5,1.06
2025-12-23 09:00:00,0.82,0.0,22.4,81.0,43.5,0.98
2025-12-23 10:00:00,0.81,0.0,21.8,82.7,43.7,0.99
2025-12-23 11:00:00,0.814,0.0,20.1,83.9,43.0,1.08
2025-12-23 12:00:00,0.812,0.0,19.3,83.2,42.1,1.0
2025-12-23 13:00:00,0.805,0.0,17.4,83.7,41.3,1.03
2025-12-23 14:00:00,0.803,0.0,16.7,84.2,41.3,1.04
2025-12-23 15:00:00,0.803,0.0,15.9,87.3,40.2,1.04
2025-12-23 16:00:00,0.805,0.0,13.9,86.4,40.5,0.98
2025-12-23 17:00:00,0.801,0.0,13.9,85.7,40.3,0.95
2025-12-23 18:00:00,0.803,0.0,14.2,88.4,40.4,0.98
2025-12-23 19:00:00,0.8,0.0,14.1,90.0,41.2,0.96
2025-12-23 20:00:00,0.803,0.0,14.8,87.5,40.4,0.89
2025-12-23 21:00:00,0.806,0.0,15.3,87.7,40.4,0.95
2025-12-23 22:00:00,0.803,0.0,16.5,86.1,41.0,0.91
2025-12-23 23:00:00,0.803,0.0,17.7,84.9,40.8,0.92
2025-12-24 00:00:00,0.808,0.0,19.4,84.9,41.7,1.07
2025-12-24 01:00:00,0.81,0.0,20.4,82.7,42.4,1.01
2025-12-24 02:00:00,0.815,0.0,21.6,82.3,42.8,1.02
2025-12-24 03:00:00,0.815,0.0,22.4,81.5,43.5,0.97
2025-12-24 04:00:00,0.821,0.0,23.2,79.9,43.4,1.11
2025-12-24 05:00:00,0.813,0.0,23.7,81.1,44.4,0.97
2025-12-24 06:00:00,0.817,0.0,24.1,79.8,44.0,0.99
2025-12-24 07:00:00,0.819,0.0,23.7,79.4,43.9,1.0
2025-12-24 08:00:00,0.823,0.0,23.4,81.1,43.6,1.09
2025-12-24 09:00:00,0.816,0.0,23.2,80.3,43.5,1.06
2025-12-24 10:00:00,0.817,0.0,21.8,82.0,43.3,1.0
2025-12-24 11:00:00,0.81,0.0,20.2,83.0,42.2,1.0
2025-12-24 12:00:00,0.813,0.0,19.4,85.1,41.7,1.01
2025-12-24 13:00:00,0.803,0.0,17.6,85.5,41.4,0.94
2025-12-24 14:00:00,0.806,0.0,15.9,86.0,40.5,0.98
2025-12-24 15:00:00,0.81,0.0,15.2,87.6,40.3,0.95
2025-12-24 16:00:00,0.805,0.0,14.1,88.9,40.1,1.04
2025-12-24 17:00:00,0.809,0.0,14.1,88.4,40.4,0.98
2025-12-24 18:00:00,0.803,0.0,14.0,88.0,40.1,1.0
2025-12-24 19:00:00,0.803,0.0,14.7,86.6,40.1,0.97
2025-12-24 20:00:00,0.804,0.0,14.8,86.4,40.6,0.88
2025-12-24 21:00:00,0.806,0.0,15.4,86.5,40.5,0.99
2025-12-24 22:00:00,0.805,0.0,16.7,85.4,41.2,1.07
2025-12-24 23:00:00,0.806,0.0,17.0,84.8,41.4,0.97
2025-12-25 00:00:00,0.816,0.0,19.1,84.1,42.1,0.99
2025-12-25 01:00:00,0.81,0.0,20.5,83.5,42.3,1.0
2025-12-25 02:00:00,0.817,0.0,21.1,81.9,42.0,1.03
2025-12-25 03:00:00,0.812,0.0,22.9,81.7,43.4,0.98
2025-12-25 04:00:00,0.815,0.0,23.4,80.6,44.3,1.01
2025-12-25 05:00:00,0.819,0.0,23.7,78.2,44.3,1.05
2025-12-25 06:00:00,0.813,0.0,24.2,79.1,44.4,1.05
2025-12-25 07:00:00,0.818,0.0,24.5,80.0,44.4,1.09
2025-12-25 08:00:00,0.818,0.0,23.4,79.3,43.8,1.07
2025-12-25 09:00:00,0.817,0.0,22.6,81.8,43.5,1.08
2025-12-25 10:00:00,0.816,0.0,21.4,83.5,42.8,1.02
2025-12-25 11:00:00,0.819,0.0,20.0,84.2,42.4,1.07
2025-12-25 12:00:00,0.812,0.0,19.2,83.8,42.2,0.95
2025-12-25 13:00:00,0.804,0.0,17.4,86.5,42.0,0.99
2025-12-25 14:00:00,0.806,0.0,16.5,86.1,40.9,0.96
2025-12-25 15:00:00,0.805,0.0,15.3,86.5,40.4,1.05
2025-12-25 16:00:00,0.805,0.0,14.8,86.9,40.3,0.94
2025-12-25 17:00:00,0.802,0.0,14.3,87.6,40.3,0.94
2025-12-25 18:00:00,0.801,0.0,14.3,87.6,39.4,0.95
2025-12-25 19:00:00,0.801,0.0,14.0,88.0,39.1,0.92
2025-12-25 20:00:00,0.803,0.0,14.6,87.6,40.0,0.95
2025-12-25 21:00:00,0.796,0.0,15.2,86.8,40.1,1.03
2025-12-25 22:00:00,0.809,0.0,16.4,86.4,40.8,0.98
2025-12-25 23:00:00,0.808,0.0,17.8,86.2,41.4,0.95
2025-12-26 00:00:00,0.815,0.0,19.2,84.9,41.8,1.09
2025-12-26 01:00:00,0.813,0.0,20.0,81.5,43.1,1.05
2025-12-26 02:00:00,0.815,0.0,21.8,79.4,43.1,0.96
2025-12-26 03:00:00,0.814,0.0,22.9,82.1,43.5,1.02
2025-12-26 04:00:00,0.816,0.0,23.5,79.2,44.0,1.01
2025-12-26 05:00:00,0.817,0.0,24.4,79.9,43.5,1.02
2025-12-26 06:00:00,0.818,0.0,23.8,78.8,44.4,0.99
2025-12-26 07:00:00,0.816,0.0,23.5,78.3,43.9,0.97
2025-12-26 08:00:00,0.82,0.0,22.8,81.1,44.0,0.95
2025-12-26 09:00:00,0.819,0.0,23.0,81.9,43.0,1.09
2025-12-26 10:00:00,0.813,0.0,21.7,81.4,42.4,0.91
2025-12-26 11:00:00,0.811,0.0,20.3,80.4,42.8,1.0
2025-12-26 12:00:00,0.807,0.0,19.1,83.5,42.2,0.97
2025-12-26 13:00:00,0.813,0.0,17.4,85.4,41.1,1.04
2025-12-26 14:00:00,0.803,0.0,17.2,84.5,40.7,0.91
2025-12-26 15:00:00,0.803,0.0,15.5,87.0,41.0,0.97
2025-12-26 16:00:00,0.805,0.0,14.7,87.4,39.8,0.96
2025-12-26 17:00:00,0.804,0.0,14.4,88.4,40.7,1.06
2025-12-26 18:00:00,0.804,0.0,14.1,88.1,39.6,0.98
2025-12-26 19:00:00,0.802,0.0,14.2,86.9,40.3,0.96
2025-12-26 20:00:00,0.807,0.0,14.4,88.7,40.1,0.96
2025-12-26 21:00:00,0.804,0.0,15.6,86.7,40.8,0.98
2025-12-26 22:00:00,0.804,0.0,17.1,86.0,40.8,0.93
2025-12-26 23:00:00,0.809,0.0,18.1,84.1,41.4,0.99
2025-12-27 00:00:00,0.812,0.0,19.5,83.6,42.0,0.98
2025-12-27 01:00:00,0.816,0.0,20.1,82.1,42.1,0.98
2025-12-27 02:00:00,0.819,0.0,21.2,81.8,43.3,0.96
2025-12-27 03:00:00,0.817,0.0,22.5,82.9,43.2,1.04
2025-12-27 04:00:00,0.815,0.0,23.3,79.2,43.6,1.03
2025-12-27 05:00:00,0.822,0.0,24.2,78.5,43.5,0.95
2025-12-27 06:00:00,0.82,0.0,23.5,81.5,43.0,0.93
2025-12-27 07:00:00,0.815,0.0,24.3,79.9,43.9,1.08
2025-12-27 08:00:00,0.815,0.0,23.3,79.9,44.7,0.97
2025-12-27 09:00:00,0.815,0.0,22.4,82.2,43.7,1.1
2025-12-27 10:00:00,0.809,0.0,21.2,81.4,43.0,0.95
2025-12-27 11:00:00,0.817,0.0,19.8,84.8,42.4,1.1
2025-12-27 12:00:00,0.81,0.0,19.2,84.7,42.0,0.95
2025-12-27 13:00:00,0.814,0.0,17.7,84.5,41.7,1.08
2025-12-27 14:00:00,0.808,0.0,16.1,88.2,40.5,0.96
2025-12-27 15:00:00,0.804,0.0,15.1,86.2,41.0,0.97
2025-12-27 16:00:00,0.804,0.0,14.6,88.2,40.6,1.04
2025-12-27 17:00:00,0.805,0.0,14.7,88.2,40.4,0.94
2025-12-27 18:00:00,0.806,0.0,13.9,89.3,40.2,1.0
2025-12-27 19:00:00,0.804,0.0,13.7,89.4,40.1,1.04
2025-12-27 20:00:00,0.8,0.0,14.6,87.5,40.5,0.96
2025-12-27 21:00:00,0.803,0.0,15.4,86.1,40.8,0.91
2025-12-27 22:00:00,0.807,0.0,15.7,86.5,40.9,1.09
2025-12-27 23:00:00,0.802,0.0,17.7,84.4,41.3,0.97
2025-12-28 00:00:00,0.812,0.0,18.9,86.0,42.0,1.01
2025-12-28 01:00:00,0.812,0.0,20.5,83.1,43.1,0.95
2025-12-28 02:00:00,0.815,0.0,22.1,81.6,42.5,0.99
2025-12-28 03:00:00,0.809,0.0,22.9,81.4,42.8,1.04
2025-12-28 04:00:00,0.82,0.0,23.2,79.2,43.8,1.04
2025-12-28 05:00:00,0.818,0.0,23.5,79.2,44.0,1.07
2025-12-28 06:00:00,0.819,0.0,24.5,81.2,44.1,1.07
2025-12-28 07:00:00,0.817,0.0,23.8,79.5,44.0,1.08
2025-12-28 08:00:00,0.818,0.0,23.3,79.5,43.6,1.04
2025-12-28 09:00:00,0.812,0.0,22.5,81.7,44.0,1.02
2025-12-28 10:00:00,0.812,0.0,21.6,83.2,42.4,0.98
2025-12-28 11:00:00,0.81,0.0,20.3,83.7,42.2,0.96
2025-12-28 12:00:00,0.816,0.0,18.8,85.0,42.0,1.08
2025-12-28 13:00:00,0.814,0.0,17.5,84.3,40.8,0.96
2025-12-28 14:00:00,0.806,0.0,16.5,84.6,40.9,0.94
2025-12-28 15:00:00,0.802,0.0,15.3,88.3,41.3,0.94
2025-12-28 16:00:00,0.807,0.0,14.5,87.1,40.3,0.97
2025-12-28 17:00:00,0.805,0.0,14.2,87.6,40.2,1.01
2025-12-28 18:00:00,0.809,0.0,13.9,89.3,39.5,0.94
2025-12-28 19:00:00,0.806,0.0,14.6,88.4,39.8,1.03
2025-12-28 20:00:00,0.8,0.0,13.9,87.9,40.1,1.01
2025-12-28 21:00:00,0.805,0.0,15.8,89.0,40.5,0.97
2025-12-28 22:00:00,0.804,0.0,16.9,85.4,41.5,0.95
2025-12-28 23:00:00,0.814,0.0,17.1,86.0,41.7,1.01
2025-12-29 00:00:00,0.812,0.0,18.9,84.1,41.6,0.98
2025-12-29 01:00:00,0.81,0.0,20.2,83.2,42.6,1.04
2025-12-29 02:00:00,0.81,0.0,21.1,83.5,43.2,0.98
2025-12-29 03:00:00,0.816,0.0,22.3,81.7,43.9,1.02
2025-12-29 04:00:00,0.816,0.0,23.0,81.1,44.4,1.04
2025-12-29 05:00:00,0.82,0.0,24.4,81.2,43.5,1.06
2025-12-29 06:00:00,0.815,0.0,24.3,79.6,43.7,1.01
2025-12-29 07:00:00,0.821,0.0,24.2,79.3,43.4,1.08
2025-12-29 08:00:00,0.813,0.0,23.5,79.5,43.6,1.02
2025-12-29 09:00:00,0.81,0.0,22.2,79.2,43.6,1.0
2025-12-29 10:00:00,0.82,0.0,21.3,84.1,43.4,1.0
2025-12-29 11:00:00,0.81,0.0,20.4,81.9,42.5,1.03
2025-12-29 12:00:00,0.805,0.0,18.6,83.8,41.9,0.96
2025-12-29 13:00:00,0.81,0.0,17.9,84.8,41.5,0.97
2025-12-29 14:00:00,0.805,0.0,16.4,86.3,40.7,1.01
2025-12-29 15:00:00,0.806,0.0,15.4,87.6,41.4,1.0
2025-12-29 16:00:00,0.802,0.0,14.9,88.3,39.6,0.99
2025-12-29 17:00:00,0.802,0.0,14.3,87.3,40.1,0.99
2025-12-29 18:00:00,0.801,0.0,13.9,87.8,40.8,0.96
2025-12-29 19:00:00,0.799,0.0,14.5,88.1,40.1,0.96
2025-12-29 20:00:00,0.801,0.0,14.3,87.2,40.2,0.92
2025-12-29 21:00:00,0.805,0.0,15.6,88.4,40.4,0.99
2025-12-29 22:00:00,0.808,0.0,16.7,86.5,40.9,0.98
2025-12-29 23:00:00,0.809,0.0,17.6,85.8,42.0,1.02
2025-12-30 00:00:00,0.811,0.0,19.1,84.7,41.1,0.97
2025-12-30 01:00:00,0.813,0.0,19.9,84.1,43.1,1.02
2025-12-30 02:00:00,0.814,0.0,21.8,82.2,42.4,0.93
2025-12-30 03:00:00,0.816,0.0,22.5,79.9,43.3,1.11
2025-12-30 04:00:00,0.816,0.0,23.2,80.9,43.6,0.99
2025-12-30 05:00:00,0.819,0.0,24.1,79.5,44.2,1.04
2025-12-30 06:00:00,0.822,0.0,23.8,79.5,43.4,0.99
2025-12-30 07:00:00,0.82,0.0,23.4,80.7,44.1,1.06
2025-12-30 08:00:00,0.817,0.0,22.9,81.8,44.5,1.04
2025-12-30 09:00:00,0.819,0.0,22.7,81.2,42.9,1.07
2025-12-30 10:00:00,0.811,0.0,21.1,82.3,43.1,1.03
2025-12-30 11:00:00,0.812,0.0,20.8,84.7,42.3,1.01
2025-12-30 12:00:00,0.81,0.0,18.4,84.2,42.2,0.99
2025-12-30 13:00:00,0.812,0.0,18.2,87.6,41.5,1.0
2025-12-30 14:00:00,0.804,0.07,16.6,86.6,40.7,0.98
2025-12-30 15:00:00,0.812,0.38,15.4,85.1,40.8,1.13
2025-12-30 16:00:00,0.809,0.23,14.5,88.2,41.0,1.01
2025-12-30 17:00:00,0.81,0.0,14.3,88.2,40.0,1.01
2025-12-30 18:00:00,0.806,0.0,14.0,89.3,40.3,0.98
2025-12-30 19:00:00,0.804,0.0,14.5,88.5,39.6,1.01
2025-12-30 20:00:00,0.807,0.0,14.7,87.3,39.9,1.03
2025-12-30 21:00:00,0.807,0.0,15.5,85.6,40.8,0.98
2025-12-30 22:00:00,0.804,0.0,16.4,85.8,41.6,0.99
2025-12-30 23:00:00,0.811,0.0,17.7,84.2,41.6,0.99
2025-12-31 00:00:00,0.813,0.0,19.1,83.4,41.9,1.07
2025-12-31 01:00:00,0.809,0.0,19.8,83.6,42.5,0.96
2025-12-31 02:00:00,0.814,0.0,21.1,83.7,42.5,1.02
2025-12-31 03:00:00,0.814,0.0,22.8,81.6,43.7,1.07
2025-12-31 04:00:00,0.818,0.0,23.4,79.3,44.1,1.03
2025-12-31 05:00:00,0.813,0.0,23.8,80.6,43.8,0.96
2025-12-31 06:00:00,0.819,0.0,24.0,81.2,43.8,0.95
2025-12-31 07:00:00,0.821,0.0,23.9,79.5,44.0,1.03
2025-12-31 08:00:00,0.827,0.0,23.2,80.4,43.6,1.15
2025-12-31 09:00:00,0.815,0.0,22.3,81.2,43.4,1.01
2025-12-31 10:00:00,0.817,0.0,21.6,81.2,43.8,1.09
2025-12-31 11:00:00,0.807,0.0,20.0,83.6,42.4,0.92
2025-12-31 12:00:00,0.808,0.0,19.1,83.9,41.9,1.02
2025-12-31 13:00:00,0.809,0.0,17.2,85.5,41.2,1.04
2025-12-31 14:00:00,0.802,0.0,16.8,85.1,41.3,0.88
2025-12-31 15:00:00,0.807,0.0,15.6,86.4,40.5,0.96
2025-12-31 16:00:00,0.797,0.0,14.7,88.2,40.0,0.96
2025-12-31 17:00:00,0.805,0.0,14.5,87.5,40.6,0.98
2025-12-31 18:00:00,0.801,0.0,14.5,89.7,40.6,0.96
2025-12-31 19:00:00,0.801,0.0,14.5,87.5,39.8,0.92
2025-12-31 20:00:00,0.801,0.0,14.1,87.7,39.5,0.99
2025-12-31 21:00:00,0.805,0.0,15.1,87.8,41.0,0.99
2025-12-31 22:00:00,0.803,0.0,16.3,84.6,40.7,0.97
2025-12-31 23:00:00,0.801,0.0,17.7,83.3,41.8,0.98
2026-01-01 00:00:00,0.851,0.0,17.6,80.5,44.2,0.99
2026-01-01 01:00:00,0.851,0.0,18.6,78.0,46.4,0.96
2026-01-01 02:00:00,0.859,0.0,19.9,77.7,46.2,1.1
2026-01-01 03:00:00,0.859,0.0,21.1,75.7,48.4,1.06
2026-01-01 04:00:00,0.857,0.0,21.3,75.1,47.3,1.0
2026-01-01 05:00:00,0.864,0.0,21.8,73.8,48.0,1.01
2026-01-01 06:00:00,0.862,0.0,22.5,74.1,48.8,1.02
2026-01-01 07:00:00,0.865,0.0,22.1,73.8,48.9,1.05
2026-01-01 08:00:00,0.856,0.0,21.3,74.7,48.6,0.92
2026-01-01 09:00:00,0.859,0.01,20.8,77.5,47.7,1.06
2026-01-01 10:00:00,0.849,0.0,19.6,76.6,47.0,0.97
2026-01-01 11:00:00,0.852,0.0,18.5,81.3,46.1,1.08
2026-01-01 12:00:00,0.849,0.0,17.6,80.5,45.4,1.01
2026-01-01 13:00:00,0.847,0.0,15.8,81.5,43.9,0.88
2026-01-01 14:00:00,0.845,0.0,14.7,81.6,43.1,0.99
2026-01-01 15:00:00,0.841,0.0,14.1,84.2,42.9,1.16
2026-01-01 16:00:00,0.831,0.0,13.3,83.8,42.3,1.01
2026-01-01 17:00:00,0.835,0.0,13.2,85.0,41.9,0.95
2026-01-01 18:00:00,0.835,0.0,12.7,87.6,42.3,0.92
2026-01-01 19:00:00,0.834,0.0,12.7,84.7,42.6,0.95
2026-01-01 20:00:00,0.832,0.0,14.0,85.5,42.4,0.97
2026-01-01 21:00:00,0.838,0.0,14.3,82.8,43.6,0.9
2026-01-01 22:00:00,0.841,0.0,15.3,82.5,42.9,1.03
2026-01-01 23:00:00,0.845,0.0,15.9,83.1,44.1,1.0
2026-01-02 00:00:00,0.848,0.0,17.3,79.4,44.6,1.03
2026-01-02 01:00:00,0.856,0.0,18.7,80.5,44.8,1.12
2026-01-02 02:00:00,0.857,0.0,19.4,78.2,46.5,1.06
2026-01-02 03:00:00,0.861,0.0,20.8,75.9,47.1,1.11
2026-01-02 04:00:00,0.861,0.0,21.2,76.3,48.4,1.08
2026-01-02 05:00:00,0.864,0.0,21.8,76.1,48.2,1.05
2026-01-02 06:00:00,0.865,0.0,21.8,75.6,47.5,1.07
2026-01-02 07:00:00,0.864,0.0,22.4,73.6,48.8,1.07
2026-01-02 08:00:00,0.868,0.0,21.4,74.9,48.2,1.12
2026-01-02 09:00:00,0.863,0.0,20.4,76.2,47.4,1.03
2026-01-02 10:00:00,0.855,0.0,20.0,77.4,46.4,1.07
2026-01-02 11:00:00,0.857,0.0,18.3,79.3,45.3,1.1
2026-01-02 12:00:00,0.848,0.0,17.6,80.2,44.8,0.98
2026-01-02 13:00:00,0.841,0.0,15.7,80.0,44.8,0.95
2026-01-02 14:00:00,0.845,0.0,14.9,82.9,44.4,0.96
2026-01-02 15:00:00,0.841,0.0,14.4,84.1,43.7,0.96
2026-01-02 16:00:00,0.838,0.0,13.8,84.9,42.2,0.89
2026-01-02 17:00:00,0.836,0.0,13.2,85.9,41.5,0.79
2026-01-02 18:00:00,0.834,0.0,13.0,85.8,42.1,0.86
2026-01-02 19:00:00,0.839,0.0,13.1,85.3,41.2,1.0
2026-01-02 20:00:00,0.838,0.0,13.2,84.3,42.6,1.03
2026-01-02 21:00:00,0.837,0.0,14.1,81.9,42.8,1.03
2026-01-02 22:00:00,0.845,0.0,15.1,82.9,43.3,0.97
2026-01-02 23:00:00,0.85,0.0,16.7,81.5,43.4,0.94
2026-01-03 00:00:00,0.848,0.0,17.6,80.3,45.3,0.96
2026-01-03 01:00:00,0.852,0.0,18.1,77.4,45.5,0.96
2026-01-03 02:00:00,0.862,0.03,19.8,76.4,45.9,1.04
2026-01-03 03:00:00,0.862,0.0,20.6,77.5,45.7,1.02
2026-01-03 04:00:00,0.859,0.08,21.2,75.6,47.6,1.07
2026-01-03 05:00:00,0.859,0.0,22.0,75.9,48.8,1.03
2026-01-03 06:00:00,0.861,0.0,22.3,75.0,48.8,1.14
2026-01-03 07:00:00,0.867,0.0,22.1,75.2,47.7,1.07
2026-01-03 08:00:00,0.867,0.0,21.1,76.6,47.3,1.02
2026-01-03 09:00:00,0.862,0.0,20.6,75.9,47.4,1.06
2026-01-03 10:00:00,0.858,0.0,19.8,77.6,46.0,1.1
2026-01-03 11:00:00,0.856,0.0,19.0,78.2,45.9,1.04
2026-01-03 12:00:00,0.848,0.15,17.4,79.6,45.4,0.97
2026-01-03 13:00:00,0.846,0.0,16.3,81.0,44.8,0.99
2026-01-03 14:00:00,0.839,0.0,14.9,82.7,43.4,1.08
2026-01-03 15:00:00,0.844,0.0,14.0,83.1,42.8,1.01
2026-01-03 16:00:00,0.837,0.0,13.8,85.6,42.0,0.94
2026-01-03 17:00:00,0.833,0.0,13.6,83.9,41.7,0.93
2026-01-03 18:00:00,0.836,0.0,13.0,84.8,41.9,0.88
2026-01-03 19:00:00,0.837,0.0,13.5,84.4,42.3,0.94
2026-01-03 20:00:00,0.831,0.0,13.7,85.8,42.9,0.88
2026-01-03 21:00:00,0.838,0.0,14.1,83.7,42.5,1.05
2026-01-03 22:00:00,0.844,0.0,15.4,83.5,44.2,0.91
2026-01-03 23:00:00,0.848,0.0,16.8,79.8,44.1,0.91
2026-01-04 00:00:00,0.853,0.0,17.5,80.3,45.0,0.99
2026-01-04 01:00:00,0.854,0.0,19.1,79.6,45.4,1.08
2026-01-04 02:00:00,0.854,0.0,19.0,77.6,45.3,0.94
2026-01-04 03:00:00,0.859,0.0,20.9,77.5,47.6,1.09
2026-01-04 04:00:00,0.858,0.0,21.4,75.2,48.0,0.89
2026-01-04 05:00:00,0.863,0.0,21.8,76.6,47.8,1.08
2026-01-04 06:00:00,0.869,0.0,22.0,77.3,48.0,1.05
2026-01-04 07:00:00,0.863,0.0,21.3,74.8,48.2,1.11
2026-01-04 08:00:00,0.857,0.0,21.3,75.2,46.8,1.01
2026-01-04 09:00:00,0.861,0.0,20.8,77.9,46.9,1.07
2026-01-04 10:00:00,0.856,0.0,20.2,79.1,46.9,1.03
2026-01-04 11:00:00,0.846,0.0,18.5,78.2,45.1,0.95
2026-01-04 12:00:00,0.851,0.0,17.3,79.6,45.1,0.96
2026-01-04 13:00:00,0.846,0.0,16.2,81.0,43.5,1.01
2026-01-04 14:00:00,0.841,0.0,15.5,81.2,43.7,0.97
2026-01-04 15:00:00,0.838,0.05,14.4,82.6,42.9,0.95
2026-01-04 16:00:00,0.839,0.0,13.4,83.3,41.6,0.96
2026-01-04 17:00:00,0.834,0.0,13.3,84.1,42.7,0.95
2026-01-04 18:00:00,0.837,0.0,13.0,85.0,41.6,0.85
2026-01-04 19:00:00,0.839,0.0,13.4,85.1,41.7,0.94
2026-01-04 20:00:00,0.838,0.0,13.4,85.9,42.5,1.01
2026-01-04 21:00:00,0.835,0.0,14.2,82.5,43.5,0.91
2026-01-04 22:00:00,0.842,0.0,15.1,83.5,43.0,0.93
2026-01-04 23:00:00,0.851,0.0,15.9,81.1,44.3,0.96
2026-01-05 00:00:00,0.848,0.0,17.6,80.0,45.2,1.0
2026-01-05 01:00:00,0.85,0.0,18.7,79.4,46.1,0.98
2026-01-05 02:00:00,0.858,0.0,19.8,76.4,46.6,1.02
2026-01-05 03:00:00,0.86,0.0,20.6,76.8,46.9,1.01
2026-01-05 04:00:00,0.858,0.0,21.0,75.8,47.2,1.05
2026-01-05 05:00:00,0.87,0.0,21.7,75.7,47.9,1.08
2026-01-05 06:00:00,0.866,0.0,21.9,75.3,47.5,1.1
2026-01-05 07:00:00,0.861,0.0,21.6,77.6,46.4,1.13
2026-01-05 08:00:00,0.864,0.0,21.3,75.0,47.8,1.14
2026-01-05 09:00:00,0.858,0.0,20.8,75.9,47.6,1.12
2026-01-05 10:00:00,0.86,0.0,20.3,76.9,45.3,1.07
2026-01-05 11:00:00,0.855,0.0,18.7,78.2,45.3,1.01
2026-01-05 12:00:00,0.854,0.0,17.6,79.4,45.3,1.02
2026-01-05 13:00:00,0.84,0.0,16.3,82.5,45.3,0.91
2026-01-05 14:00:00,0.842,0.0,14.7,83.9,43.5,0.98
2026-01-05 15:00:00,0.839,0.0,14.3,83.0,42.5,1.02
2026-01-05 16:00:00,0.831,0.0,13.6,83.5,42.3,0.93
2026-01-05 17:00:00,0.83,0.0,13.9,85.3,42.8,0.96
2026-01-05 18:00:00,0.835,0.0,12.9,84.4,41.7,0.96
2026-01-05 19:00:00,0.833,0.0,13.2,85.5,41.7,1.0
2026-01-05 20:00:00,0.84,0.0,13.6,84.5,42.2,0.99
2026-01-05 21:00:00,0.839,0.0,14.0,82.0,42.4,0.99
2026-01-05 22:00:00,0.84,0.0,15.6,84.0,43.6,1.0
2026-01-05 23:00:00,0.851,0.0,16.6,83.1,45.0,1.06
2026-01-06 00:00:00,0.848,0.0,17.7,79.4,45.2,1.01
2026-01-06 01:00:00,0.85,0.0,18.4,78.3,45.7,1.03
2026-01-06 02:00:00,0.862,0.17,20.2,77.8,46.4,0.99
2026-01-06 03:00:00,0.86,0.14,20.3,76.8,46.3,1.05
2026-01-06 04:00:00,0.862,0.0,21.6,76.3,48.0,0.99
2026-01-06 05:00:00,0.866,0.0,22.5,77.2,47.9,1.08
2026-01-06 06:00:00,0.864,0.0,21.7,74.8,47.9,1.02
2026-01-06 07:00:00,0.868,0.0,21.7,74.4,49.5,1.15
2026-01-06 08:00:00,0.862,0.0,21.4,74.3,47.7,1.02
2026-01-06 09:00:00,0.862,0.0,20.5,75.7,46.7,1.03
2026-01-06 10:00:00,0.857,0.0,19.3,77.5,46.3,1.07
2026-01-06 11:00:00,0.848,0.0,18.7,80.5,46.4,1.06
2026-01-06 12:00:00,0.85,0.0,17.2,79.5,45.1,0.98
2026-01-06 13:00:00,0.846,0.0,16.5,81.5,43.5,0.98
2026-01-06 14:00:00,0.837,0.0,15.0,82.5,44.0,1.02
2026-01-06 15:00:00,0.84,0.0,14.8,84.7,42.5,0.98
2026-01-06 16:00:00,0.84,0.0,13.4,86.9,43.3,0.91
2026-01-06 17:00:00,0.837,0.0,13.1,84.3,42.6,0.93
2026-01-06 18:00:00,0.838,0.0,13.2,84.5,41.8,0.84
2026-01-06 19:00:00,0.835,0.0,12.8,85.9,42.7,0.91
2026-01-06 20:00:00,0.838,0.0,13.7,85.0,42.4,0.98
2026-01-06 21:00:00,0.837,0.0,14.7,85.4,43.3,0.91
2026-01-06 22:00:00,0.842,0.0,14.8,83.1,43.7,0.92
2026-01-06 23:00:00,0.849,0.0,16.4,80.9,43.8,0.98
2026-01-07 00:00:00,0.841,0.0,17.6,80.6,44.7,0.95
2026-01-07 01:00:00,0.851,0.0,18.9,79.8,46.3,0.92
2026-01-07 02:00:00,0.854,0.0,19.4,78.3,46.3,1.02
2026-01-07 03:00:00,0.865,0.0,20.3,77.0,46.9,1.07
2026-01-07 04:00:00,0.861,0.0,21.6,76.7,47.1,1.07
2026-01-07 05:00:00,0.863,0.0,21.9,76.3,48.1,1.02
2026-01-07 06:00:00,0.862,0.0,22.1,76.4,49.0,0.96
2026-01-07 07:00:00,0.863,0.0,22.0,75.8,47.4,1.06
2026-01-07 08:00:00,0.865,0.13,21.2,75.5,47.6,1.07
2026-01-07 09:00:00,0.858,0.0,20.8,76.6,47.8,1.06
2026-01-07 10:00:00,0.854,0.0,19.8,78.7,46.5,1.05
2026-01-07 11:00:00,0.851,0.0,18.5,77.9,46.0,0.97
2026-01-07 12:00:00,0.846,0.0,18.1,80.4,44.5,0.96
2026-01-07 13:00:00,0.849,0.0,16.5,80.9,44.4,1.02
2026-01-07 14:00:00,0.845,0.0,14.9,82.5,43.4,1.01
2026-01-07 15:00:00,0.836,0.0,14.5,84.8,43.4,0.93
2026-01-07 16:00:00,0.835,0.0,13.3,84.5,43.0,1.01
2026-01-07 17:00:00,0.832,0.0,13.4,84.9,43.4,0.97
2026-01-07 18:00:00,0.838,0.0,13.3,83.6,42.3,1.04
2026-01-07 19:00:00,0.834,0.0,12.9,85.6,42.3,0.97
2026-01-07 20:00:00,0.844,0.0,13.9,85.0,42.5,0.94
2026-01-07 21:00:00,0.835,0.0,14.4,85.7,42.7,0.85
2026-01-07 22:00:00,0.845,0.0,15.5,82.2,43.7,0.88
2026-01-07 23:00:00,0.845,0.0,16.9,81.5,44.1,1.0
2026-01-08 00:00:00,0.851,0.0,17.4,80.2,45.1,1.02
2026-01-08 01:00:00,0.855,0.0,18.4,80.3,46.4,1.08
2026-01-08 02:00:00,0.855,0.0,19.5,77.4,46.0,0.98
2026-01-08 03:00:00,0.858,0.0,20.4,76.7,47.7,1.07
2026-01-08 04:00:00,0.866,0.0,21.4,76.3,48.3,1.09
2026-01-08 05:00:00,0.868,0.0,21.9,75.4,47.8,1.01
2026-01-08 06:00:00,0.87,0.0,22.1,74.6,46.9,1.16
2026-01-08 07:00:00,0.867,0.0,22.1,75.4,47.6,1.16
2026-01-08 08:00:00,0.858,0.0,21.4,76.7,48.2,1.01
2026-01-08 09:00:00,0.858,0.0,21.1,75.4,47.1,1.07
2026-01-08 10:00:00,0.854,0.0,19.7,77.6,46.0,1.06
2026-01-08 11:00:00,0.858,0.0,19.5,78.0,45.5,1.07
2026-01-08 12:00:00,0.851,0.0,17.7,81.2,45.4,0.95
2026-01-08 13:00:00,0.844,0.0,16.1,79.8,44.5,1.04
2026-01-08 14:00:00,0.845,0.0,14.9,81.9,43.4,0.98
2026-01-08 15:00:00,0.838,0.0,14.5,83.9,42.7,0.85
2026-01-08 16:00:00,0.834,0.0,13.5,85.9,42.2,1.03
2026-01-08 17:00:00,0.832,0.0,13.4,84.8,41.6,0.94
2026-01-08 18:00:00,0.838,0.0,13.1,84.4,42.8,0.89
2026-01-08 19:00:00,0.836,0.0,13.1,86.7,41.9,0.99
2026-01-08 20:00:00,0.837,0.0,13.3,82.9,43.0,1.09
2026-01-08 21:00:00,0.834,0.0,13.9,81.3,43.6,0.99
2026-01-08 22:00:00,0.842,0.0,15.1,82.9,44.0,1.01
2026-01-08 23:00:00,0.847,0.0,16.6,80.8,44.0,0.95
2026-01-09 00:00:00,0.851,0.0,17.6,79.0,45.2,0.91
2026-01-09 01:00:00,0.856,0.0,18.3,79.4,45.8,1.04
2026-01-09 02:00:00,0.859,0.0,19.8,77.7,46.0,1.09
2026-01-09 03:00:00,0.862,0.0,20.8,75.9,47.3,1.05
2026-01-09 04:00:00,0.86,0.0,21.1,74.4,47.0,1.01
2026-01-09 05:00:00,0.868,0.0,21.9,76.0,48.5,1.14
2026-01-09 06:00:00,0.864,0.0,22.0,75.7,47.8,1.06
2026-01-09 07:00:00,0.862,0.0,21.5,75.1,48.0,1.11
2026-01-09 08:00:00,0.865,0.0,21.5,77.5,47.7,1.16
2026-01-09 09:00:00,0.858,0.0,20.9,75.4,47.0,1.01
2026-01-09 10:00:00,0.858,0.0,20.1,76.0,46.8,1.07
2026-01-09 11:00:00,0.853,0.0,19.0,78.0,45.5,0.97
2026-01-09 12:00:00,0.853,0.0,17.1,80.0,45.4,1.05
2026-01-09 13:00:00,0.843,0.0,16.1,81.5,43.6,1.04
2026-01-09 14:00:00,0.846,0.0,15.4,82.3,43.6,0.99
2026-01-09 15:00:00,0.84,0.0,14.5,83.9,43.8,0.99
2026-01-09 16:00:00,0.834,0.0,13.8,83.1,41.9,0.94
2026-01-09 17:00:00,0.829,0.0,14.3,86.3,41.8,0.96
2026-01-09 18:00:00,0.834,0.19,13.2,84.9,42.3,1.05
2026-01-09 19:00:00,0.835,0.0,13.5,85.9,42.2,0.93
2026-01-09 20:00:00,0.835,0.0,13.9,84.7,42.6,0.93
2026-01-09 21:00:00,0.844,0.0,14.5,84.0,43.1,0.85
2026-01-09 22:00:00,0.846,0.0,15.2,83.1,43.8,1.0
2026-01-09 23:00:00,0.842,0.0,16.6,81.7,44.8,0.92
2026-01-10 00:00:00,0.855,0.0,17.3,80.6,45.2,0.97
2026-01-10 01:00:00,0.85,0.0,18.6,80.0,45.7,1.06
2026-01-10 02:00:00,0.859,0.0,19.6,77.7,46.8,0.99
2026-01-10 03:00:00,0.861,0.0,20.7,77.2,48.1,0.99
2026-01-10 04:00:00,0.866,0.0,22.1,75.6,47.5,1.12
2026-01-10 05:00:00,0.866,0.0,21.3,76.6,47.4,1.08
2026-01-10 06:00:00,0.87,0.0,22.2,74.3,48.6,1.08
2026-01-10 07:00:00,0.861,0.0,21.4,77.0,47.8,1.07
2026-01-10 08:00:00,0.869,0.0,21.3,75.6,46.5,1.03
2026-01-10 09:00:00,0.86,0.0,21.0,75.0,47.5,1.06
2026-01-10 10:00:00,0.857,0.0,19.8,77.6,46.2,0.98
2026-01-10 11:00:00,0.857,0.0,18.3,78.0,45.7,1.14
2026-01-10 12:00:00,0.851,0.0,17.3,80.8,45.2,0.96
2026-01-10 13:00:00,0.841,0.0,16.5,80.6,44.3,0.98
2026-01-10 14:00:00,0.848,0.12,15.0,82.1,43.9,1.04
2026-01-10 15:00:00,0.839,0.0,14.4,81.6,42.7,0.93
2026-01-10 16:00:00,0.834,0.0,13.6,83.9,42.7,0.98
2026-01-10 17:00:00,0.838,0.0,13.0,82.4,42.0,0.88
2026-01-10 18:00:00,0.84,0.0,13.6,83.4,42.4,0.99
2026-01-10 19:00:00,0.84,0.0,13.3,85.6,42.4,0.89
2026-01-10 20:00:00,0.833,0.0,13.0,85.1,41.9,0.92
2026-01-10 21:00:00,0.841,0.0,14.4,84.0,43.4,1.05
2026-01-10 22:00:00,0.845,0.0,15.1,81.5,43.2,0.97
2026-01-10 23:00:00,0.843,0.0,16.6,81.2,44.6,1.03
2026-01-11 00:00:00,0.849,0.09,17.3,80.0,45.2,1.09
2026-01-11 01:00:00,0.853,0.0,18.6,77.5,46.7,1.09
2026-01-11 02:00:00,0.86,0.0,19.9,79.0,46.4,1.03
2026-01-11 03:00:00,0.859,0.0,20.9,77.3,46.9,1.02
2026-01-11 04:00:00,0.864,0.0,21.0,75.4,47.6,1.06
2026-01-11 05:00:00,0.863,0.0,21.7,75.2,47.7,1.04
2026-01-11 06:00:00,0.865,0.0,21.9,75.2,48.4,0.95
2026-01-11 07:00:00,0.866,0.0,21.7,73.1,47.1,1.01
2026-01-11 08:00:00,0.862,0.12,21.9,75.4,47.1,0.99
2026-01-11 09:00:00,0.855,0.0,20.8,75.8,46.6,0.95
2026-01-11 10:00:00,0.855,0.0,19.4,76.5,47.0,1.12
2026-01-11 11:00:00,0.852,0.0,18.9,78.4,46.6,1.02
2026-01-11 12:00:00,0.851,0.0,18.1,81.8,44.9,1.01
2026-01-11 13:00:00,0.846,0.0,16.6,81.9,44.1,0.92
2026-01-11 14:00:00,0.847,0.0,14.8,81.9,43.5,1.08
2026-01-11 15:00:00,0.834,0.0,14.2,84.1,43.5,0.89
2026-01-11 16:00:00,0.836,0.0,14.0,85.7,41.9,0.9
2026-01-11 17:00:00,0.838,0.05,12.9,85.8,42.2,0.93
2026-01-11 18:00:00,0.841,0.0,13.1,85.1,42.5,1.03
2026-01-11 19:00:00,0.836,0.0,13.4,84.2,42.4,1.0
2026-01-11 20:00:00,0.84,0.0,13.3,85.0,42.5,0.93
2026-01-11 21:00:00,0.837,0.0,14.3,83.9,43.4,0.95
2026-01-11 22:00:00,0.845,0.0,14.3,83.4,42.1,0.99
2026-01-11 23:00:00,0.841,0.0,16.0,81.9,44.6,0.93
2026-01-12 00:00:00,0.85,0.0,17.4,81.0,44.7,1.0
2026-01-12 01:00:00,0.86,0.0,18.3,78.2,44.9,0.97
2026-01-12 02:00:00,0.859,0.0,20.2,78.8,46.8,1.11
2026-01-12 03:00:00,0.867,0.0,20.3,76.7,47.8,1.05
2026-01-12 04:00:00,0.864,0.0,21.3,77.7,47.5,1.09
2026-01-12 05:00:00,0.865,0.0,21.9,74.5,48.4,1.06
2026-01-12 06:00:00,0.866,0.0,22.4,76.7,48.8,0.94
2026-01-12 07:00:00,0.867,0.0,21.4,75.4,48.6,1.07
2026-01-12 08:00:00,0.862,0.0,21.7,75.0,48.4,1.15
2026-01-12 09:00:00,0.859,0.0,20.7,76.0,47.5,1.01
2026-01-12 10:00:00,0.863,0.0,19.5,77.2,46.5,1.01
2026-01-12 11:00:00,0.852,0.0,18.8,79.1,45.0,1.0
2026-01-12 12:00:00,0.853,0.0,17.6,80.5,44.9,1.02
2026-01-12 13:00:00,0.842,0.0,16.2,80.7,43.8,0.94
2026-01-12 14:00:00,0.841,0.0,15.3,82.5,44.6,0.96
2026-01-12 15:00:00,0.841,0.0,14.2,85.7,42.8,0.98
2026-01-12 16:00:00,0.832,0.0,13.6,86.1,42.5,0.98
2026-01-12 17:00:00,0.836,0.0,13.4,85.3,42.4,1.01
2026-01-12 18:00:00,0.836,0.0,13.5,85.0,42.0,1.0
2026-01-12 19:00:00,0.837,0.0,12.8,84.9,42.9,1.01
2026-01-12 20:00:00,0.839,0.0,14.2,84.9,42.1,0.95
2026-01-12 21:00:00,0.846,0.0,13.7,82.5,43.0,1.03
2026-01-12 22:00:00,0.844,0.0,15.2,82.2,43.1,0.91
2026-01-12 23:00:00,0.842,0.0,16.5,79.6,43.6,0.98
2026-01-13 00:00:00,0.85,0.0,17.6,80.4,44.7,0.97
2026-01-13 01:00:00,0.854,0.0,18.5,79.4,45.8,1.1
2026-01-13 02:00:00,0.86,0.0,19.7,77.0,46.3,0.98
2026-01-13 03:00:00,0.86,0.0,20.5,78.0,46.8,1.0
2026-01-13 04:00:00,0.862,0.0,21.2,74.4,46.9,1.03
2026-01-13 05:00:00,0.863,0.0,22.1,73.7,47.9,0.99
2026-01-13 06:00:00,0.865,0.0,22.1,75.2,47.2,1.03
2026-01-13 07:00:00,0.856,0.0,21.6,76.2,48.3,1.13
2026-01-13 08:00:00,0.866,0.0,21.7,77.4,47.6,1.05
2026-01-13 09:00:00,0.861,0.0,20.8,76.0,46.4,0.98
2026-01-13 10:00:00,0.863,0.0,20.0,78.6,46.3,1.15
2026-01-13 11:00:00,0.854,0.0,18.9,78.7,45.4,1.07
2026-01-13 12:00:00,0.852,0.06,17.3,79.8,45.2,0.95
2026-01-13 13:00:00,0.845,0.0,16.2,82.2,44.9,0.99
2026-01-13 14:00:00,0.841,0.0,15.5,83.2,42.6,0.95
2026-01-13 15:00:00,0.839,0.0,14.5,82.0,42.9,0.95
2026-01-13 16:00:00,0.837,0.0,13.6,85.8,42.3,0.9
2026-01-13 17:00:00,0.833,0.0,13.2,86.2,42.4,0.87
2026-01-13 18:00:00,0.838,0.0,13.4,84.4,42.1,0.85
2026-01-13 19:00:00,0.839,0.0,13.0,85.2,41.7,1.03
2026-01-13 20:00:00,0.836,0.0,13.8,84.8,42.2,0.81
2026-01-13 21:00:00,0.838,0.0,14.3,83.8,42.5,0.95
2026-01-13 22:00:00,0.839,0.0,15.2,81.9,44.0,0.93
2026-01-13 23:00:00,0.851,0.0,16.7,80.6,44.2,1.04
2026-01-14 00:00:00,0.847,0.0,17.7,80.0,46.0,0.91
2026-01-14 01:00:00,0.853,0.0,18.9,79.9,45.7,1.0
2026-01-14 02:00:00,0.859,0.0,20.1,78.0,46.1,1.01
2026-01-14 03:00:00,0.862,0.0,20.7,76.1,46.4,1.15
2026-01-14 04:00:00,0.865,0.0,21.6,76.4,46.7,1.06
2026-01-14 05:00:00,0.864,0.0,21.8,72.3,47.1,1.04
2026-01-14 06:00:00,0.869,0.0,22.1,76.1,48.1,1.04
2026-01-14 07:00:00,0.865,0.0,21.8,73.4,48.2,1.06
2026-01-14 08:00:00,0.861,0.0,21.4,75.3,46.8,0.98
2026-01-14 09:00:00,0.862,0.0,20.9,75.3,47.6,1.04
2026-01-14 10:00:00,0.859,0.0,19.5,76.2,46.3,1.01
2026-01-14 11:00:00,0.858,0.0,19.3,79.9,45.8,0.99
2026-01-14 12:00:00,0.855,0.0,17.2,79.5,45.8,0.93
2026-01-14 13:00:00,0.847,0.0,16.0,81.6,44.7,1.01
2026-01-14 14:00:00,0.84,0.0,15.6,82.5,43.4,0.98
2026-01-14 15:00:00,0.843,0.0,14.6,84.0,42.4,0.86
2026-01-14 16:00:00,0.839,0.0,13.8,84.4,41.3,0.83
2026-01-14 17:00:00,0.833,0.0,13.3,83.5,41.7,1.01
2026-01-14 18:00:00,0.833,0.0,13.0,86.0,41.9,0.87
2026-01-14 19:00:00,0.835,0.0,12.9,84.3,41.6,1.04
2026-01-14 20:00:00,0.832,0.0,13.6,82.8,42.3,0.87
2026-01-14 21:00:00,0.844,0.0,14.1,83.1,42.9,1.07
2026-01-14 22:00:00,0.842,0.0,15.5,84.0,43.4,0.91
2026-01-14 23:00:00,0.852,0.0,16.3,82.1,43.9,1.09
2026-01-15 00:00:00,0.852,0.0,17.3,79.7,45.1,0.97
2026-01-15 01:00:00,0.854,0.0,18.6,78.4,46.0,1.01
2026-01-15 02:00:00,0.858,0.0,19.9,77.2,46.0,1.11
2026-01-15 03:00:00,0.863,0.0,20.5,78.5,47.8,1.0
2026-01-15 04:00:00,0.867,0.0,21.2,76.1,47.5,1.08
2026-01-15 05:00:00,0.867,0.0,21.9,75.6,47.9,1.14
2026-01-15 06:00:00,0.862,0.0,22.1,76.0,48.4,1.04
2026-01-15 07:00:00,0.863,0.0,21.7,75.4,48.0,0.97
2026-01-15 08:00:00,0.864,0.0,21.3,75.4,48.1,1.18
2026-01-15 09:00:00,0.855,0.0,20.8,76.3,47.3,1.02
2026-01-15 10:00:00,0.859,0.0,19.3,77.4,46.2,1.04
2026-01-15 11:00:00,0.854,0.0,18.2,78.7,46.0,0.95
2026-01-15 12:00:00,0.851,0.0,17.3,80.7,44.4,0.96
2026-01-15 13:00:00,0.84,0.0,16.3,81.3,44.3,1.02
2026-01-15 14:00:00,0.845,0.0,15.3,83.2,43.5,0.98
2026-01-15 15:00:00,0.84,0.0,14.8,83.5,42.8,1.01
2026-01-15 16:00:00,0.838,0.0,13.9,84.4,42.3,1.0
2026-01-15 17:00:00,0.835,0.0,13.1,82.8,41.2,1.0
2026-01-15 18:00:00,0.836,0.0,13.0,85.9,41.7,0.95
2026-01-15 19:00:00,0.835,0.14,12.9,85.2,42.1,0.98
2026-01-15 20:00:00,0.835,0.0,13.6,85.3,42.5,0.91
2026-01-15 21:00:00,0.837,0.0,14.2,80.6,42.4,0.89
2026-01-15 22:00:00,0.849,0.0,15.3,84.6,44.1,1.06
2026-01-15 23:00:00,0.852,0.0,16.1,81.2,43.8,0.95
2026-01-16 00:00:00,0.851,0.03,17.7,81.1,45.5,0.95
2026-01-16 01:00:00,0.852,0.0,19.1,77.7,46.0,0.96
2026-01-16 02:00:00,0.861,0.0,19.7,78.1,46.2,1.03
2026-01-16 03:00:00,0.864,0.0,20.8,75.4,48.0,1.09
2026-01-16 04:00:00,0.87,0.0,21.6,75.0,47.0,1.01
2026-01-16 05:00:00,0.868,0.0,21.7,77.1,48.4,1.13
2026-01-16 06:00:00,0.862,0.0,22.1,74.8,48.5,1.1
2026-01-16 07:00:00,0.865,0.0,21.9,75.4,47.6,1.05
2026-01-16 08:00:00,0.861,0.0,21.4,76.5,48.3,1.01
2026-01-16 09:00:00,0.867,0.0,20.5,77.0,47.0,1.07
2026-01-16 10:00:00,0.86,0.0,19.8,77.7,46.6,1.0
2026-01-16 11:00:00,0.852,0.0,18.8,79.1,45.9,1.06
2026-01-16 12:00:00,0.846,0.0,17.9,82.4,44.9,0.96
2026-01-16 13:00:00,0.846,0.0,16.6,81.2,44.6,0.99
2026-01-16 14:00:00,0.842,0.0,15.9,82.7,43.9,0.99
2026-01-16 15:00:00,0.841,0.0,14.1,84.6,42.0,1.0
2026-01-16 16:00:00,0.834,0.0,13.9,85.4,43.1,0.92
2026-01-16 17:00:00,0.839,0.0,13.2,86.0,41.3,1.0
2026-01-16 18:00:00,0.831,0.0,13.7,85.6,42.5,0.94
2026-01-16 19:00:00,0.83,0.0,12.9,83.7,42.7,0.92
2026-01-16 20:00:00,0.843,0.0,13.4,86.0,41.9,0.92
2026-01-16 21:00:00,0.837,0.0,14.1,82.4,42.7,0.99
2026-01-16 22:00:00,0.838,0.0,14.6,82.8,42.9,0.92
2026-01-16 23:00:00,0.848,0.0,16.2,80.5,44.1,0.96
2026-01-17 00:00:00,0.849,0.0,17.3,79.9,44.8,1.03
2026-01-17 01:00:00,0.855,0.0,18.7,79.0,46.2,1.03
2026-01-17 02:00:00,0.856,0.0,19.9,77.8,47.2,1.04
2026-01-17 03:00:00,0.86,0.0,21.2,76.9,47.8,1.06
2026-01-17 04:00:00,0.861,0.0,21.7,77.3,47.3,1.04
2026-01-17 05:00:00,0.862,0.0,21.7,75.6,47.8,1.04
2026-01-17 06:00:00,0.863,0.0,21.7,74.8,47.2,0.99
2026-01-17 07:00:00,0.865,0.0,22.0,76.1,47.5,1.07
2026-01-17 08:00:00,0.865,0.0,21.0,76.9,48.1,1.04
2026-01-17 09:00:00,0.862,0.0,21.2,75.2,47.9,1.07
2026-01-17 10:00:00,0.859,0.0,20.1,78.1,45.9,0.99
2026-01-17 11:00:00,0.854,0.0,18.5,79.4,45.5,1.04
2026-01-17 12:00:00,0.85,0.0,17.0,79.7,45.0,0.9
2026-01-17 13:00:00,0.847,0.0,16.7,82.7,44.4,1.1
2026-01-17 14:00:00,0.841,0.0,15.2,82.3,43.1,0.93
2026-01-17 15:00:00,0.844,0.16,14.7,83.7,43.1,1.02
2026-01-17 16:00:00,0.841,0.0,13.1,84.2,42.2,0.9
2026-01-17 17:00:00,0.838,0.0,13.0,84.8,42.1,0.98
2026-01-17 18:00:00,0.835,0.0,13.0,83.9,42.3,0.96
2026-01-17 19:00:00,0.839,0.0,13.2,83.4,42.1,1.0
2026-01-17 20:00:00,0.834,0.0,13.5,85.9,42.2,0.98
2026-01-17 21:00:00,0.839,0.0,14.5,82.7,42.8,0.96
2026-01-17 22:00:00,0.846,0.14,14.9,81.5,43.5,1.0
2026-01-17 23:00:00,0.85,0.0,16.3,79.1,44.0,0.99
2026-01-18 00:00:00,0.847,0.0,17.5,79.4,44.9,0.97
2026-01-18 01:00:00,0.854,0.0,18.8,77.4,46.6,1.08
2026-01-18 02:00:00,0.859,0.0,20.0,79.1,46.8,0.99
2026-01-18 03:00:00,0.868,0.0,20.3,77.5,47.0,1.09
2026-01-18 04:00:00,0.867,0.0,20.9,75.0,47.9,1.06
2026-01-18 05:00:00,0.866,0.0,22.2,77.4,47.7,1.11
2026-01-18 06:00:00,0.869,0.0,22.1,76.0,48.6,1.13
2026-01-18 07:00:00,0.867,0.0,21.6,74.8,48.1,1.05
2026-01-18 08:00:00,0.861,0.0,21.9,73.2,47.5,1.06
2026-01-18 09:00:00,0.863,0.0,20.7,78.8,47.3,1.04
2026-01-18 10:00:00,0.861,0.0,20.1,76.1,45.7,1.12
2026-01-18 11:00:00,0.851,0.0,18.7,77.1,45.2,0.96
2026-01-18 12:00:00,0.85,0.0,18.1,81.0,44.4,1.01
2026-01-18 13:00:00,0.845,0.0,16.9,83.7,44.3,1.05
2026-01-18 14:00:00,0.844,0.0,15.2,83.9,44.4,0.98
2026-01-18 15:00:00,0.835,0.0,14.6,84.1,44.0,0.87
2026-01-18 16:00:00,0.838,0.0,13.8,84.9,42.7,0.84
2026-01-18 17:00:00,0.839,0.0,13.6,85.7,42.4,0.95
2026-01-18 18:00:00,0.845,0.0,12.7,85.8,41.1,1.09
2026-01-18 19:00:00,0.835,0.0,13.4,85.1,41.8,0.93
2026-01-18 20:00:00,0.84,0.0,13.9,84.4,42.0,1.05
2026-01-18 21:00:00,0.834,0.0,13.8,83.5,42.6,0.85
2026-01-18 22:00:00,0.841,0.0,14.9,81.7,43.4,0.99
2026-01-18 23:00:00,0.848,0.0,15.7,81.0,44.0,1.04
2026-01-19 00:00:00,0.846,0.0,17.4,78.3,44.0,0.87
2026-01-19 01:00:00,0.856,0.0,18.9,78.6,46.2,0.98
2026-01-19 02:00:00,0.851,0.0,20.2,76.5,46.0,1.01
2026-01-19 03:00:00,0.863,0.0,20.7,75.4,47.2,1.05
2026-01-19 04:00:00,0.862,0.0,21.9,75.8,48.6,1.04
2026-01-19 05:00:00,0.863,0.0,21.4,76.6,47.4,0.99
2026-01-19 06:00:00,0.863,0.0,21.5,75.9,46.7,1.08
2026-01-19 07:00:00,0.865,0.0,21.8,73.6,47.8,1.07
2026-01-19 08:00:00,0.86,0.0,21.5,74.7,48.1,1.03
2026-01-19 09:00:00,0.854,0.0,20.7,77.4,48.1,1.03
2026-01-19 10:00:00,0.862,0.0,19.1,76.5,45.9,0.97
2026-01-19 11:00:00,0.852,0.0,18.6,78.5,46.0,1.02
2026-01-19 12:00:00,0.854,0.0,17.1,80.6,44.8,0.99
2026-01-19 13:00:00,0.844,0.0,16.5,80.3,44.2,0.88
2026-01-19 14:00:00,0.843,0.0,15.4,82.6,44.8,1.07
2026-01-19 15:00:00,0.841,0.04,14.0,82.2,42.1,0.97
2026-01-19 16:00:00,0.838,0.0,13.4,83.7,42.5,0.95
2026-01-19 17:00:00,0.833,0.0,12.8,85.1,42.3,0.97
2026-01-19 18:00:00,0.839,0.16,13.0,83.4,42.5,0.99
2026-01-19 19:00:00,0.833,0.0,13.4,85.3,42.2,1.0
2026-01-19 20:00:00,0.839,0.0,13.3,84.3,42.6,0.93
2026-01-19 21:00:00,0.842,0.0,14.5,84.1,42.7,0.94
2026-01-19 22:00:00,0.84,0.0,15.1,82.7,43.6,0.92
2026-01-19 23:00:00,0.841,0.0,16.1,82.7,44.1,0.99
2026-01-20 00:00:00,0.845,0.0,17.5,80.1,45.3,0.92
2026-01-20 01:00:00,0.848,0.0,18.4,78.3,45.6,0.99
2026-01-20 02:00:00,0.857,0.0,19.6,77.6,46.7,1.01
2026-01-20 03:00:00,0.857,0.0,20.3,77.0,47.1,0.97
2026-01-20 04:00:00,0.864,0.0,22.0,75.7,48.2,1.03
2026-01-20 05:00:00,0.865,0.0,21.9,75.2,47.9,1.02
2026-01-20 06:00:00,0.866,0.0,21.8,74.3,47.1,1.13
2026-01-20 07:00:00,0.866,0.0,21.9,74.5,48.5,1.04
2026-01-20 08:00:00,0.864,0.0,21.4,74.3,47.1,1.04
2026-01-20 09:00:00,0.861,0.0,20.6,78.2,46.8,1.03
2026-01-20 10:00:00,0.857,0.0,19.9,76.3,46.2,1.04
2026-01-20 11:00:00,0.851,0.0,18.9,78.0,46.5,0.95
2026-01-20 12:00:00,0.846,0.0,17.3,79.3,43.9,0.9
2026-01-20 13:00:00,0.842,0.0,16.2,82.2,45.8,0.98
2026-01-20 14:00:00,0.84,0.0,15.2,82.2,44.0,0.98
2026-01-20 15:00:00,0.839,0.0,13.6,84.8,43.0,0.86
2026-01-20 16:00:00,0.839,0.0,13.1,83.7,42.4,1.0
2026-01-20 17:00:00,0.833,0.0,13.6,85.1,42.2,0.95
2026-01-20 18:00:00,0.832,0.0,13.5,84.2,42.3,0.93
2026-01-20 19:00:00,0.832,0.0,13.1,87.0,42.4,0.84
2026-01-20 20:00:00,0.836,0.0,13.8,83.1,42.7,0.94
2026-01-20 21:00:00,0.838,0.0,14.4,83.8,42.9,0.89
2026-01-20 22:00:00,0.841,0.0,16.2,83.1,43.4,0.98
2026-01-20 23:00:00,0.846,0.0,16.7,81.7,44.1,0.99
2026-01-21 00:00:00,0.848,0.0,17.5,79.8,44.9,1.05
2026-01-21 01:00:00,0.85,0.0,18.4,78.6,46.3,1.03
2026-01-21 02:00:00,0.861,0.0,19.3,77.5,46.8,1.07
2026-01-21 03:00:00,0.86,0.0,20.7,76.3,45.7,1.01
2026-01-21 04:00:00,0.866,0.0,21.2,76.6,47.9,0.99
2026-01-21 05:00:00,0.862,0.0,21.4,77.4,48.0,1.03
2026-01-21 06:00:00,0.869,0.0,21.8,74.4,48.0,1.09
2026-01-21 07:00:00,0.862,0.0,21.5,73.8,47.7,1.03
2026-01-21 08:00:00,0.861,0.0,21.9,75.6,48.2,1.01
2026-01-21 09:00:00,0.864,0.0,20.9,79.0,47.6,0.99
2026-01-21 10:00:00,0.862,0.0,19.7,76.7,46.1,1.09
2026-01-21 11:00:00,0.857,0.0,19.1,80.3,46.0,1.01
2026-01-21 12:00:00,0.85,0.0,17.5,81.7,44.5,0.93
2026-01-21 13:00:00,0.845,0.0,16.1,80.7,43.5,1.0
2026-01-21 14:00:00,0.846,0.0,15.7,83.1,43.2,0.93
2026-01-21 15:00:00,0.838,0.0,14.5,85.2,43.3,0.95
2026-01-21 16:00:00,0.833,0.0,13.3,84.0,42.9,0.96
2026-01-21 17:00:00,0.833,0.0,13.1,84.6,42.4,0.92
2026-01-21 18:00:00,0.834,0.0,12.7,84.4,42.4,0.9
2026-01-21 19:00:00,0.835,0.0,12.7,83.8,42.4,0.93
2026-01-21 20:00:00,0.836,0.0,13.9,83.7,42.1,0.91
2026-01-21 21:00:00,0.84,0.0,14.9,82.3,43.1,1.04
2026-01-21 22:00:00,0.843,0.0,14.8,82.5,43.9,1.02
2026-01-21 23:00:00,0.842,0.0,16.5,80.5,44.6,0.98
2026-01-22 00:00:00,0.847,0.0,17.3,80.2,45.6,0.91
2026-01-22 01:00:00,0.852,0.0,18.5,77.2,46.1,1.07
2026-01-22 02:00:00,0.86,0.0,19.6,77.8,46.7,1.05
2026-01-22 03:00:00,0.856,0.0,20.4,77.3,47.7,1.01
2026-01-22 04:00:00,0.864,0.0,21.4,73.7,47.6,1.06
2026-01-22 05:00:00,0.859,0.0,21.6,75.5,47.5,0.99
2026-01-22 06:00:00,0.865,0.0,22.1,76.2,47.9,1.09
2026-01-22 07:00:00,0.858,0.0,21.8,74.0,47.5,1.02
2026-01-22 08:00:00,0.863,0.0,21.3,77.3,47.3,1.1
2026-01-22 09:00:00,0.863,0.0,20.4,76.9,47.0,1.08
2026-01-22 10:00:00,0.856,0.05,19.6,76.8,46.1,0.94
2026-01-22 11:00:00,0.856,0.18,18.9,78.7,45.6,1.11
2026-01-22 12:00:00,0.854,0.0,17.7,80.6,44.1,1.05
2026-01-22 13:00:00,0.847,0.0,16.0,81.4,44.3,1.01
2026-01-22 14:00:00,0.843,0.13,15.3,83.0,43.5,0.99
2026-01-22 15:00:00,0.844,0.0,14.5,82.6,42.5,0.93
2026-01-22 16:00:00,0.842,0.0,13.1,84.5,42.7,0.95
2026-01-22 17:00:00,0.839,0.0,13.3,83.4,42.6,0.89
2026-01-22 18:00:00,0.837,0.0,12.8,84.9,41.2,0.91
2026-01-22 19:00:00,0.831,0.0,13.3,83.9,41.7,0.94
2026-01-22 20:00:00,0.84,0.0,13.4,83.6,42.0,0.92
2026-01-22 21:00:00,0.835,0.0,13.8,84.8,42.4,0.93
2026-01-22 22:00:00,0.842,0.0,14.8,83.6,43.9,1.0
2026-01-22 23:00:00,0.849,0.0,16.3,81.9,44.1,0.99
2026-01-23 00:00:00,0.856,0.0,17.6,78.9,44.9,1.03
2026-01-23 01:00:00,0.853,0.0,18.4,78.4,44.8,0.93
2026-01-23 02:00:00,0.857,0.0,19.9,78.7,46.8,1.01
2026-01-23 03:00:00,0.863,0.0,20.2,76.6,46.5,1.08
2026-01-23 04:00:00,0.859,0.0,21.4,78.0,47.6,1.05
2026-01-23 05:00:00,0.867,0.0,21.5,75.6,48.0,1.14
2026-01-23 06:00:00,0.868,0.0,21.8,75.2,48.7,1.11
2026-01-23 07:00:00,0.865,0.0,21.9,74.9,47.2,1.08
2026-01-23 08:00:00,0.867,0.0,21.1,75.8,46.1,1.0
2026-01-23 09:00:00,0.86,0.0,20.6,76.3,47.2,1.0
2026-01-23 10:00:00,0.86,0.08,20.1,78.2,47.4,1.12
2026-01-23 11:00:00,0.852,0.0,18.5,79.7,46.4,0.89
2026-01-23 12:00:00,0.85,0.07,17.8,79.2,45.1,1.06
2026-01-23 13:00:00,0.848,0.0,16.0,80.0,44.0,1.01
2026-01-23 14:00:00,0.842,0.0,15.4,80.7,43.9,0.9
2026-01-23 15:00:00,0.841,0.0,14.8,84.0,42.4,0.92
2026-01-23 16:00:00,0.844,0.0,12.9,83.2,42.6,1.0
2026-01-23 17:00:00,0.834,0.0,12.9,82.7,42.4,0.9
2026-01-23 18:00:00,0.838,0.15,13.2,85.4,42.5,0.97
2026-01-23 19:00:00,0.839,0.0,13.1,87.3,43.5,0.96
2026-01-23 20:00:00,0.835,0.0,13.7,84.3,42.6,1.03
2026-01-23 21:00:00,0.843,0.17,14.1,84.4,42.6,1.04
2026-01-23 22:00:00,0.841,0.0,15.3,82.6,43.5,0.98
2026-01-23 23:00:00,0.847,0.0,16.3,81.2,43.3,0.89
2026-01-24 00:00:00,0.856,0.0,17.9,80.9,44.7,1.09
2026-01-24 01:00:00,0.853,0.0,18.7,78.4,45.6,0.96
2026-01-24 02:00:00,0.859,0.0,19.9,77.8,46.2,1.04
2026-01-24 03:00:00,0.862,0.0,20.6,76.8,47.2,1.06
2026-01-24 04:00:00,0.865,0.0,21.3,75.0,47.2,1.13
2026-01-24 05:00:00,0.866,0.0,21.7,76.2,48.5,1.01
2026-01-24 06:00:00,0.869,0.0,22.1,74.8,48.0,1.16
2026-01-24 07:00:00,0.874,0.0,21.7,74.4,47.9,1.04
2026-01-24 08:00:00,0.864,0.0,21.5,76.2,47.4,0.95
2026-01-24 09:00:00,0.862,0.0,21.3,75.6,47.2,1.02
2026-01-24 10:00:00,0.863,0.0,20.0,77.5,46.9,1.01
2026-01-24 11:00:00,0.849,0.0,18.6,78.7,45.3,0.97
2026-01-24 12:00:00,0.844,0.0,17.9,81.1,44.7,1.01
2026-01-24 13:00:00,0.84,0.0,16.2,81.8,44.1,0.96
2026-01-24 14:00:00,0.836,0.0,14.6,82.5,42.8,0.93
2026-01-24 15:00:00,0.844,0.0,14.0,84.4,42.5,1.0
2026-01-24 16:00:00,0.834,0.0,13.0,85.7,42.2,0.94
2026-01-24 17:00:00,0.836,0.0,13.0,85.4,42.5,0.97
2026-01-24 18:00:00,0.831,0.0,13.0,85.0,42.1,0.95
2026-01-24 19:00:00,0.827,0.0,13.7,83.5,42.2,0.88
2026-01-24 20:00:00,0.836,0.0,13.7,83.3,42.8,0.97
2026-01-24 21:00:00,0.839,0.0,14.3,83.2,42.8,0.89
2026-01-24 22:00:00,0.84,0.0,15.5,81.9,43.7,0.97
2026-01-24 23:00:00,0.846,0.0,15.7,81.1,44.2,0.95
2026-01-25 00:00:00,0.849,0.0,17.6,80.1,45.1,1.03
2026-01-25 01:00:00,0.852,0.0,18.9,79.2,45.5,1.0
2026-01-25 02:00:00,0.864,0.0,19.3,77.4,45.3,0.98
2026-01-25 03:00:00,0.855,0.0,21.0,77.0,47.1,1.06
2026-01-25 04:00:00,0.861,0.0,21.5,75.7,48.3,1.03
2026-01-25 05:00:00,0.862,0.0,21.7,73.2,48.4,1.04
2026-01-25 06:00:00,0.87,0.0,22.2,74.1,48.5,1.12
2026-01-25 07:00:00,0.867,0.0,22.5,75.0,48.5,1.0
2026-01-25 08:00:00,0.86,0.0,21.5,74.5,47.6,0.9
2026-01-25 09:00:00,0.858,0.0,20.8,77.1,47.2,1.08
2026-01-25 10:00:00,0.859,0.0,19.6,79.0,46.2,1.03
2026-01-25 11:00:00,0.854,0.0,18.4,79.9,45.6,0.98
2026-01-25 12:00:00,0.851,0.0,17.7,79.8,45.3,1.04
2026-01-25 13:00:00,0.841,0.0,16.1,82.8,44.8,0.98
2026-01-25 14:00:00,0.845,0.0,15.3,82.6,43.4,0.96
2026-01-25 15:00:00,0.841,0.0,14.2,83.2,42.7,1.11
2026-01-25 16:00:00,0.837,0.0,13.7,83.7,42.4,0.97
2026-01-25 17:00:00,0.833,0.0,13.3,84.5,42.4,0.94
2026-01-25 18:00:00,0.836,0.0,13.3,84.6,41.3,0.96
2026-01-25 19:00:00,0.836,0.16,13.0,85.0,41.0,0.98
2026-01-25 20:00:00,0.841,0.0,13.5,84.5,42.1,0.99
2026-01-25 21:00:00,0.842,0.0,14.0,83.5,42.3,0.96
2026-01-25 22:00:00,0.845,0.0,15.1,82.9,43.2,0.99
2026-01-25 23:00:00,0.843,0.0,16.4,82.5,44.1,0.99
2026-01-26 00:00:00,0.847,0.0,17.7,80.9,44.8,0.96
2026-01-26 01:00:00,0.854,0.0,18.4,77.2,46.5,1.03
2026-01-26 02:00:00,0.854,0.0,20.0,74.9,46.7,1.07
2026-01-26 03:00:00,0.862,0.0,21.1,77.4,47.3,1.01
2026-01-26 04:00:00,0.858,0.0,21.5,74.3,47.9,1.03
2026-01-26 05:00:00,0.863,0.0,22.4,74.9,47.3,1.06
2026-01-26 06:00:00,0.864,0.0,21.8,73.8,48.5,0.96
2026-01-26 07:00:00,0.863,0.0,21.5,73.4,47.9,1.04
2026-01-26 08:00:00,0.865,0.0,20.9,76.2,47.9,1.02
2026-01-26 09:00:00,0.866,0.0,21.1,77.2,46.6,0.97
2026-01-26 10:00:00,0.861,0.0,19.9,76.9,45.7,1.03
2026-01-26 11:00:00,0.856,0.0,18.6,76.1,46.2,1.03
2026-01-26 12:00:00,0.855,0.08,17.6,79.5,45.2,1.02
2026-01-26 13:00:00,0.843,0.0,16.0,81.7,43.8,1.04
2026-01-26 14:00:00,0.842,0.0,16.0,81.0,43.1,0.98
2026-01-26 15:00:00,0.843,0.0,14.4,83.7,43.4,0.92
2026-01-26 16:00:00,0.839,0.0,13.6,84.3,41.8,0.93
2026-01-26 17:00:00,0.835,0.0,13.4,85.4,42.9,0.94
2026-01-26 18:00:00,0.83,0.0,13.1,85.1,41.5,0.88
2026-01-26 19:00:00,0.84,0.0,13.2,83.9,42.4,1.0
2026-01-26 20:00:00,0.837,0.0,13.4,85.5,42.2,0.96
2026-01-26 21:00:00,0.839,0.0,14.5,83.4,43.2,1.02
2026-01-26 22:00:00,0.842,0.0,15.8,82.5,43.2,0.98
2026-01-26 23:00:00,0.85,0.0,16.7,80.4,44.1,0.96
2026-01-27 00:00:00,0.855,0.0,18.0,79.6,45.0,0.94
2026-01-27 01:00:00,0.859,0.0,18.5,77.8,45.3,1.02
2026-01-27 02:00:00,0.86,0.18,19.5,77.3,46.9,0.98
2026-01-27 03:00:00,0.859,0.0,20.6,78.2,46.9,0.98
2026-01-27 04:00:00,0.861,0.0,21.4,74.3,47.5,1.04
2026-01-27 05:00:00,0.867,0.0,22.2,73.6,47.4,1.08
2026-01-27 06:00:00,0.866,0.0,21.5,76.5,46.7,1.01
2026-01-27 07:00:00,0.862,0.0,22.3,75.0,47.8,1.14
2026-01-27 08:00:00,0.861,0.0,21.3,75.0,48.8,1.13
2026-01-27 09:00:00,0.86,0.0,20.6,77.5,47.5,1.04
2026-01-27 10:00:00,0.861,0.0,19.4,76.9,46.5,1.11
2026-01-27 11:00:00,0.854,0.0,18.2,80.5,45.6,0.99
2026-01-27 12:00:00,0.85,0.0,17.7,80.7,45.0,1.02
2026-01-27 13:00:00,0.849,0.0,16.4,80.8,44.5,1.0
2026-01-27 14:00:00,0.844,0.0,14.9,84.7,42.9,1.06
2026-01-27 15:00:00,0.841,0.0,13.9,82.9,43.4,0.98
2026-01-27 16:00:00,0.832,0.0,13.5,85.1,42.8,0.8
2026-01-27 17:00:00,0.837,0.0,13.7,85.1,42.5,0.94
2026-01-27 18:00:00,0.833,0.0,12.9,86.3,42.2,0.95
2026-01-27 19:00:00,0.835,0.0,12.7,86.4,42.1,1.0
2026-01-27 20:00:00,0.837,0.0,13.5,84.4,42.7,0.91
2026-01-27 21:00:00,0.842,0.0,14.2,82.8,43.2,0.96
2026-01-27 22:00:00,0.844,0.0,14.4,83.0,43.3,0.95
2026-01-27 23:00:00,0.844,0.0,16.3,80.6,43.9,0.98
2026-01-28 00:00:00,0.85,0.0,17.4,82.0,45.1,1.02
2026-01-28 01:00:00,0.853,0.0,18.9,78.8,46.6,0.92
2026-01-28 02:00:00,0.856,0.0,20.3,77.1,45.9,1.06
2026-01-28 03:00:00,0.86,0.0,21.0,76.6,46.4,1.03
2026-01-28 04:00:00,0.866,0.0,21.3,74.3,47.7,1.03
2026-01-28 05:00:00,0.86,0.0,21.5,74.2,47.9,1.03
2026-01-28 06:00:00,0.864,0.0,22.5,76.2,48.1,1.01
2026-01-28 07:00:00,0.864,0.0,21.9,74.5,48.0,1.08
2026-01-28 08:00:00,0.863,0.0,21.4,74.6,47.5,1.07
2026-01-28 09:00:00,0.866,0.0,20.7,77.0,47.9,1.05
2026-01-28 10:00:00,0.858,0.0,19.8,78.7,45.7,1.01
2026-01-28 11:00:00,0.851,0.0,18.6,79.4,45.4,0.98
2026-01-28 12:00:00,0.849,0.0,17.3,81.0,44.9,1.01
2026-01-28 13:00:00,0.853,0.0,16.2,80.5,43.4,0.98
2026-01-28 14:00:00,0.841,0.0,15.2,81.1,43.4,0.96
2026-01-28 15:00:00,0.841,0.0,14.2,85.0,43.7,0.98
2026-01-28 16:00:00,0.841,0.0,13.4,84.0,42.4,0.84
2026-01-28 17:00:00,0.828,0.0,13.2,84.6,42.2,0.89
2026-01-28 18:00:00,0.838,0.0,12.9,86.3,41.4,0.87
2026-01-28 19:00:00,0.826,0.0,13.6,85.4,41.8,0.93
2026-01-28 20:00:00,0.838,0.0,12.8,84.8,42.2,0.9
2026-01-28 21:00:00,0.836,0.0,14.6,85.7,42.7,0.9
2026-01-28 22:00:00,0.843,0.0,15.6,81.9,44.1,0.94
2026-01-28 23:00:00,0.848,0.0,15.7,82.2,44.5,0.85
2026-01-29 00:00:00,0.847,0.0,17.4,80.1,44.4,0.93
2026-01-29 01:00:00,0.853,0.0,18.6,79.0,45.9,0.99
2026-01-29 02:00:00,0.86,0.0,19.3,79.0,46.7,0.95
2026-01-29 03:00:00,0.861,0.0,20.4,77.0,47.7,1.07
2026-01-29 04:00:00,0.869,0.0,21.1,76.2,48.4,1.05
2026-01-29 05:00:00,0.865,0.0,22.4,76.2,47.4,0.97
2026-01-29 06:00:00,0.858,0.0,22.3,74.6,47.6,1.07
2026-01-29 07:00:00,0.864,0.0,22.2,74.3,47.3,1.12
2026-01-29 08:00:00,0.859,0.0,21.6,74.6,47.5,1.06
2026-01-29 09:00:00,0.866,0.0,20.3,74.5,47.4,1.09
2026-01-29 10:00:00,0.858,0.0,19.6,79.6,47.0,1.03
2026-01-29 11:00:00,0.849,0.0,18.8,77.6,45.7,1.06
2026-01-29 12:00:00,0.848,0.0,17.1,79.8,44.8,1.02
2026-01-29 13:00:00,0.841,0.0,16.5,81.0,44.3,0.91
2026-01-29 14:00:00,0.847,0.0,15.2,82.8,43.1,0.97
2026-01-29 15:00:00,0.844,0.0,14.2,84.4,43.9,0.97
2026-01-29 16:00:00,0.831,0.0,13.8,85.2,41.6,0.97
2026-01-29 17:00:00,0.834,0.0,13.3,84.2,42.2,0.97
2026-01-29 18:00:00,0.835,0.0,12.9,84.8,43.0,0.86
2026-01-29 19:00:00,0.836,0.0,13.5,85.1,42.1,1.05
2026-01-29 20:00:00,0.838,0.0,13.3,84.1,42.3,0.95
2026-01-29 21:00:00,0.843,0.0,14.5,85.1,42.7,0.98
2026-01-29 22:00:00,0.843,0.0,15.4,83.0,43.4,0.92
2026-01-29 23:00:00,0.847,0.0,16.2,82.0,44.9,1.04
2026-01-30 00:00:00,0.847,0.0,17.6,80.7,43.9,1.06
2026-01-30 01:00:00,0.854,0.0,18.3,79.9,46.5,0.97
2026-01-30 02:00:00,0.86,0.0,20.0,77.7,45.8,1.03
2026-01-30 03:00:00,0.863,0.0,20.6,75.2,47.0,1.04
2026-01-30 04:00:00,0.863,0.0,21.2,76.1,47.4,1.08
2026-01-30 05:00:00,0.865,0.0,22.2,74.5,48.2,0.96
2026-01-30 06:00:00,0.862,0.0,21.8,74.5,47.2,1.09
2026-01-30 07:00:00,0.864,0.0,21.4,75.8,48.1,1.03
2026-01-30 08:00:00,0.859,0.0,20.9,76.9,48.6,0.98
2026-01-30 09:00:00,0.855,0.0,20.9,76.5,46.4,1.01
2026-01-30 10:00:00,0.856,0.0,19.4,77.8,46.6,0.97
2026-01-30 11:00:00,0.854,0.0,19.2,80.4,45.4,1.03
2026-01-30 12:00:00,0.856,0.0,16.9,80.2,45.2,0.95
2026-01-30 13:00:00,0.85,0.0,16.8,83.9,44.2,1.05
2026-01-30 14:00:00,0.84,0.0,15.3,83.1,43.2,0.97
2026-01-30 15:00:00,0.838,0.0,14.3,81.8,43.1,0.96
2026-01-30 16:00:00,0.842,0.0,13.4,85.1,43.3,1.0
2026-01-30 17:00:00,0.837,0.0,13.3,85.2,42.0,0.93
2026-01-30 18:00:00,0.831,0.0,13.0,86.3,42.4,0.91
2026-01-30 19:00:00,0.839,0.0,13.5,85.5,41.5,0.88
2026-01-30 20:00:00,0.834,0.0,13.6,84.2,41.9,0.94
2026-01-30 21:00:00,0.836,0.0,14.4,82.3,43.1,0.91
2026-01-30 22:00:00,0.841,0.0,15.1,82.3,44.2,0.9
2026-01-30 23:00:00,0.843,0.0,16.3,80.4,44.4,1.01
2026-01-31 00:00:00,0.846,0.0,17.6,79.4,44.8,0.9
2026-01-31 01:00:00,0.852,0.0,18.2,79.3,45.8,1.04
2026-01-31 02:00:00,0.857,0.0,19.3,79.2,45.9,1.0
2026-01-31 03:00:00,0.861,0.0,20.9,76.9,47.4,0.96
2026-01-31 04:00:00,0.864,0.0,21.4,74.5,48.0,1.08
2026-01-31 05:00:00,0.863,0.0,21.8,75.6,47.7,1.1
2026-01-31 06:00:00,0.862,0.0,22.0,76.2,47.8,1.1
2026-01-31 07:00:00,0.865,0.0,22.0,74.6,48.0,1.04
2026-01-31 08:00:00,0.863,0.0,21.2,75.5,47.4,1.05
2026-01-31 09:00:00,0.864,0.0,20.4,76.5,47.1,1.0
2026-01-31 10:00:00,0.855,0.0,19.8,76.7,47.5,1.07
2026-01-31 11:00:00,0.852,0.0,18.4,79.4,45.7,1.05
2026-01-31 12:00:00,0.855,0.0,17.6,79.9,44.8,1.0
2026-01-31 13:00:00,0.848,0.0,15.8,81.7,43.9,0.93
2026-01-31 14:00:00,0.845,0.0,15.6,81.6,43.9,0.99
2026-01-31 15:00:00,0.841,0.0,14.5,83.1,42.8,0.93
2026-01-31 16:00:00,0.832,0.0,13.7,85.1,42.1,0.95
2026-01-31 17:00:00,0.829,0.0,13.4,84.5,42.8,0.9
2026-01-31 18:00:00,0.838,0.0,13.5,86.7,42.7,0.96
2026-01-31 19:00:00,0.841,0.0,13.5,84.4,41.8,1.02
2026-01-31 20:00:00,0.835,0.0,13.1,84.6,41.5,0.94
2026-01-31 21:00:00,0.839,0.0,13.9,84.5,43.4,0.88
2026-01-31 22:00:00,0.84,0.0,15.1,81.1,43.2,0.93
2026-01-31 23:00:00,0.84,0.0,16.3,79.5,44.6,0.96
2026-02-01 00:00:00,0.831,0.0,18.4,82.7,42.5,0.92
2026-02-01 01:00:00,0.833,0.0,19.6,81.6,41.9,0.96
2026-02-01 02:00:00,0.839,0.0,21.0,79.6,42.0,0.91
2026-02-01 03:00:00,0.835,0.0,22.3,79.4,44.2,0.91
2026-02-01 04:00:00,0.838,0.0,22.6,78.4,43.5,0.93
2026-02-01 05:00:00,0.845,0.0,23.1,80.9,44.3,0.94
2026-02-01 06:00:00,0.842,0.0,23.8,79.9,43.9,0.94
2026-02-01 07:00:00,0.844,0.0,23.4,80.4,43.5,0.86
2026-02-01 08:00:00,0.839,0.0,22.5,80.3,44.4,0.94
2026-02-01 09:00:00,0.842,0.0,22.0,79.0,44.1,0.92
2026-02-01 10:00:00,0.83,0.0,20.7,80.5,43.0,0.93
2026-02-01 11:00:00,0.831,0.0,19.5,82.5,41.4,0.86
2026-02-01 12:00:00,0.828,0.0,18.4,81.8,41.7,0.89
2026-02-01 13:00:00,0.825,0.0,16.4,84.7,41.5,0.79
2026-02-01 14:00:00,0.827,0.0,15.3,84.8,40.0,0.94
2026-02-01 15:00:00,0.823,0.0,14.6,85.5,40.3,0.83
2026-02-01 16:00:00,0.819,0.0,13.7,87.2,39.8,0.86
2026-02-01 17:00:00,0.82,0.0,13.6,87.3,39.9,0.89
2026-02-01 18:00:00,0.816,0.0,13.0,86.6,39.6,0.85
2026-02-01 19:00:00,0.82,0.0,13.0,88.0,39.1,0.92
2026-02-01 20:00:00,0.822,0.0,14.4,85.4,40.4,0.9
2026-02-01 21:00:00,0.822,0.0,14.7,86.4,40.2,0.93
2026-02-01 22:00:00,0.825,0.0,15.8,85.6,40.7,0.85
2026-02-01 23:00:00,0.831,0.0,16.6,83.7,40.9,0.93
2026-02-02 00:00:00,0.829,0.0,18.1,83.3,41.8,0.88
2026-02-02 01:00:00,0.834,0.0,19.6,80.7,42.2,0.93
2026-02-02 02:00:00,0.837,0.0,20.5,81.9,43.2,0.94
2026-02-02 03:00:00,0.844,0.0,21.9,80.0,44.6,0.99
2026-02-02 04:00:00,0.841,0.0,22.4,79.0,43.5,0.98
2026-02-02 05:00:00,0.838,0.0,23.0,80.2,43.6,0.95
2026-02-02 06:00:00,0.847,0.0,23.1,78.3,45.2,0.95
2026-02-02 07:00:00,0.839,0.0,23.7,77.7,44.3,0.91
2026-02-02 08:00:00,0.839,0.08,22.6,78.0,43.8,0.91
2026-02-02 09:00:00,0.837,0.0,21.5,80.8,44.3,0.87
2026-02-02 10:00:00,0.836,0.0,21.0,79.7,42.9,0.96
2026-02-02 11:00:00,0.83,0.0,19.2,83.7,43.6,0.96
2026-02-02 12:00:00,0.832,0.0,18.4,80.9,42.3,0.95
2026-02-02 13:00:00,0.825,0.0,16.4,85.7,41.1,0.92
2026-02-02 14:00:00,0.821,0.04,15.4,85.2,41.8,0.91
2026-02-02 15:00:00,0.822,0.0,14.8,85.7,39.9,0.89
2026-02-02 16:00:00,0.816,0.0,14.2,85.9,40.2,0.82
2026-02-02 17:00:00,0.82,0.0,13.5,87.3,39.7,0.83
2026-02-02 18:00:00,0.819,0.0,13.3,87.0,40.2,0.81
2026-02-02 19:00:00,0.821,0.0,13.4,88.0,40.4,0.82
2026-02-02 20:00:00,0.821,0.0,13.5,86.6,39.9,0.89
2026-02-02 21:00:00,0.819,0.0,14.5,86.0,39.9,0.89
2026-02-02 22:00:00,0.825,0.0,15.7,84.6,41.0,0.86
2026-02-02 23:00:00,0.824,0.0,17.3,84.0,41.0,0.8
2026-02-03 00:00:00,0.831,0.0,18.4,83.3,43.0,0.84
2026-02-03 01:00:00,0.833,0.0,19.1,80.3,42.7,0.9
2026-02-03 02:00:00,0.838,0.0,20.9,79.7,43.1,0.92
2026-02-03 03:00:00,0.837,0.0,21.7,80.9,43.9,0.96
2026-02-03 04:00:00,0.841,0.0,22.4,79.7,43.5,0.95
2026-02-03 05:00:00,0.843,0.0,23.3,79.0,43.9,0.88
2026-02-03 06:00:00,0.844,0.0,23.6,79.0,45.1,0.97
2026-02-03 07:00:00,0.839,0.0,23.4,79.5,44.1,0.92
2026-02-03 08:00:00,0.84,0.0,22.4,79.0,43.6,0.93
2026-02-03 09:00:00,0.839,0.0,21.7,79.4,44.0,0.99
2026-02-03 10:00:00,0.84,0.03,20.9,81.2,43.8,0.89
2026-02-03 11:00:00,0.835,0.0,19.9,81.0,43.0,0.97
2026-02-03 12:00:00,0.831,0.0,18.2,83.4,42.5,0.95
2026-02-03 13:00:00,0.833,0.0,17.0,82.3,41.0,0.95
2026-02-03 14:00:00,0.825,0.0,15.5,86.0,40.0,0.92
2026-02-03 15:00:00,0.822,0.0,14.4,86.3,41.0,0.87
2026-02-03 16:00:00,0.819,0.0,14.2,86.7,39.7,0.92
2026-02-03 17:00:00,0.816,0.0,13.9,87.8,39.5,0.91
2026-02-03 18:00:00,0.819,0.0,13.3,88.7,40.2,0.81
2026-02-03 19:00:00,0.82,0.0,13.8,87.9,39.9,0.78
2026-02-03 20:00:00,0.821,0.0,14.1,84.6,40.1,0.91
2026-02-03 21:00:00,0.82,0.0,14.6,84.5,41.3,0.87
2026-02-03 22:00:00,0.83,0.0,15.9,84.4,40.4,0.88
2026-02-03 23:00:00,0.824,0.0,17.5,84.1,41.8,0.94
2026-02-04 00:00:00,0.836,0.0,18.3,83.5,42.0,0.92
2026-02-04 01:00:00,0.836,0.0,20.1,81.2,42.8,0.98
2026-02-04 02:00:00,0.834,0.0,20.0,81.2,44.0,0.89
2026-02-04 03:00:00,0.842,0.0,22.1,79.4,44.0,1.01
2026-02-04 04:00:00,0.842,0.0,22.7,78.9,44.4,0.91
2026-02-04 05:00:00,0.848,0.0,23.0,77.7,45.0,0.94
2026-02-04 06:00:00,0.841,0.0,23.3,78.1,44.3,0.95
2026-02-04 07:00:00,0.846,0.0,22.5,77.8,44.0,0.99
2026-02-04 08:00:00,0.842,0.0,22.6,78.6,43.6,0.96
2026-02-04 09:00:00,0.839,0.0,21.9,81.2,42.8,0.95
2026-02-04 10:00:00,0.828,0.0,21.2,80.1,44.3,0.88
2026-02-04 11:00:00,0.834,0.0,19.4,84.6,42.1,0.87
2026-02-04 12:00:00,0.831,0.0,18.1,83.5,41.9,0.9
2026-02-04 13:00:00,0.832,0.0,16.9,84.2,41.2,0.97
2026-02-04 14:00:00,0.823,0.0,16.1,84.1,40.9,0.87
2026-02-04 15:00:00,0.821,0.0,14.9,86.5,40.6,0.85
2026-02-04 16:00:00,0.82,0.0,13.8,85.9,40.3,0.84
2026-02-04 17:00:00,0.815,0.0,13.6,87.0,39.3,0.87
2026-02-04 18:00:00,0.82,0.0,13.3,89.6,39.4,0.83
2026-02-04 19:00:00,0.821,0.0,13.8,86.8,39.7,0.84
2026-02-04 20:00:00,0.82,0.0,13.8,87.6,39.7,0.9
2026-02-04 21:00:00,0.821,0.0,14.7,85.1,41.0,0.89
2026-02-04 22:00:00,0.822,0.0,15.7,85.0,41.0,0.87
2026-02-04 23:00:00,0.826,0.0,16.6,85.8,41.7,0.86
2026-02-05 00:00:00,0.829,0.0,18.4,82.4,42.3,0.84
2026-02-05 01:00:00,0.832,0.0,19.7,83.8,43.2,0.89
2026-02-05 02:00:00,0.835,0.0,20.8,81.7,43.3,0.91
2026-02-05 03:00:00,0.838,0.0,21.8,79.6,43.1,0.95
2026-02-05 04:00:00,0.843,0.0,22.2,80.2,44.4,0.92
2026-02-05 05:00:00,0.838,0.0,23.0,80.1,44.1,0.89
2026-02-05 06:00:00,0.841,0.0,23.2,79.6,44.2,0.92
2026-02-05 07:00:00,0.839,0.0,22.9,77.6,44.7,0.88
2026-02-05 08:00:00,0.839,0.0,22.6,78.8,44.8,0.94
2026-02-05 09:00:00,0.84,0.0,22.0,79.9,43.8,0.91
2026-02-05 10:00:00,0.835,0.0,21.4,80.9,43.4,0.88
2026-02-05 11:00:00,0.834,0.06,19.6,82.6,43.5,0.89
2026-02-05 12:00:00,0.832,0.0,18.4,83.2,42.1,0.83
2026-02-05 13:00:00,0.826,0.02,17.0,82.7,42.7,0.9
2026-02-05 14:00:00,0.825,0.0,15.2,85.4,41.0,0.99
2026-02-05 15:00:00,0.823,0.0,14.8,86.4,39.4,0.83
2026-02-05 16:00:00,0.819,0.0,14.0,87.0,40.2,0.79
2026-02-05 17:00:00,0.818,0.0,14.2,87.9,39.8,0.83
2026-02-05 18:00:00,0.821,0.0,13.2,87.8,40.1,0.85
2026-02-05 19:00:00,0.819,0.07,13.6,87.3,39.9,0.85
2026-02-05 20:00:00,0.825,0.0,14.0,86.4,39.8,0.87
2026-02-05 21:00:00,0.827,0.0,14.4,84.2,39.6,0.92
2026-02-05 22:00:00,0.825,0.0,16.1,85.4,40.6,0.9
2026-02-05 23:00:00,0.828,0.0,17.2,84.2,40.9,0.82
2026-02-06 00:00:00,0.829,0.0,18.5,83.3,41.7,0.93
2026-02-06 01:00:00,0.833,0.0,19.3,80.7,42.9,0.85
2026-02-06 02:00:00,0.836,0.0,21.2,79.9,44.1,0.99
2026-02-06 03:00:00,0.842,0.0,21.4,81.2,44.0,0.94
2026-02-06 04:00:00,0.843,0.0,22.8,79.5,43.6,0.93
2026-02-06 05:00:00,0.839,0.12,23.8,79.8,44.6,0.91
2026-02-06 06:00:00,0.847,0.0,23.0,79.0,45.1,0.95
2026-02-06 07:00:00,0.841,0.0,23.0,79.2,44.1,0.93
2026-02-06 08:00:00,0.846,0.0,22.7,80.5,44.1,1.02
2026-02-06 09:00:00,0.846,0.04,21.7,79.7,43.8,0.96
2026-02-06 10:00:00,0.837,0.0,20.3,81.1,42.9,0.86
2026-02-06 11:00:00,0.838,0.0,19.6,81.5,43.0,0.88
2026-02-06 12:00:00,0.831,0.0,18.0,82.6,41.9,0.86
2026-02-06 13:00:00,0.825,0.0,17.1,83.7,41.6,0.85
2026-02-06 14:00:00,0.823,0.04,15.5,85.2,40.3,0.86
2026-02-06 15:00:00,0.82,0.0,15.2,85.3,40.0,0.9
2026-02-06 16:00:00,0.816,0.0,13.7,87.7,40.2,0.86
2026-02-06 17:00:00,0.822,0.0,13.4,86.0,39.4,0.85
2026-02-06 18:00:00,0.819,0.13,13.5,86.8,40.4,0.87
2026-02-06 19:00:00,0.822,0.0,13.1,86.4,39.4,0.88
2026-02-06 20:00:00,0.818,0.0,14.0,87.9,39.9,0.88
2026-02-06 21:00:00,0.818,0.0,15.2,86.0,40.7,0.89
2026-02-06 22:00:00,0.825,0.0,15.3,86.0,40.0,0.87
2026-02-06 23:00:00,0.824,0.0,17.1,82.5,40.5,0.84
2026-02-07 00:00:00,0.832,0.0,18.4,83.3,41.2,0.95
2026-02-07 01:00:00,0.831,0.0,19.8,82.9,43.3,0.92
2026-02-07 02:00:00,0.83,0.0,20.4,81.1,43.0,0.88
2026-02-07 03:00:00,0.838,0.0,21.4,81.2,45.0,0.89
2026-02-07 04:00:00,0.838,0.0,22.8,79.0,43.9,0.9
2026-02-07 05:00:00,0.842,0.0,23.2,80.5,44.5,0.94
2026-02-07 06:00:00,0.835,0.0,23.4,81.3,45.3,0.83
2026-02-07 07:00:00,0.84,0.0,23.2,78.8,45.4,0.95
2026-02-07 08:00:00,0.832,0.0,22.4,79.1,45.2,0.89
2026-02-07 09:00:00,0.837,0.0,21.9,81.6,44.4,0.98
2026-02-07 10:00:00,0.835,0.0,20.9,82.6,43.8,0.93
2026-02-07 11:00:00,0.834,0.0,19.4,81.4,42.9,0.83
2026-02-07 12:00:00,0.832,0.0,18.9,82.6,42.4,0.92
2026-02-07 13:00:00,0.828,0.0,17.1,83.8,41.1,1.05
2026-02-07 14:00:00,0.818,0.0,15.4,83.7,40.3,0.93
2026-02-07 15:00:00,0.821,0.0,15.0,84.9,40.2,0.88
2026-02-07 16:00:00,0.819,0.0,13.7,85.5,39.7,0.85
2026-02-07 17:00:00,0.817,0.0,13.7,86.1,39.4,0.87
2026-02-07 18:00:00,0.813,0.0,13.6,87.0,39.8,0.87
2026-02-07 19:00:00,0.817,0.0,13.2,87.1,40.1,0.81
2026-02-07 20:00:00,0.818,0.0,14.3,88.0,39.9,0.91
2026-02-07 21:00:00,0.82,0.0,14.9,84.8,41.0,0.88
2026-02-07 22:00:00,0.822,0.0,16.0,86.0,40.2,0.9
2026-02-07 23:00:00,0.829,0.0,17.6,83.8,41.3,0.97
2026-02-08 00:00:00,0.829,0.0,18.2,83.0,41.6,0.92
2026-02-08 01:00:00,0.833,0.0,19.4,82.6,41.7,0.96
2026-02-08 02:00:00,0.834,0.0,20.5,79.9,43.2,0.94
2026-02-08 03:00:00,0.838,0.0,21.6,80.6,43.7,0.93
2026-02-08 04:00:00,0.841,0.0,22.6,79.7,44.9,0.95
2026-02-08 05:00:00,0.841,0.0,23.2,79.6,44.7,0.95
2026-02-08 06:00:00,0.847,0.0,23.4,79.3,44.0,1.0
2026-02-08 07:00:00,0.844,0.0,23.4,81.6,45.3,0.93
2026-02-08 08:00:00,0.838,0.0,22.6,78.9,44.8,0.97
2026-02-08 09:00:00,0.841,0.0,22.3,79.6,44.1,1.0
2026-02-08 10:00:00,0.834,0.0,20.7,80.4,43.1,0.91
2026-02-08 11:00:00,0.83,0.09,20.4,81.4,42.2,0.9
2026-02-08 12:00:00,0.833,0.0,18.5,82.4,41.8,0.89
2026-02-08 13:00:00,0.829,0.0,16.7,85.2,41.9,0.89
2026-02-08 14:00:00,0.825,0.0,15.5,86.4,41.7,0.84
2026-02-08 15:00:00,0.822,0.0,14.9,85.3,41.0,0.75
2026-02-08 16:00:00,0.819,0.0,13.9,85.6,39.6,0.8
2026-02-08 17:00:00,0.822,0.0,13.7,87.3,39.0,0.9
2026-02-08 18:00:00,0.819,0.0,13.4,86.4,39.6,0.92
2026-02-08 19:00:00,0.816,0.0,13.4,87.5,38.7,0.92
2026-02-08 20:00:00,0.822,0.0,13.7,86.7,40.0,0.86
2026-02-08 21:00:00,0.825,0.0,14.3,84.3,40.2,0.84
2026-02-08 22:00:00,0.822,0.0,15.7,86.5,40.5,0.85
2026-02-08 23:00:00,0.825,0.0,17.3,85.8,40.6,0.84
2026-02-09 00:00:00,0.834,0.0,18.4,82.4,42.3,0.9
2026-02-09 01:00:00,0.834,0.0,19.2,81.6,42.4,0.89
2026-02-09 02:00:00,0.831,0.0,20.9,81.3,42.7,0.91
2026-02-09 03:00:00,0.833,0.0,22.0,80.5,42.3,0.91
2026-02-09 04:00:00,0.836,0.0,22.4,80.2,44.2,1.0
2026-02-09 05:00:00,0.844,0.0,23.2,81.1,45.3,0.95
2026-02-09 06:00:00,0.846,0.0,23.3,78.8,45.3,0.92
2026-02-09 07:00:00,0.843,0.0,22.8,78.3,44.2,0.95
2026-02-09 08:00:00,0.841,0.0,22.7,78.2,43.9,0.99
2026-02-09 09:00:00,0.841,0.0,22.0,79.4,44.0,0.95
2026-02-09 10:00:00,0.831,0.0,21.1,81.0,42.8,0.87
2026-02-09 11:00:00,0.833,0.0,19.9,83.8,42.8,0.91
2026-02-09 12:00:00,0.827,0.0,17.9,82.5,42.4,0.98
2026-02-09 13:00:00,0.831,0.0,16.7,84.3,42.0,0.93
2026-02-09 14:00:00,0.824,0.0,16.0,85.0,40.7,0.87
2026-02-09 15:00:00,0.819,0.0,14.9,87.0,40.1,0.86
2026-02-09 16:00:00,0.82,0.0,14.1,89.0,39.4,0.82
2026-02-09 17:00:00,0.819,0.0,14.6,86.3,39.2,0.86
2026-02-09 18:00:00,0.812,0.0,13.5,86.5,39.4,0.8
2026-02-09 19:00:00,0.817,0.0,13.8,87.9,39.8,0.93
2026-02-09 20:00:00,0.821,0.0,14.3,87.1,40.3,0.82
2026-02-09 21:00:00,0.823,0.0,15.0,87.7,39.8,0.81
2026-02-09 22:00:00,0.827,0.0,15.7,85.6,41.5,0.87
2026-02-09 23:00:00,0.827,0.0,17.2,83.7,41.2,0.94
2026-02-10 00:00:00,0.826,0.0,18.1,83.6,42.0,0.83
2026-02-10 01:00:00,0.831,0.0,19.5,83.1,42.3,0.95
2026-02-10 02:00:00,0.831,0.0,20.7,81.8,42.0,0.79
2026-02-10 03:00:00,0.837,0.0,21.9,80.7,44.2,0.95
2026-02-10 04:00:00,0.844,0.0,23.3,80.6,44.5,0.93
2026-02-10 05:00:00,0.84,0.0,22.6,80.3,44.3,0.98
2026-02-10 06:00:00,0.836,0.0,23.5,80.4,44.5,0.91
2026-02-10 07:00:00,0.842,0.0,22.6,79.8,44.7,0.96
2026-02-10 08:00:00,0.839,0.0,22.5,79.4,43.4,0.93
2026-02-10 09:00:00,0.831,0.0,22.2,80.3,43.5,0.88
2026-02-10 10:00:00,0.837,0.0,20.8,82.2,43.6,0.89
2026-02-10 11:00:00,0.833,0.0,19.3,81.1,42.0,0.93
2026-02-10 12:00:00,0.829,0.0,18.1,83.4,42.1,0.9
2026-02-10 13:00:00,0.824,0.0,17.2,83.6,40.7,0.87
2026-02-10 14:00:00,0.826,0.0,15.6,85.0,41.0,0.89
2026-02-10 15:00:00,0.82,0.0,14.8,87.1,40.2,0.87
2026-02-10 16:00:00,0.822,0.0,14.0,86.7,39.0,0.79
2026-02-10 17:00:00,0.822,0.0,13.3,86.9,40.2,0.86
2026-02-10 18:00:00,0.819,0.0,13.9,85.6,39.1,0.91
2026-02-10 19:00:00,0.814,0.0,13.7,87.6,39.2,0.82
2026-02-10 20:00:00,0.819,0.0,13.4,87.1,39.9,0.83
2026-02-10 21:00:00,0.827,0.0,14.8,88.0,40.8,0.85
2026-02-10 22:00:00,0.822,0.0,15.6,84.7,40.2,0.88
2026-02-10 23:00:00,0.823,0.0,17.3,84.3,41.4,0.86
2026-02-11 00:00:00,0.831,0.0,18.1,83.2,42.2,0.89
2026-02-11 01:00:00,0.833,0.0,19.6,83.5,43.0,0.89
2026-02-11 02:00:00,0.831,0.0,21.0,80.9,43.3,0.92
2026-02-11 03:00:00,0.844,0.0,22.1,80.5,43.6,0.95
2026-02-11 04:00:00,0.841,0.0,22.3,80.1,43.8,0.97
2026-02-11 05:00:00,0.839,0.07,23.0,79.3,44.5,1.01
2026-02-11 06:00:00,0.843,0.0,23.2,78.6,44.0,1.01
2026-02-11 07:00:00,0.839,0.0,22.9,79.3,43.0,1.01
2026-02-11 08:00:00,0.843,0.0,23.2,80.6,44.4,0.97
2026-02-11 09:00:00,0.839,0.0,22.0,79.1,44.2,0.92
2026-02-11 10:00:00,0.84,0.0,20.4,81.1,42.1,0.94
2026-02-11 11:00:00,0.827,0.0,19.9,81.3,42.1,0.85
2026-02-11 12:00:00,0.829,0.0,18.9,84.2,42.3,0.91
2026-02-11 13:00:00,0.827,0.0,17.3,82.5,42.4,0.94
2026-02-11 14:00:00,0.818,0.0,15.3,84.4,40.8,0.86
2026-02-11 15:00:00,0.816,0.0,14.6,86.2,39.9,0.88
2026-02-11 16:00:00,0.819,0.0,14.3,88.0,39.7,0.88
2026-02-11 17:00:00,0.816,0.0,13.3,86.8,40.3,0.9
2026-02-11 18:00:00,0.821,0.0,13.4,86.4,39.2,0.89
2026-02-11 19:00:00,0.818,0.0,13.7,88.7,39.2,0.88
2026-02-11 20:00:00,0.817,0.0,13.7,85.0,39.6,0.89
2026-02-11 21:00:00,0.826,0.0,14.7,83.6,39.8,0.93
2026-02-11 22:00:00,0.822,0.0,14.8,85.4,40.8,0.89
2026-02-11 23:00:00,0.823,0.0,16.7,83.5,42.2,0.9
2026-02-12 00:00:00,0.831,0.0,18.2,82.0,42.2,0.83
2026-02-12 01:00:00,0.83,0.0,19.2,82.7,42.5,0.89
2026-02-12 02:00:00,0.835,0.0,21.3,81.2,43.1,0.87
2026-02-12 03:00:00,0.84,0.0,21.4,79.6,43.0,0.94
2026-02-12 04:00:00,0.84,0.0,22.5,78.3,44.6,0.9
2026-02-12 05:00:00,0.845,0.0,23.2,80.0,44.4,1.02
2026-02-12 06:00:00,0.841,0.0,23.7,79.7,44.4,0.91
2026-02-12 07:00:00,0.843,0.0,22.7,79.0,46.0,0.93
2026-02-12 08:00:00,0.84,0.01,23.0,81.4,44.3,0.97
2026-02-12 09:00:00,0.833,0.0,21.8,79.1,43.4,0.96
2026-02-12 10:00:00,0.836,0.0,20.5,79.5,43.0,0.91
2026-02-12 11:00:00,0.833,0.0,19.7,81.3,43.2,0.91
2026-02-12 12:00:00,0.825,0.0,18.4,83.0,42.1,0.94
2026-02-12 13:00:00,0.827,0.0,16.8,84.3,40.6,0.91
2026-02-12 14:00:00,0.827,0.0,15.8,84.8,41.2,0.85
2026-02-12 15:00:00,0.823,0.0,14.6,86.2,39.9,0.86
2026-02-12 16:00:00,0.822,0.0,14.0,85.2,40.8,0.79
2026-02-12 17:00:00,0.818,0.0,13.7,88.3,40.1,0.83
2026-02-12 18:00:00,0.819,0.0,13.8,86.9,39.3,0.88
2026-02-12 19:00:00,0.816,0.0,13.1,88.0,40.2,0.82
2026-02-12 20:00:00,0.819,0.0,14.6,86.8,39.9,0.83
2026-02-12 21:00:00,0.824,0.0,14.2,86.3,40.7,0.86
2026-02-12 22:00:00,0.815,0.0,15.8,85.6,41.0,0.83
2026-02-12 23:00:00,0.824,0.0,17.2,84.5,40.9,0.81
2026-02-13 00:00:00,0.826,0.0,18.4,83.6,41.7,0.89
2026-02-13 01:00:00,0.837,0.0,19.4,83.3,43.2,0.94
2026-02-13 02:00:00,0.834,0.0,20.7,81.2,43.1,0.93
2026-02-13 03:00:00,0.837,0.0,21.7,80.9,43.6,0.9
2026-02-13 04:00:00,0.837,0.0,22.5,79.4,43.7,0.85
2026-02-13 05:00:00,0.84,0.0,23.4,80.6,44.6,0.94
2026-02-13 06:00:00,0.842,0.0,23.4,78.3,45.5,0.92
2026-02-13 07:00:00,0.839,0.0,22.9,80.9,43.9,0.95
2026-02-13 08:00:00,0.836,0.0,22.9,79.5,44.2,0.95
2026-02-13 09:00:00,0.835,0.0,21.9,78.7,44.5,0.89
2026-02-13 10:00:00,0.832,0.0,21.0,81.1,43.2,0.89
2026-02-13 11:00:00,0.836,0.0,19.8,81.3,42.9,0.94
2026-02-13 12:00:00,0.833,0.0,18.1,83.8,41.5,0.93
2026-02-13 13:00:00,0.824,0.0,16.8,83.4,41.6,0.86
2026-02-13 14:00:00,0.822,0.0,16.0,84.6,40.7,0.92
2026-02-13 15:00:00,0.818,0.0,14.9,83.9,40.7,0.89
2026-02-13 16:00:00,0.822,0.0,14.0,86.0,40.4,0.95
2026-02-13 17:00:00,0.817,0.0,13.5,84.4,40.9,0.88
2026-02-13 18:00:00,0.825,0.0,13.7,85.4,39.8,0.86
2026-02-13 19:00:00,0.814,0.0,13.3,87.6,39.7,0.77
2026-02-13 20:00:00,0.822,0.0,14.1,87.2,39.9,0.8
2026-02-13 21:00:00,0.82,0.0,14.7,86.3,40.1,0.88
2026-02-13 22:00:00,0.825,0.0,15.7,84.0,40.9,0.9
2026-02-13 23:00:00,0.828,0.0,17.3,84.0,41.2,0.94
2026-02-14 00:00:00,0.827,0.0,18.5,83.0,42.1,0.86
2026-02-14 01:00:00,0.831,0.02,19.8,80.8,43.3,0.94
2026-02-14 02:00:00,0.839,0.0,21.2,82.5,42.7,0.95
2026-02-14 03:00:00,0.843,0.06,21.8,81.0,44.3,0.91
2026-02-14 04:00:00,0.845,0.0,22.8,79.3,44.8,1.01
2026-02-14 05:00:00,0.844,0.0,23.0,79.2,44.4,1.02
2026-02-14 06:00:00,0.837,0.0,23.4,79.2,43.4,0.9
2026-02-14 07:00:00,0.839,0.0,23.1,77.1,44.1,0.96
2026-02-14 08:00:00,0.837,0.0,22.7,79.3,44.8,0.96
2026-02-14 09:00:00,0.843,0.0,22.0,79.5,43.8,0.97
2026-02-14 10:00:00,0.837,0.0,20.6,80.0,42.8,0.88
2026-02-14 11:00:00,0.833,0.11,20.2,81.7,42.4,0.98
2026-02-14 12:00:00,0.832,0.0,18.0,84.8,42.4,0.91
2026-02-14 13:00:00,0.826,0.0,16.6,84.7,41.6,0.8
2026-02-14 14:00:00,0.821,0.0,16.1,84.4,40.6,0.94
2026-02-14 15:00:00,0.818,0.0,15.0,86.4,40.0,0.86
2026-02-14 16:00:00,0.823,0.0,14.2,87.9,39.6,0.82
2026-02-14 17:00:00,0.819,0.0,13.7,87.8,39.1,0.9
2026-02-14 18:00:00,0.818,0.0,13.3,87.1,40.3,0.97
2026-02-14 19:00:00,0.813,0.0,13.2,86.2,39.4,0.88
2026-02-14 20:00:00,0.819,0.0,14.0,87.2,40.4,0.89
2026-02-14 21:00:00,0.823,0.0,14.6,86.2,41.0,0.85
2026-02-14 22:00:00,0.825,0.0,16.1,85.9,41.2,0.81
2026-02-14 23:00:00,0.829,0.0,17.0,84.7,41.1,0.91
2026-02-15 00:00:00,0.832,0.0,18.1,84.0,42.2,0.95
2026-02-15 01:00:00,0.834,0.0,19.5,81.4,42.6,0.92
2026-02-15 02:00:00,0.833,0.0,20.9,82.3,42.8,0.88
2026-02-15 03:00:00,0.842,0.0,21.7,80.4,43.9,1.0
2026-02-15 04:00:00,0.84,0.0,22.4,81.6,43.6,0.94
2026-02-15 05:00:00,0.839,0.0,23.2,78.4,45.0,0.98
2026-02-15 06:00:00,0.844,0.0,23.4,80.7,44.3,1.03
2026-02-15 07:00:00,0.839,0.0,23.0,79.3,44.5,0.92
2026-02-15 08:00:00,0.841,0.0,22.5,78.9,44.3,0.96
2026-02-15 09:00:00,0.838,0.0,21.9,79.7,43.6,0.89
2026-02-15 10:00:00,0.839,0.0,20.4,80.7,43.5,0.96
2026-02-15 11:00:00,0.83,0.0,19.2,82.4,42.4,0.96
2026-02-15 12:00:00,0.834,0.0,18.1,83.5,42.4,0.92
2026-02-15 13:00:00,0.827,0.0,16.9,83.5,40.7,0.91
2026-02-15 14:00:00,0.821,0.0,15.9,85.0,40.8,0.87
2026-02-15 15:00:00,0.815,0.0,15.2,88.0,41.2,0.88
2026-02-15 16:00:00,0.815,0.0,14.2,88.2,39.3,0.91
2026-02-15 17:00:00,0.817,0.0,13.4,87.3,39.2,0.85
2026-02-15 18:00:00,0.816,0.0,13.3,87.0,39.8,0.84
2026-02-15 19:00:00,0.823,0.0,13.2,87.0,39.7,0.77
2026-02-15 20:00:00,0.823,0.0,14.0,87.1,40.0,0.89
2026-02-15 21:00:00,0.818,0.0,14.7,84.8,40.5,0.81
2026-02-15 22:00:00,0.829,0.0,15.9,84.7,41.1,0.86
2026-02-15 23:00:00,0.823,0.0,16.8,82.4,41.9,0.92
2026-02-16 00:00:00,0.831,0.0,18.5,83.4,42.2,0.87
2026-02-16 01:00:00,0.834,0.0,20.1,82.6,42.5,0.87
2026-02-16 02:00:00,0.839,0.0,20.8,80.5,43.6,0.98
2026-02-16 03:00:00,0.84,0.0,22.0,81.7,44.7,0.95
2026-02-16 04:00:00,0.846,0.0,22.8,78.3,44.1,0.95
2026-02-16 05:00:00,0.838,0.0,23.0,77.7,43.9,0.95
2026-02-16 06:00:00,0.848,0.0,23.4,79.2,45.1,0.92
2026-02-16 07:00:00,0.841,0.0,23.1,80.2,44.4,0.95
2026-02-16 08:00:00,0.84,0.0,22.7,81.2,43.1,0.9
2026-02-16 09:00:00,0.842,0.0,21.6,79.7,44.2,1.03
2026-02-16 10:00:00,0.837,0.0,20.8,82.1,43.0,0.89
2026-02-16 11:00:00,0.828,0.0,19.7,81.9,42.6,0.9
2026-02-16 12:00:00,0.833,0.0,18.7,82.8,42.2,0.93
2026-02-16 13:00:00,0.827,0.0,17.3,84.9,41.4,0.87
2026-02-16 14:00:00,0.821,0.0,16.4,85.7,41.1,0.9
2026-02-16 15:00:00,0.824,0.0,14.5,84.3,40.0,0.82
2026-02-16 16:00:00,0.824,0.0,14.2,87.9,40.1,0.9
2026-02-16 17:00:00,0.823,0.0,13.5,88.2,39.5,0.82
2026-02-16 18:00:00,0.814,0.0,14.0,86.4,39.9,0.84
2026-02-16 19:00:00,0.82,0.0,13.2,87.3,39.9,0.94
2026-02-16 20:00:00,0.822,0.0,13.7,87.0,39.4,0.86
2026-02-16 21:00:00,0.818,0.0,14.6,86.1,40.8,0.91
2026-02-16 22:00:00,0.821,0.0,15.2,84.4,40.5,0.93
2026-02-16 23:00:00,0.826,0.0,16.8,83.4,41.8,0.95
2026-02-17 00:00:00,0.832,0.0,18.1,83.0,42.2,0.9
2026-02-17 01:00:00,0.832,0.0,19.6,83.1,43.6,0.89
2026-02-17 02:00:00,0.84,0.13,20.9,81.5,43.1,0.96
2026-02-17 03:00:00,0.839,0.11,22.4,79.8,43.6,0.94
2026-02-17 04:00:00,0.841,0.0,22.9,80.3,44.2,0.85
2026-02-17 05:00:00,0.843,0.0,23.0,76.3,44.3,0.91
2026-02-17 06:00:00,0.839,0.0,23.0,80.1,44.9,0.86
2026-02-17 07:00:00,0.836,0.0,23.3,77.4,43.6,0.87
2026-02-17 08:00:00,0.838,0.0,22.2,79.2,43.6,1.01
2026-02-17 09:00:00,0.837,0.0,22.4,79.1,43.2,0.93
2026-02-17 10:00:00,0.837,0.0,21.2,79.7,43.7,0.93
2026-02-17 11:00:00,0.833,0.0,19.5,83.1,43.5,0.86
2026-02-17 12:00:00,0.834,0.0,17.8,82.5,41.9,0.99
2026-02-17 13:00:00,0.822,0.0,17.4,84.4,41.3,0.83
2026-02-17 14:00:00,0.823,0.0,15.8,85.0,40.8,0.84
2026-02-17 15:00:00,0.823,0.0,15.1,86.3,40.8,0.85
2026-02-17 16:00:00,0.826,0.0,13.5,86.5,39.4,0.93
2026-02-17 17:00:00,0.819,0.0,13.3,85.6,39.7,0.9
2026-02-17 18:00:00,0.821,0.0,13.3,88.0,40.0,0.85
2026-02-17 19:00:00,0.816,0.0,13.5,86.4,39.8,0.85
2026-02-17 20:00:00,0.822,0.0,13.8,84.9,39.9,0.88
2026-02-17 21:00:00,0.817,0.0,15.0,85.4,40.7,0.82
2026-02-17 22:00:00,0.824,0.0,15.5,86.5,39.4,0.88
2026-02-17 23:00:00,0.833,0.0,17.0,84.9,41.7,0.85
2026-02-18 00:00:00,0.832,0.0,18.3,82.7,41.7,0.96
2026-02-18 01:00:00,0.84,0.0,19.7,81.6,41.7,0.92
2026-02-18 02:00:00,0.837,0.0,21.0,80.7,43.5,0.95
2026-02-18 03:00:00,0.839,0.0,21.5,82.2,44.5,0.93
2026-02-18 04:00:00,0.842,0.0,22.2,79.9,44.1,0.84
2026-02-18 05:00:00,0.844,0.0,23.5,79.6,44.9,0.95
2026-02-18 06:00:00,0.841,0.0,23.4,80.0,45.3,1.02
2026-02-18 07:00:00,0.84,0.0,22.9,79.4,45.1,0.92
2026-02-18 08:00:00,0.848,0.1,23.1,79.3,45.0,0.95
2026-02-18 09:00:00,0.837,0.0,21.9,80.0,44.1,0.92
2026-02-18 10:00:00,0.839,0.0,21.2,80.9,43.3,0.94
2026-02-18 11:00:00,0.829,0.0,19.6,81.9,41.8,0.88
2026-02-18 12:00:00,0.828,0.0,18.9,83.7,41.9,0.89
2026-02-18 13:00:00,0.828,0.0,17.5,84.1,40.9,0.91
2026-02-18 14:00:00,0.819,0.0,15.7,85.7,41.8,0.9
2026-02-18 15:00:00,0.822,0.0,15.1,85.7,40.1,0.93
2026-02-18 16:00:00,0.821,0.0,14.2,86.5,39.9,0.91
2026-02-18 17:00:00,0.82,0.0,13.9,84.9,39.9,0.92
2026-02-18 18:00:00,0.82,0.0,13.0,87.9,39.5,0.86
2026-02-18 19:00:00,0.825,0.0,13.7,87.2,40.4,0.92
2026-02-18 20:00:00,0.821,0.0,14.3,87.5,39.5,0.82
2026-02-18 21:00:00,0.818,0.0,14.2,82.9,40.3,0.87
2026-02-18 22:00:00,0.824,0.0,15.4,87.1,40.4,0.86
2026-02-18 23:00:00,0.827,0.0,16.4,83.9,40.7,0.95
2026-02-19 00:00:00,0.832,0.0,18.2,84.1,41.7,0.86
2026-02-19 01:00:00,0.833,0.0,19.8,80.9,42.6,0.88
2026-02-19 02:00:00,0.835,0.0,21.3,81.6,43.0,0.9
2026-02-19 03:00:00,0.837,0.0,21.9,79.1,43.4,0.87
2026-02-19 04:00:00,0.84,0.0,23.1,78.9,43.5,0.91
2026-02-19 05:00:00,0.833,0.0,22.7,81.1,44.4,0.99
2026-02-19 06:00:00,0.845,0.0,22.8,78.8,43.7,0.94
2026-02-19 07:00:00,0.842,0.0,23.1,79.4,44.8,0.89
2026-02-19 08:00:00,0.845,0.0,22.7,80.4,44.2,1.03
2026-02-19 09:00:00,0.839,0.0,21.8,80.7,43.0,0.97
2026-02-19 10:00:00,0.837,0.0,20.2,81.2,43.1,0.87
2026-02-19 11:00:00,0.832,0.0,19.6,82.3,42.3,0.91
2026-02-19 12:00:00,0.829,0.0,17.9,85.4,42.2,0.89
2026-02-19 13:00:00,0.827,0.0,17.2,84.0,42.0,0.88
2026-02-19 14:00:00,0.824,0.0,15.9,85.2,39.8,0.84
2026-02-19 15:00:00,0.819,0.0,14.5,86.9,40.3,0.81
2026-02-19 16:00:00,0.823,0.0,13.8,87.6,39.8,0.79
2026-02-19 17:00:00,0.822,0.0,13.2,88.1,39.9,0.93
2026-02-19 18:00:00,0.817,0.0,13.3,87.6,39.6,0.75
2026-02-19 19:00:00,0.817,0.0,13.8,85.7,39.2,0.85
2026-02-19 20:00:00,0.817,0.0,13.7,88.1,39.7,0.83
2026-02-19 21:00:00,0.826,0.0,14.9,84.7,39.8,0.91
2026-02-19 22:00:00,0.821,0.0,15.6,85.3,41.3,0.81
2026-02-19 23:00:00,0.826,0.0,16.8,83.3,41.4,0.88
2026-02-20 00:00:00,0.831,0.0,18.3,82.9,43.0,0.88
2026-02-20 01:00:00,0.835,0.0,19.3,82.3,42.6,0.99
2026-02-20 02:00:00,0.838,0.0,20.6,81.3,42.9,0.93
2026-02-20 03:00:00,0.838,0.0,21.5,80.6,43.0,0.91
2026-02-20 04:00:00,0.844,0.0,23.2,81.1,43.3,0.92
2026-02-20 05:00:00,0.842,0.0,23.1,79.6,43.6,0.94
2026-02-20 06:00:00,0.84,0.0,23.1,78.8,44.6,0.88
2026-02-20 07:00:00,0.843,0.0,23.2,80.1,44.7,0.94
2026-02-20 08:00:00,0.842,0.0,22.6,80.7,43.4,0.92
2026-02-20 09:00:00,0.842,0.0,21.8,78.9,44.2,0.91
2026-02-20 10:00:00,0.841,0.0,21.0,81.6,43.0,0.87
2026-02-20 11:00:00,0.834,0.0,19.8,82.7,42.7,0.93
2026-02-20 12:00:00,0.828,0.0,18.1,82.7,42.8,0.91
2026-02-20 13:00:00,0.831,0.0,16.8,85.4,41.8,0.81
2026-02-20 14:00:00,0.826,0.0,15.7,84.8,40.6,0.78
2026-02-20 15:00:00,0.819,0.0,14.1,86.0,39.8,0.93
2026-02-20 16:00:00,0.818,0.0,13.5,86.3,38.8,0.81
2026-02-20 17:00:00,0.818,0.0,13.9,86.9,39.2,0.94
2026-02-20 18:00:00,0.815,0.14,13.8,85.9,39.4,0.83
2026-02-20 19:00:00,0.823,0.0,13.4,85.4,39.1,0.95
2026-02-20 20:00:00,0.819,0.0,14.1,88.1,39.8,0.81
2026-02-20 21:00:00,0.828,0.0,14.9,85.0,40.3,0.96
2026-02-20 22:00:00,0.826,0.0,16.7,84.0,40.6,0.85
2026-02-20 23:00:00,0.827,0.0,17.3,81.9,41.0,0.88
2026-02-21 00:00:00,0.831,0.0,18.3,82.4,42.1,0.96
2026-02-21 01:00:00,0.836,0.0,19.3,80.6,42.9,0.88
2026-02-21 02:00:00,0.84,0.0,20.3,82.6,42.7,0.95
2026-02-21 03:00:00,0.841,0.0,21.9,81.2,44.5,1.0
2026-02-21 04:00:00,0.837,0.0,22.4,78.8,44.1,0.92
2026-02-21 05:00:00,0.84,0.0,22.7,81.4,44.4,0.87
2026-02-21 06:00:00,0.843,0.0,23.1,80.0,44.9,1.05
2026-02-21 07:00:00,0.836,0.0,22.8,78.8,44.5,0.92
2026-02-21 08:00:00,0.842,0.0,23.1,77.0,44.6,0.95
2026-02-21 09:00:00,0.838,0.0,22.1,82.5,43.9,0.88
2026-02-21 10:00:00,0.837,0.0,20.8,79.6,42.9,0.89
2026-02-21 11:00:00,0.827,0.0,20.0,80.3,42.8,0.94
2026-02-21 12:00:00,0.833,0.0,18.3,84.0,41.4,0.91
2026-02-21 13:00:00,0.828,0.0,16.7,86.5,41.4,0.93
2026-02-21 14:00:00,0.826,0.09,16.3,86.4,40.7,0.94
2026-02-21 15:00:00,0.821,0.0,14.9,86.4,40.1,0.92
2026-02-21 16:00:00,0.821,0.0,13.7,87.1,39.8,0.87
2026-02-21 17:00:00,0.815,0.0,13.4,87.7,38.6,0.86
2026-02-21 18:00:00,0.816,0.0,13.0,87.8,39.2,0.82
2026-02-21 19:00:00,0.816,0.0,13.1,87.1,39.6,0.81
2026-02-21 20:00:00,0.826,0.0,14.2,86.6,39.9,0.94
2026-02-21 21:00:00,0.827,0.0,15.3,85.8,39.7,0.84
2026-02-21 22:00:00,0.824,0.0,15.4,84.2,41.4,0.83
2026-02-21 23:00:00,0.825,0.0,17.2,83.8,40.9,0.85
2026-02-22 00:00:00,0.835,0.07,18.1,81.3,42.5,0.91
2026-02-22 01:00:00,0.836,0.0,19.4,81.9,42.9,0.95
2026-02-22 02:00:00,0.843,0.0,20.6,80.0,42.9,0.89
2026-02-22 03:00:00,0.842,0.0,21.6,79.1,44.7,0.99
2026-02-22 04:00:00,0.837,0.0,22.6,79.7,43.6,0.97
2026-02-22 05:00:00,0.843,0.0,22.9,80.5,44.9,0.93
2026-02-22 06:00:00,0.84,0.0,23.4,79.9,45.0,0.9
2026-02-22 07:00:00,0.848,0.0,23.1,77.6,44.1,0.96
2026-02-22 08:00:00,0.845,0.09,22.6,78.5,44.9,0.93
2026-02-22 09:00:00,0.836,0.0,21.6,81.1,43.6,0.96
2026-02-22 10:00:00,0.832,0.0,20.6,80.0,43.4,0.89
2026-02-22 11:00:00,0.833,0.0,19.8,81.7,42.8,0.92
2026-02-22 12:00:00,0.829,0.0,18.5,83.6,41.9,0.91
2026-02-22 13:00:00,0.829,0.0,16.7,83.1,41.8,0.93
2026-02-22 14:00:00,0.821,0.0,15.8,85.1,41.1,0.86
2026-02-22 15:00:00,0.825,0.0,15.0,84.5,39.4,0.92
2026-02-22 16:00:00,0.815,0.0,13.5,85.9,40.5,0.86
2026-02-22 17:00:00,0.813,0.04,13.6,87.2,38.8,0.85
2026-02-22 18:00:00,0.824,0.0,13.1,85.4,40.0,0.84
2026-02-22 19:00:00,0.816,0.0,13.6,87.3,40.1,0.88
2026-02-22 20:00:00,0.815,0.0,13.7,86.4,39.3,0.82
2026-02-22 21:00:00,0.823,0.0,14.2,86.4,40.0,0.85
2026-02-22 22:00:00,0.823,0.0,15.3,85.2,40.2,0.91
2026-02-22 23:00:00,0.828,0.0,17.0,85.4,41.2,0.9
2026-02-23 00:00:00,0.829,0.0,18.4,83.1,41.8,0.91
2026-02-23 01:00:00,0.833,0.0,19.3,81.5,43.0,0.93
2026-02-23 02:00:00,0.835,0.0,21.0,81.1,43.9,0.91
2026-02-23 03:00:00,0.836,0.0,21.3,80.7,44.5,0.92
2026-02-23 04:00:00,0.838,0.0,22.6,79.6,43.9,0.88
2026-02-23 05:00:00,0.842,0.0,22.8,79.2,44.3,0.95
2026-02-23 06:00:00,0.844,0.0,23.1,78.3,43.7,0.93
2026-02-23 07:00:00,0.843,0.0,23.1,78.5,44.0,0.97
2026-02-23 08:00:00,0.842,0.0,22.4,78.1,44.6,0.91
2026-02-23 09:00:00,0.839,0.0,21.7,81.9,44.6,0.95
2026-02-23 10:00:00,0.836,0.0,21.1,79.8,42.6,0.84
2026-02-23 11:00:00,0.834,0.0,19.4,81.3,42.4,1.0
2026-02-23 12:00:00,0.829,0.0,18.6,82.3,42.0,0.87
2026-02-23 13:00:00,0.828,0.0,16.7,84.9,41.5,0.91
2026-02-23 14:00:00,0.828,0.0,16.0,84.7,40.3,0.84
2026-02-23 15:00:00,0.824,0.0,15.2,87.1,40.4,0.9
2026-02-23 16:00:00,0.819,0.0,13.2,85.8,39.6,0.88
2026-02-23 17:00:00,0.821,0.0,13.2,87.1,39.6,0.91
2026-02-23 18:00:00,0.815,0.0,13.5,86.2,39.8,0.88
2026-02-23 19:00:00,0.818,0.0,13.4,89.0,39.6,0.86
2026-02-23 20:00:00,0.82,0.0,14.1,85.3,39.6,0.86
2026-02-23 21:00:00,0.825,0.0,14.6,86.1,40.2,0.88
2026-02-23 22:00:00,0.821,0.0,15.8,85.6,40.7,0.85
2026-02-23 23:00:00,0.827,0.0,17.0,84.4,41.2,0.94
2026-02-24 00:00:00,0.832,0.0,18.7,82.8,41.9,0.87
2026-02-24 01:00:00,0.841,0.0,19.7,81.8,43.4,0.95
2026-02-24 02:00:00,0.84,0.0,20.9,81.0,43.5,0.93
2026-02-24 03:00:00,0.84,0.0,21.7,80.0,43.6,0.97
2026-02-24 04:00:00,0.844,0.0,22.5,80.5,44.5,0.99
2026-02-24 05:00:00,0.844,0.0,23.0,81.3,44.2,0.94
2026-02-24 06:00:00,0.84,0.0,23.4,78.4,45.1,0.95
2026-02-24 07:00:00,0.844,0.0,23.0,77.8,44.6,0.94
2026-02-24 08:00:00,0.844,0.0,22.7,79.4,44.1,1.01
2026-02-24 09:00:00,0.836,0.0,22.5,82.8,44.0,0.89
2026-02-24 10:00:00,0.836,0.0,21.1,80.2,42.5,0.93
2026-02-24 11:00:00,0.832,0.0,19.5,83.6,42.1,0.96
2026-02-24 12:00:00,0.832,0.05,18.7,84.7,41.4,0.92
2026-02-24 13:00:00,0.823,0.0,16.9,83.5,41.4,0.82
2026-02-24 14:00:00,0.825,0.0,15.2,85.6,41.6,0.8
2026-02-24 15:00:00,0.825,0.0,14.5,87.5,41.3,0.87
2026-02-24 16:00:00,0.829,0.0,13.4,86.1,40.2,0.99
2026-02-24 17:00:00,0.818,0.0,13.4,86.7,39.8,0.85
2026-02-24 18:00:00,0.821,0.0,13.3,86.4,38.6,0.94
2026-02-24 19:00:00,0.813,0.0,14.0,85.8,39.3,0.77
2026-02-24 20:00:00,0.818,0.0,14.1,85.8,39.4,0.88
2026-02-24 21:00:00,0.823,0.0,14.7,84.6,39.9,0.92
2026-02-24 22:00:00,0.82,0.0,16.0,85.0,40.7,0.77
2026-02-24 23:00:00,0.829,0.0,16.3,83.3,41.1,0.87
2026-02-25 00:00:00,0.824,0.0,18.4,83.2,41.0,0.88
2026-02-25 01:00:00,0.835,0.0,19.8,80.4,43.0,0.91
2026-02-25 02:00:00,0.835,0.0,20.4,81.3,42.7,0.91
2026-02-25 03:00:00,0.837,0.0,22.2,81.0,43.9,0.87
2026-02-25 04:00:00,0.838,0.0,22.7,77.5,45.2,0.95
2026-02-25 05:00:00,0.843,0.0,23.0,79.5,44.0,0.95
2026-02-25 06:00:00,0.839,0.0,23.5,80.2,43.2,0.92
2026-02-25 07:00:00,0.835,0.0,23.8,77.9,44.3,0.92
2026-02-25 08:00:00,0.845,0.0,22.7,81.2,44.7,0.89
2026-02-25 09:00:00,0.837,0.0,21.9,80.6,44.7,0.94
2026-02-25 10:00:00,0.84,0.0,20.7,80.3,42.6,0.92
2026-02-25 11:00:00,0.831,0.0,19.3,81.9,42.9,0.82
2026-02-25 12:00:00,0.83,0.0,18.5,83.6,41.8,0.98
2026-02-25 13:00:00,0.828,0.0,16.7,84.1,41.3,0.89
2026-02-25 14:00:00,0.825,0.0,15.8,85.5,42.1,0.88
2026-02-25 15:00:00,0.819,0.0,14.6,84.9,39.5,0.89
2026-02-25 16:00:00,0.82,0.0,14.1,86.6,40.0,0.87
2026-02-25 17:00:00,0.815,0.0,13.6,85.4,39.8,0.9
2026-02-25 18:00:00,0.82,0.0,13.6,86.9,40.0,0.84
2026-02-25 19:00:00,0.821,0.0,13.3,86.0,39.6,0.85
2026-02-25 20:00:00,0.817,0.0,13.9,85.7,40.0,0.83
2026-02-25 21:00:00,0.816,0.0,14.5,87.1,40.0,0.87
2026-02-25 22:00:00,0.819,0.0,15.7,86.1,40.9,0.81
2026-02-25 23:00:00,0.821,0.0,17.1,84.6,41.2,0.86
2026-02-26 00:00:00,0.83,0.0,18.5,81.9,42.3,0.89
2026-02-26 01:00:00,0.83,0.0,19.3,81.6,42.5,0.85
2026-02-26 02:00:00,0.837,0.0,21.1,82.2,43.4,0.9
2026-02-26 03:00:00,0.839,0.0,22.2,80.3,43.8,0.9
2026-02-26 04:00:00,0.841,0.0,22.8,81.9,44.7,0.99
2026-02-26 05:00:00,0.843,0.0,23.7,79.5,44.4,0.93
2026-02-26 06:00:00,0.843,0.0,23.1,79.2,43.6,0.94
2026-02-26 07:00:00,0.842,0.0,22.8,78.8,45.0,0.93
2026-02-26 08:00:00,0.84,0.0,22.1,79.7,43.7,0.94
2026-02-26 09:00:00,0.836,0.0,22.3,80.0,43.4,0.88
2026-02-26 10:00:00,0.832,0.0,21.0,81.7,43.0,0.84
2026-02-26 11:00:00,0.829,0.0,19.6,82.9,43.3,0.9
2026-02-26 12:00:00,0.827,0.0,18.4,82.2,40.9,0.91
2026-02-26 13:00:00,0.827,0.0,16.7,82.7,42.9,0.81
2026-02-26 14:00:00,0.826,0.0,16.5,83.2,41.3,0.92
2026-02-26 15:00:00,0.819,0.0,14.8,86.3,40.3,0.88
2026-02-26 16:00:00,0.817,0.0,14.0,85.4,39.8,0.86
2026-02-26 17:00:00,0.815,0.0,13.7,84.7,39.7,0.77
2026-02-26 18:00:00,0.817,0.0,13.4,87.4,39.8,0.85
2026-02-26 19:00:00,0.819,0.11,13.5,89.4,39.9,0.83
2026-02-26 20:00:00,0.818,0.0,13.7,86.5,40.1,0.87
2026-02-26 21:00:00,0.821,0.0,14.9,86.7,40.3,0.88
2026-02-26 22:00:00,0.822,0.0,16.4,85.1,40.7,0.92
2026-02-26 23:00:00,0.823,0.0,17.4,83.9,41.3,0.9
2026-02-27 00:00:00,0.834,0.02,18.8,83.9,41.9,0.94
2026-02-27 01:00:00,0.832,0.0,19.4,81.7,43.2,0.89
2026-02-27 02:00:00,0.839,0.0,20.5,81.3,43.5,0.87
2026-02-27 03:00:00,0.836,0.0,21.8,80.5,42.3,0.9
2026-02-27 04:00:00,0.844,0.0,22.6,78.9,44.5,0.96
2026-02-27 05:00:00,0.839,0.0,23.5,80.1,44.5,0.92
2026-02-27 06:00:00,0.84,0.0,22.8,78.8,44.5,0.91
2026-02-27 07:00:00,0.845,0.0,23.6,78.4,44.2,0.9
2026-02-27 08:00:00,0.845,0.0,22.6,80.1,44.7,0.99
2026-02-27 09:00:00,0.842,0.0,21.7,79.3,44.2,0.92
2026-02-27 10:00:00,0.836,0.0,20.5,81.0,42.9,0.86
2026-02-27 11:00:00,0.832,0.0,19.1,82.0,42.9,0.93
2026-02-27 12:00:00,0.834,0.0,18.5,84.1,41.5,0.87
2026-02-27 13:00:00,0.826,0.0,17.0,84.5,40.7,0.88
2026-02-27 14:00:00,0.82,0.0,15.4,85.0,40.4,0.89
2026-02-27 15:00:00,0.819,0.0,14.4,86.6,40.7,0.85
2026-02-27 16:00:00,0.818,0.0,13.9,87.9,40.3,0.83
2026-02-27 17:00:00,0.818,0.0,14.0,87.4,39.8,0.85
2026-02-27 18:00:00,0.817,0.0,13.2,87.0,39.9,0.82
2026-02-27 19:00:00,0.819,0.0,13.0,85.6,39.8,0.93
2026-02-27 20:00:00,0.82,0.0,13.9,85.4,39.5,0.9
2026-02-27 21:00:00,0.817,0.0,14.7,85.5,40.4,0.86
2026-02-27 22:00:00,0.821,0.0,15.0,84.4,41.2,0.81
2026-02-27 23:00:00,0.825,0.0,17.0,83.8,41.7,0.93
2026-02-28 00:00:00,0.833,0.0,18.2,83.1,42.6,0.92
2026-02-28 01:00:00,0.829,0.0,19.8,82.5,43.0,0.89
2026-02-28 02:00:00,0.837,0.0,21.4,80.9,43.4,0.93
2026-02-28 03:00:00,0.833,0.0,22.2,80.7,44.3,0.87
2026-02-28 04:00:00,0.84,0.0,22.5,79.6,44.2,0.96
2026-02-28 05:00:00,0.835,0.0,22.8,77.2,44.0,0.91
2026-02-28 06:00:00,0.842,0.0,24.1,78.1,44.4,0.98
2026-02-28 07:00:00,0.844,0.0,23.1,79.0,44.0,0.97
2026-02-28 08:00:00,0.838,0.0,22.6,78.3,43.8,0.85
2026-02-28 09:00:00,0.837,0.0,21.8,80.8,43.7,0.97
2026-02-28 10:00:00,0.84,0.0,20.9,82.5,42.9,0.96
2026-02-28 11:00:00,0.834,0.0,19.6,83.2,42.5,0.93
2026-02-28 12:00:00,0.828,0.0,18.1,82.8,41.1,0.89
2026-02-28 13:00:00,0.832,0.0,16.8,85.5,41.5,0.87
2026-02-28 14:00:00,0.829,0.0,15.8,85.1,40.8,0.88
2026-02-28 15:00:00,0.828,0.12,14.6,85.5,39.8,0.85
2026-02-28 16:00:00,0.821,0.0,13.8,85.9,40.2,0.84
2026-02-28 17:00:00,0.814,0.0,13.5,86.6,40.1,0.85
2026-02-28 18:00:00,0.821,0.0,13.2,86.6,38.7,0.83
2026-02-28 19:00:00,0.814,0.0,13.9,87.0,39.2,0.84
2026-02-28 20:00:00,0.819,0.0,13.2,86.6,39.5,0.88
2026-02-28 21:00:00,0.824,0.0,15.1,85.8,39.8,0.88
2026-02-28 22:00:00,0.832,0.11,16.2,85.4,41.2,0.93
2026-02-28 23:00:00,0.826,0.0,16.4,85.2,41.3,0.82
2026-03-01 00:00:00,0.823,0.0,18.6,77.5,39.4,1.05
2026-03-01 01:00:00,0.82,0.0,19.8,74.7,41.0,1.02
2026-03-01 02:00:00,0.825,0.0,21.2,74.2,40.8,1.07
2026-03-01 03:00:00,0.825,0.0,22.5,72.0,42.4,0.94
2026-03-01 04:00:00,0.831,0.0,22.8,71.2,41.5,0.92
2026-03-01 05:00:00,0.827,0.0,23.3,69.8,42.0,0.98
2026-03-01 06:00:00,0.827,0.0,24.0,70.1,42.6,0.99
2026-03-01 07:00:00,0.833,0.0,23.6,69.9,42.7,1.09
2026-03-01 08:00:00,0.828,0.0,22.7,70.8,42.6,1.09
2026-03-01 09:00:00,0.824,0.0,22.2,73.8,41.9,0.96
2026-03-01 10:00:00,0.828,0.0,20.9,73.1,41.4,1.06
2026-03-01 11:00:00,0.821,0.0,19.7,78.1,40.8,0.95
2026-03-01 12:00:00,0.824,0.0,18.6,77.5,40.3,0.93
2026-03-01 13:00:00,0.816,0.0,16.6,78.7,39.3,0.99
2026-03-01 14:00:00,0.82,0.0,15.5,79.1,38.7,1.02
2026-03-01 15:00:00,0.814,0.0,14.8,81.9,38.6,0.95
2026-03-01 16:00:00,0.813,0.0,13.9,81.6,38.2,0.98
2026-03-01 17:00:00,0.806,0.0,13.8,82.9,37.9,0.98
2026-03-01 18:00:00,0.813,0.0,13.2,85.6,38.3,1.01
2026-03-01 19:00:00,0.81,0.0,13.2,82.7,38.5,0.91
2026-03-01 20:00:00,0.804,0.0,14.6,83.3,38.3,0.95
2026-03-01 21:00:00,0.816,0.0,14.9,80.5,39.2,1.03
2026-03-01 22:00:00,0.817,0.0,16.0,80.0,38.5,0.99
2026-03-01 23:00:00,0.821,0.0,16.8,80.3,39.4,1.05
2026-03-02 00:00:00,0.819,0.0,18.3,76.4,39.7,1.03
2026-03-02 01:00:00,0.821,0.0,19.8,77.3,39.8,1.03
2026-03-02 02:00:00,0.821,0.0,20.7,74.7,41.0,0.94
2026-03-02 03:00:00,0.83,0.0,22.1,72.2,41.4,1.09
2026-03-02 04:00:00,0.831,0.0,22.6,72.4,42.3,1.05
2026-03-02 05:00:00,0.822,0.0,23.2,72.2,42.2,1.01
2026-03-02 06:00:00,0.831,0.0,23.3,71.6,41.6,1.02
2026-03-02 07:00:00,0.828,0.0,23.9,69.6,42.7,1.1
2026-03-02 08:00:00,0.828,0.0,22.8,71.1,42.2,1.06
2026-03-02 09:00:00,0.829,0.0,21.7,72.5,41.6,0.99
2026-03-02 10:00:00,0.826,0.0,21.2,73.9,40.9,1.09
2026-03-02 11:00:00,0.828,0.0,19.4,76.1,40.1,1.03
2026-03-02 12:00:00,0.819,0.0,18.6,77.2,39.9,1.01
2026-03-02 13:00:00,0.818,0.0,16.6,77.2,39.9,1.06
2026-03-02 14:00:00,0.812,0.0,15.6,80.4,39.8,0.95
2026-03-02 15:00:00,0.81,0.0,15.0,81.9,39.2,0.91
2026-03-02 16:00:00,0.812,0.0,14.4,82.8,38.1,1.01
2026-03-02 17:00:00,0.808,0.0,13.7,83.9,37.6,0.99
2026-03-02 18:00:00,0.813,0.0,13.5,83.8,38.1,1.07
2026-03-02 19:00:00,0.811,0.0,13.6,83.3,37.4,0.93
2026-03-02 20:00:00,0.808,0.0,13.7,82.1,38.4,0.9
2026-03-02 21:00:00,0.817,0.0,14.7,79.6,38.5,0.91
2026-03-02 22:00:00,0.819,0.0,15.9,80.4,38.8,0.95
2026-03-02 23:00:00,0.815,0.0,17.5,78.8,38.8,0.97
2026-03-03 00:00:00,0.818,0.0,18.6,77.3,40.2,1.04
2026-03-03 01:00:00,0.828,0.0,19.3,74.2,40.3,1.0
2026-03-03 02:00:00,0.824,0.0,21.1,72.9,40.5,1.01
2026-03-03 03:00:00,0.829,0.0,21.9,73.8,40.3,1.03
2026-03-03 04:00:00,0.833,0.0,22.6,71.8,41.7,1.11
2026-03-03 05:00:00,0.826,0.0,23.5,71.9,42.6,1.05
2026-03-03 06:00:00,0.835,0.0,23.8,71.0,42.7,1.03
2026-03-03 07:00:00,0.829,0.0,23.6,71.2,41.7,1.01
2026-03-03 08:00:00,0.827,0.0,22.6,72.7,41.5,0.95
2026-03-03 09:00:00,0.823,0.0,21.9,72.2,41.6,1.02
2026-03-03 10:00:00,0.83,0.0,21.1,74.1,40.6,1.01
2026-03-03 11:00:00,0.821,0.0,20.1,75.0,40.6,1.09
2026-03-03 12:00:00,0.817,0.0,18.4,76.6,40.3,0.9
2026-03-03 13:00:00,0.815,0.0,17.2,78.2,40.0,0.95
2026-03-03 14:00:00,0.81,0.0,15.7,80.2,39.0,0.95
2026-03-03 15:00:00,0.816,0.0,14.6,80.8,38.5,0.92
2026-03-03 16:00:00,0.812,0.0,14.4,83.5,37.9,0.99
2026-03-03 17:00:00,0.81,0.0,14.1,81.9,37.7,0.97
2026-03-03 18:00:00,0.811,0.0,13.5,82.8,37.9,0.92
2026-03-03 19:00:00,0.815,0.0,14.0,82.4,38.2,1.04
2026-03-03 20:00:00,0.815,0.0,14.3,83.6,38.6,1.03
2026-03-03 21:00:00,0.808,0.0,14.8,81.4,38.3,1.0
2026-03-03 22:00:00,0.817,0.0,16.1,81.0,39.6,0.91
2026-03-03 23:00:00,0.817,0.0,17.7,77.1,39.4,1.0
2026-03-04 00:00:00,0.825,0.0,18.5,77.3,40.0,1.06
2026-03-04 01:00:00,0.82,0.0,20.3,76.3,40.2,1.08
2026-03-04 02:00:00,0.825,0.0,20.2,74.1,40.0,1.01
2026-03-04 03:00:00,0.826,0.0,22.3,73.8,41.8,0.94
2026-03-04 04:00:00,0.828,0.0,22.9,71.3,42.0,1.06
2026-03-04 05:00:00,0.829,0.0,23.2,72.6,41.8,1.06
2026-03-04 06:00:00,0.827,0.0,23.5,73.3,42.0,1.02
2026-03-04 07:00:00,0.831,0.0,22.7,70.8,42.1,1.05
2026-03-04 08:00:00,0.824,0.0,22.8,71.4,41.1,0.99
2026-03-04 09:00:00,0.832,0.0,22.1,74.2,41.2,1.02
2026-03-04 10:00:00,0.825,0.0,21.4,75.6,41.3,1.02
2026-03-04 11:00:00,0.827,0.0,19.6,74.9,40.0,1.09
2026-03-04 12:00:00,0.822,0.0,18.3,76.6,40.1,0.96
2026-03-04 13:00:00,0.818,0.0,17.1,78.3,38.9,1.02
2026-03-04 14:00:00,0.813,0.0,16.3,78.7,39.2,0.93
2026-03-04 15:00:00,0.818,0.0,15.1,80.3,38.6,0.98
2026-03-04 16:00:00,0.816,0.0,14.0,81.2,37.6,1.03
2026-03-04 17:00:00,0.812,0.0,13.8,82.0,38.5,0.99
2026-03-04 18:00:00,0.806,0.0,13.5,83.0,37.7,0.95
2026-03-04 19:00:00,0.815,0.0,14.0,83.0,37.7,1.01
2026-03-04 20:00:00,0.812,0.0,14.0,83.7,38.3,1.05
2026-03-04 21:00:00,0.812,0.0,14.9,80.2,39.0,0.94
2026-03-04 22:00:00,0.815,0.0,15.9,81.0,38.6,1.02
2026-03-04 23:00:00,0.812,0.0,16.8,78.3,39.5,0.98
2026-03-05 00:00:00,0.822,0.0,18.6,77.0,40.2,1.0
2026-03-05 01:00:00,0.826,0.0,19.9,76.1,40.8,1.06
2026-03-05 02:00:00,0.831,0.0,21.0,72.9,41.1,1.01
2026-03-05 03:00:00,0.83,0.0,22.0,73.1,41.3,0.99
2026-03-05 04:00:00,0.824,0.0,22.4,72.0,41.4,0.91
2026-03-05 05:00:00,0.831,0.0,23.2,71.7,42.0,1.05
2026-03-05 06:00:00,0.829,0.0,23.4,71.3,41.6,0.95
2026-03-05 07:00:00,0.828,0.0,23.1,73.7,40.8,1.03
2026-03-05 08:00:00,0.831,0.0,22.8,71.2,41.9,1.04
2026-03-05 09:00:00,0.828,0.0,22.2,72.2,41.8,1.01
2026-03-05 10:00:00,0.83,0.0,21.6,73.4,40.1,0.99
2026-03-05 11:00:00,0.82,0.0,19.8,74.9,40.1,0.98
2026-03-05 12:00:00,0.822,0.0,18.6,76.4,40.2,0.95
2026-03-05 13:00:00,0.818,0.0,17.2,79.7,40.3,1.0
2026-03-05 14:00:00,0.813,0.0,15.4,81.4,39.0,0.99
2026-03-05 15:00:00,0.832,0.74,15.0,80.7,38.3,1.22
2026-03-05 16:00:00,0.817,0.17,14.2,81.4,38.2,0.96
2026-03-05 17:00:00,0.818,0.45,14.4,83.3,38.6,1.15
2026-03-05 18:00:00,0.813,0.0,13.4,82.4,37.7,0.95
2026-03-05 19:00:00,0.808,0.0,13.8,83.4,37.7,1.0
2026-03-05 20:00:00,0.808,0.0,14.2,82.4,38.1,0.88
2026-03-05 21:00:00,0.815,0.0,14.6,79.7,38.2,0.98
2026-03-05 22:00:00,0.818,0.0,16.3,81.5,39.0,0.89
2026-03-05 23:00:00,0.813,0.0,17.4,80.3,40.1,0.97
2026-03-06 00:00:00,0.821,0.0,18.7,76.4,40.1,1.05
2026-03-06 01:00:00,0.823,0.0,19.5,75.1,40.4,1.02
2026-03-06 02:00:00,0.824,0.0,21.4,74.3,40.9,1.09
2026-03-06 03:00:00,0.824,0.0,21.6,73.1,40.8,1.03
2026-03-06 04:00:00,0.826,0.0,23.0,72.5,42.1,1.05
2026-03-06 05:00:00,0.827,0.0,24.0,73.2,41.9,1.06
2026-03-06 06:00:00,0.83,0.0,23.2,70.8,41.9,1.13
2026-03-06 07:00:00,0.829,0.0,23.2,70.4,43.2,1.06
2026-03-06 08:00:00,0.826,0.0,22.9,70.4,41.9,1.01
2026-03-06 09:00:00,0.827,0.0,21.9,72.0,41.1,0.95
2026-03-06 10:00:00,0.821,0.0,20.5,74.0,40.8,1.03
2026-03-06 11:00:00,0.822,0.0,19.8,77.2,41.0,0.98
2026-03-06 12:00:00,0.818,0.0,18.2,76.5,40.0,0.96
2026-03-06 13:00:00,0.818,0.0,17.3,78.8,38.9,1.01
2026-03-06 14:00:00,0.809,0.0,15.7,80.0,39.4,1.03
2026-03-06 15:00:00,0.817,0.0,15.4,82.4,38.3,0.87
2026-03-06 16:00:00,0.815,0.0,13.9,84.7,39.0,1.03
2026-03-06 17:00:00,0.81,0.0,13.6,82.3,38.5,0.9
2026-03-06 18:00:00,0.813,0.0,13.7,82.5,37.8,0.96
2026-03-06 19:00:00,0.812,0.0,13.3,83.8,38.6,1.08
2026-03-06 20:00:00,0.812,0.0,14.2,82.9,38.3,0.92
2026-03-06 21:00:00,0.812,0.0,15.4,83.1,38.9,0.93
2026-03-06 22:00:00,0.816,0.0,15.5,80.6,39.2,0.94
2026-03-06 23:00:00,0.816,0.0,17.3,78.2,39.1,0.92
2026-03-07 00:00:00,0.82,0.0,18.6,77.6,39.7,1.01
2026-03-07 01:00:00,0.815,0.0,20.0,76.6,40.9,0.99
2026-03-07 02:00:00,0.825,0.0,20.6,74.8,40.9,0.98
2026-03-07 03:00:00,0.833,0.0,21.6,73.3,41.3,1.1
2026-03-07 04:00:00,0.825,0.0,23.0,72.9,41.4,1.06
2026-03-07 05:00:00,0.833,0.0,23.4,72.4,42.1,1.06
2026-03-07 06:00:00,0.831,0.0,23.6,72.4,42.8,1.06
2026-03-07 07:00:00,0.823,0.0,23.4,71.9,41.5,1.0
2026-03-07 08:00:00,0.828,0.0,22.6,71.6,41.7,1.1
2026-03-07 09:00:00,0.828,0.0,22.1,72.9,42.0,1.02
2026-03-07 10:00:00,0.825,0.0,21.1,75.2,41.0,1.07
2026-03-07 11:00:00,0.822,0.0,19.6,74.6,40.7,0.97
2026-03-07 12:00:00,0.819,0.0,19.1,77.4,39.6,1.04
2026-03-07 13:00:00,0.819,0.0,17.3,78.2,39.7,1.0
2026-03-07 14:00:00,0.816,0.0,15.6,80.0,38.9,0.95
2026-03-07 15:00:00,0.816,0.13,15.2,82.5,39.0,0.99
2026-03-07 16:00:00,0.817,0.22,13.9,82.4,38.7,1.12
2026-03-07 17:00:00,0.828,0.71,13.9,82.8,39.1,1.21
2026-03-07 18:00:00,0.806,0.0,13.8,81.6,38.2,0.87
2026-03-07 19:00:00,0.81,0.0,13.4,83.5,38.2,0.93
2026-03-07 20:00:00,0.817,0.0,14.5,82.8,38.3,0.97
2026-03-07 21:00:00,0.817,0.0,15.1,83.4,38.4,1.04
2026-03-07 22:00:00,0.814,0.0,16.2,79.7,39.1,1.08
2026-03-07 23:00:00,0.818,0.0,17.8,78.8,39.4,1.07
2026-03-08 00:00:00,0.824,0.0,18.4,77.2,40.1,1.04
2026-03-08 01:00:00,0.825,0.0,19.6,77.0,41.0,1.05
2026-03-08 02:00:00,0.822,0.0,20.7,73.9,40.6,1.01
2026-03-08 03:00:00,0.83,0.0,21.8,73.0,41.9,1.12
2026-03-08 04:00:00,0.826,0.0,22.8,72.4,42.3,1.05
2026-03-08 05:00:00,0.83,0.0,23.4,71.4,41.9,1.03
2026-03-08 06:00:00,0.831,0.0,23.6,70.6,41.2,1.06
2026-03-08 07:00:00,0.831,0.0,23.6,71.4,41.7,1.12
2026-03-08 08:00:00,0.831,0.0,22.8,72.9,42.3,1.06
2026-03-08 09:00:00,0.833,0.0,22.5,71.7,41.4,1.11
2026-03-08 10:00:00,0.825,0.0,20.9,74.1,40.6,0.96
2026-03-08 11:00:00,0.82,0.0,20.6,74.7,40.3,1.05
2026-03-08 12:00:00,0.818,0.0,18.7,78.2,40.3,0.94
2026-03-08 13:00:00,0.815,0.0,16.9,77.0,39.7,0.95
2026-03-08 14:00:00,0.818,0.0,15.7,79.4,38.9,0.98
2026-03-08 15:00:00,0.809,0.0,15.1,81.6,38.4,0.96
2026-03-08 16:00:00,0.812,0.0,14.1,83.8,38.1,0.94
2026-03-08 17:00:00,0.814,0.0,13.9,82.7,37.7,0.95
2026-03-08 18:00:00,0.813,0.0,13.6,82.4,38.6,1.0
2026-03-08 19:00:00,0.813,0.0,13.6,84.7,37.9,0.92
2026-03-08 20:00:00,0.812,0.0,13.9,80.7,38.8,0.96
2026-03-08 21:00:00,0.809,0.0,14.5,79.0,39.2,1.01
2026-03-08 22:00:00,0.813,0.0,15.9,80.4,39.4,0.94
2026-03-08 23:00:00,0.814,0.0,17.5,78.1,39.3,1.01
2026-03-09 00:00:00,0.815,0.0,18.6,76.0,40.2,1.01
2026-03-09 01:00:00,0.826,0.0,19.4,76.2,40.5,1.05
2026-03-09 02:00:00,0.827,0.0,21.1,74.2,40.6,1.07
2026-03-09 03:00:00,0.824,0.0,22.2,72.2,41.5,1.09
2026-03-09 04:00:00,0.827,0.0,22.6,70.5,41.3,1.03
2026-03-09 05:00:00,0.829,0.0,23.4,72.1,42.4,1.06
2026-03-09 06:00:00,0.828,0.0,23.5,71.7,41.8,1.04
2026-03-09 07:00:00,0.826,0.0,23.0,71.1,42.0,1.08
2026-03-09 08:00:00,0.831,0.0,22.9,73.7,41.8,1.03
2026-03-09 09:00:00,0.826,0.0,22.2,71.7,41.3,1.05
2026-03-09 10:00:00,0.823,0.0,21.3,72.5,41.2,1.02
2026-03-09 11:00:00,0.826,0.0,20.1,74.8,40.3,0.98
2026-03-09 12:00:00,0.821,0.0,18.1,77.0,40.3,1.02
2026-03-09 13:00:00,0.817,0.0,16.9,78.8,38.9,0.96
2026-03-09 14:00:00,0.819,0.0,16.2,79.8,39.1,0.96
2026-03-09 15:00:00,0.807,0.0,15.1,81.6,39.4,0.98
2026-03-09 16:00:00,0.808,0.0,14.3,80.9,37.9,0.99
2026-03-09 17:00:00,0.814,0.0,14.8,84.2,37.8,1.01
2026-03-09 18:00:00,0.813,0.0,13.7,82.9,38.2,1.07
2026-03-09 19:00:00,0.813,0.0,14.0,83.9,38.1,0.99
2026-03-09 20:00:00,0.816,0.0,14.5,82.5,38.4,1.07
2026-03-09 21:00:00,0.818,0.0,15.2,81.7,38.8,0.97
2026-03-09 22:00:00,0.811,0.0,15.9,80.6,39.3,0.94
2026-03-09 23:00:00,0.82,0.0,17.4,79.0,39.9,1.01
2026-03-10 00:00:00,0.819,0.0,18.3,77.6,40.2,1.03
2026-03-10 01:00:00,0.818,0.0,19.7,76.8,40.4,1.0
2026-03-10 02:00:00,0.828,0.0,20.9,74.2,41.3,1.06
2026-03-10 03:00:00,0.829,0.0,22.1,73.5,42.2,1.12
2026-03-10 04:00:00,0.828,0.0,23.5,71.7,41.7,1.0
2026-03-10 05:00:00,0.833,0.0,22.8,72.6,41.5,1.11
2026-03-10 06:00:00,0.832,0.0,23.7,70.3,42.4,1.04
2026-03-10 07:00:00,0.83,0.0,22.8,73.0,41.9,0.97
2026-03-10 08:00:00,0.832,0.0,22.7,71.8,40.9,1.1
2026-03-10 09:00:00,0.823,0.0,22.4,71.3,41.8,1.06
2026-03-10 10:00:00,0.826,0.0,21.0,74.1,40.8,0.97
2026-03-10 11:00:00,0.819,0.0,19.5,74.8,40.5,1.01
2026-03-10 12:00:00,0.819,0.0,18.3,77.8,40.1,1.09
2026-03-10 13:00:00,0.82,0.0,17.4,77.9,39.6,1.02
2026-03-10 14:00:00,0.817,0.0,15.8,79.6,39.3,1.05
2026-03-10 15:00:00,0.815,0.0,15.0,79.4,38.4,1.01
2026-03-10 16:00:00,0.808,0.0,14.2,81.7,38.5,1.11
2026-03-10 17:00:00,0.807,0.0,13.5,80.4,38.0,0.93
2026-03-10 18:00:00,0.805,0.0,14.1,81.4,38.3,0.97
2026-03-10 19:00:00,0.811,0.0,13.9,83.6,38.3,1.0
2026-03-10 20:00:00,0.806,0.0,13.6,83.0,37.9,1.0
2026-03-10 21:00:00,0.811,0.0,15.0,81.7,39.0,0.95
2026-03-10 22:00:00,0.818,0.0,15.8,79.0,38.8,1.0
2026-03-10 23:00:00,0.818,0.0,17.5,78.5,39.8,1.03
2026-03-11 00:00:00,0.821,0.0,18.3,77.0,40.1,0.99
2026-03-11 01:00:00,0.822,0.0,19.8,74.3,41.3,1.02
2026-03-11 02:00:00,0.822,0.0,21.2,75.5,40.9,1.06
2026-03-11 03:00:00,0.828,0.0,22.3,73.6,41.3,1.04
2026-03-11 04:00:00,0.832,0.0,22.5,71.6,41.7,1.04
2026-03-11 05:00:00,0.829,0.0,23.2,71.2,41.8,1.01
2026-03-11 06:00:00,0.831,0.0,23.4,71.2,42.3,1.06
2026-03-11 07:00:00,0.828,0.0,23.1,69.2,41.3,1.02
2026-03-11 08:00:00,0.827,0.0,23.4,71.6,41.3,0.99
2026-03-11 09:00:00,0.822,0.0,22.2,72.1,41.0,1.0
2026-03-11 10:00:00,0.82,0.0,20.6,73.0,41.4,0.98
2026-03-11 11:00:00,0.821,0.0,20.1,75.2,41.2,1.06
2026-03-11 12:00:00,0.817,0.0,19.1,78.8,40.0,0.95
2026-03-11 13:00:00,0.816,0.0,17.5,79.2,39.4,0.96
2026-03-11 14:00:00,0.819,0.0,15.5,79.4,39.0,0.94
2026-03-11 15:00:00,0.812,0.0,14.8,81.8,39.1,0.98
2026-03-11 16:00:00,0.814,0.0,14.5,83.6,37.9,0.96
2026-03-11 17:00:00,0.805,0.0,13.5,83.7,38.2,0.93
2026-03-11 18:00:00,0.814,0.0,13.6,83.1,38.4,0.99
2026-03-11 19:00:00,0.811,0.0,13.9,82.1,38.3,0.91
2026-03-11 20:00:00,0.808,0.0,13.9,82.9,38.3,0.95
2026-03-11 21:00:00,0.809,0.0,14.9,81.6,39.0,0.99
2026-03-11 22:00:00,0.812,0.0,15.0,80.9,37.9,0.97
2026-03-11 23:00:00,0.812,0.0,16.9,79.2,39.8,0.95
2026-03-12 00:00:00,0.816,0.0,18.4,78.0,39.7,0.87
2026-03-12 01:00:00,0.824,0.0,19.4,74.9,39.8,1.1
2026-03-12 02:00:00,0.828,0.0,21.5,75.3,41.2,1.07
2026-03-12 03:00:00,0.826,0.0,21.6,73.0,42.0,1.06
2026-03-12 04:00:00,0.832,0.0,22.7,73.9,41.7,1.06
2026-03-12 05:00:00,0.826,0.0,23.4,70.5,42.3,1.0
2026-03-12 06:00:00,0.835,0.0,23.9,72.7,42.6,1.06
2026-03-12 07:00:00,0.82,0.0,22.9,71.4,42.5,0.93
2026-03-12 08:00:00,0.827,0.0,23.2,71.2,42.4,1.08
2026-03-12 09:00:00,0.826,0.0,22.0,72.3,41.7,1.08
2026-03-12 10:00:00,0.823,0.0,20.7,73.7,41.0,0.92
2026-03-12 11:00:00,0.821,0.0,19.9,75.9,39.9,1.02
2026-03-12 12:00:00,0.821,0.0,18.6,77.5,39.9,0.94
2026-03-12 13:00:00,0.816,0.0,17.0,78.0,39.1,1.12
2026-03-12 14:00:00,0.811,0.0,16.0,80.0,39.9,1.0
2026-03-12 15:00:00,0.807,0.0,14.8,83.4,38.5,0.99
2026-03-12 16:00:00,0.809,0.0,14.2,83.9,38.3,0.97
2026-03-12 17:00:00,0.806,0.0,13.9,83.2,38.3,0.96
2026-03-12 18:00:00,0.807,0.0,14.0,83.0,38.0,0.91
2026-03-12 19:00:00,0.812,0.0,13.3,82.9,38.7,0.95
2026-03-12 20:00:00,0.812,0.0,14.8,82.8,38.0,0.96
2026-03-12 21:00:00,0.813,0.0,14.4,80.2,38.7,0.99
2026-03-12 22:00:00,0.814,0.0,16.0,79.7,38.7,0.93
2026-03-12 23:00:00,0.816,0.0,17.4,76.9,39.0,1.04
2026-03-13 00:00:00,0.82,0.0,18.6,77.4,39.8,0.96
2026-03-13 01:00:00,0.824,0.0,19.6,76.1,40.5,1.04
2026-03-13 02:00:00,0.827,0.0,20.9,73.5,40.8,0.98
2026-03-13 03:00:00,0.825,0.0,21.9,74.3,41.1,0.99
2026-03-13 04:00:00,0.828,0.0,22.7,70.6,41.2,1.06
2026-03-13 05:00:00,0.831,0.0,23.6,69.7,41.9,1.06
2026-03-13 06:00:00,0.834,0.0,23.6,71.2,41.4,1.09
2026-03-13 07:00:00,0.829,0.0,23.1,72.3,42.2,0.98
2026-03-13 08:00:00,0.827,0.0,23.1,73.5,41.8,1.01
2026-03-13 09:00:00,0.83,0.0,22.1,72.3,40.8,1.04
2026-03-13 10:00:00,0.823,0.0,21.2,75.1,40.9,0.98
2026-03-13 11:00:00,0.822,0.0,20.0,75.4,40.2,1.05
2026-03-13 12:00:00,0.825,0.0,18.3,76.8,40.1,1.01
2026-03-13 13:00:00,0.817,0.0,17.0,79.4,40.0,0.93
2026-03-13 14:00:00,0.821,0.0,16.2,80.7,38.2,0.93
2026-03-13 15:00:00,0.816,0.0,15.1,79.7,38.6,0.97
2026-03-13 16:00:00,0.81,0.0,14.2,83.7,38.2,0.9
2026-03-13 17:00:00,0.818,0.0,13.7,84.2,38.3,1.0
2026-03-13 18:00:00,0.81,0.0,13.9,82.4,38.1,1.0
2026-03-13 19:00:00,0.808,0.0,13.5,83.2,37.8,0.95
2026-03-13 20:00:00,0.812,0.0,14.3,82.7,38.1,0.94
2026-03-13 21:00:00,0.817,0.0,14.9,81.5,38.3,0.98
2026-03-13 22:00:00,0.81,0.0,15.9,79.4,39.4,0.95
2026-03-13 23:00:00,0.818,0.0,17.5,77.9,39.5,0.95
2026-03-14 00:00:00,0.818,0.0,18.7,77.0,40.8,0.96
2026-03-14 01:00:00,0.826,0.0,20.0,76.6,40.5,1.0
2026-03-14 02:00:00,0.829,0.0,21.4,74.5,40.7,1.01
2026-03-14 03:00:00,0.828,0.0,22.0,72.4,40.8,1.01
2026-03-14 04:00:00,0.831,0.0,23.0,72.6,41.0,0.99
2026-03-14 05:00:00,0.832,0.0,23.2,68.4,41.3,1.05
2026-03-14 06:00:00,0.828,0.0,23.6,72.1,42.1,1.02
2026-03-14 07:00:00,0.834,0.0,23.3,69.5,42.1,1.06
2026-03-14 08:00:00,0.827,0.0,22.9,71.4,41.1,0.97
2026-03-14 09:00:00,0.829,0.0,22.2,71.6,41.8,1.04
2026-03-14 10:00:00,0.827,0.0,20.8,72.7,40.8,0.96
2026-03-14 11:00:00,0.819,0.0,20.4,76.6,40.6,1.05
2026-03-14 12:00:00,0.821,0.0,18.2,76.5,40.6,1.03
2026-03-14 13:00:00,0.815,0.0,16.8,78.9,39.8,0.93
2026-03-14 14:00:00,0.818,0.0,16.3,80.0,38.9,1.04
2026-03-14 15:00:00,0.81,0.0,15.2,81.7,38.2,0.89
2026-03-14 16:00:00,0.811,0.0,14.4,82.3,37.4,0.92
2026-03-14 17:00:00,0.808,0.0,13.9,81.5,37.8,0.89
2026-03-14 18:00:00,0.809,0.0,13.5,84.0,37.9,0.9
2026-03-14 19:00:00,0.807,0.0,13.4,82.3,37.7,0.96
2026-03-14 20:00:00,0.811,0.0,14.2,80.6,38.2,0.99
2026-03-14 21:00:00,0.808,0.0,14.8,80.8,38.6,0.95
2026-03-14 22:00:00,0.821,0.0,16.3,81.5,38.9,0.99
2026-03-14 23:00:00,0.82,0.0,17.2,79.4,39.2,1.04
2026-03-15 00:00:00,0.823,0.0,18.3,76.7,40.1,1.02
2026-03-15 01:00:00,0.824,0.0,19.7,75.1,40.7,1.05
2026-03-15 02:00:00,0.827,0.0,21.1,73.7,40.6,0.97
2026-03-15 03:00:00,0.822,0.0,21.9,74.8,42.0,0.93
2026-03-15 04:00:00,0.828,0.0,22.6,72.2,41.7,1.06
2026-03-15 05:00:00,0.826,0.0,23.4,71.6,41.9,1.07
2026-03-15 06:00:00,0.828,0.0,23.6,72.0,42.3,1.01
2026-03-15 07:00:00,0.827,0.0,23.2,71.4,42.0,0.93
2026-03-15 08:00:00,0.829,0.0,22.7,71.5,42.1,1.12
2026-03-15 09:00:00,0.827,0.0,22.1,72.6,41.5,0.94
2026-03-15 10:00:00,0.827,0.0,20.6,73.9,40.8,0.95
2026-03-15 11:00:00,0.819,0.0,19.4,75.4,40.7,0.98
2026-03-15 12:00:00,0.82,0.0,18.3,77.7,39.5,0.95
2026-03-15 13:00:00,0.817,0.0,17.1,78.6,39.5,1.02
2026-03-15 14:00:00,0.818,0.0,16.1,80.7,39.0,1.05
2026-03-15 15:00:00,0.819,0.0,15.4,81.2,38.5,1.04
2026-03-15 16:00:00,0.811,0.0,14.4,82.3,38.2,1.01
2026-03-15 17:00:00,0.812,0.0,13.6,80.8,37.3,0.99
2026-03-15 18:00:00,0.811,0.0,13.5,83.9,37.8,0.92
2026-03-15 19:00:00,0.807,0.0,13.4,83.1,38.1,0.94
2026-03-15 20:00:00,0.812,0.0,14.2,83.2,38.3,0.93
2026-03-15 21:00:00,0.814,0.0,14.9,78.3,38.2,1.08
2026-03-15 22:00:00,0.81,0.0,16.1,82.1,39.5,0.99
2026-03-15 23:00:00,0.817,0.0,17.0,78.4,39.1,1.01
2026-03-16 00:00:00,0.819,0.0,18.7,78.1,40.4,0.99
2026-03-16 01:00:00,0.823,0.0,20.3,74.4,40.7,1.0
2026-03-16 02:00:00,0.82,0.0,21.0,74.6,40.7,0.99
2026-03-16 03:00:00,0.823,0.0,22.2,71.7,42.1,1.04
2026-03-16 04:00:00,0.823,0.0,23.0,71.2,41.3,1.06
2026-03-16 05:00:00,0.831,0.0,23.2,73.1,42.3,1.07
2026-03-16 06:00:00,0.824,0.0,23.6,70.8,42.4,1.0
2026-03-16 07:00:00,0.833,0.0,23.3,71.4,41.7,1.03
2026-03-16 08:00:00,0.825,0.0,22.9,72.7,42.3,0.99
2026-03-16 09:00:00,0.827,0.0,21.8,73.3,41.3,0.98
2026-03-16 10:00:00,0.829,0.0,21.0,74.2,41.1,1.03
2026-03-16 11:00:00,0.821,0.0,19.9,75.8,40.6,0.94
2026-03-16 12:00:00,0.821,0.0,18.9,79.4,39.9,1.03
2026-03-16 13:00:00,0.815,0.0,17.5,78.5,39.8,0.87
2026-03-16 14:00:00,0.816,0.0,16.6,80.2,39.3,0.98
2026-03-16 15:00:00,0.814,0.0,14.7,82.3,37.9,1.07
2026-03-16 16:00:00,0.811,0.0,14.4,83.3,38.8,0.94
2026-03-16 17:00:00,0.807,0.0,13.7,84.0,37.4,0.93
2026-03-16 18:00:00,0.81,0.0,14.2,83.6,38.4,0.96
2026-03-16 19:00:00,0.816,0.0,13.4,81.7,38.5,1.01
2026-03-16 20:00:00,0.811,0.0,13.9,83.8,37.8,0.93
2026-03-16 21:00:00,0.814,0.0,14.8,80.1,38.4,0.93
2026-03-16 22:00:00,0.816,0.0,15.4,80.3,38.6,1.01
2026-03-16 23:00:00,0.817,0.0,17.0,77.8,39.4,0.96
2026-03-17 00:00:00,0.813,0.0,18.3,76.9,39.9,1.03
2026-03-17 01:00:00,0.824,0.0,19.8,75.8,40.8,1.04
2026-03-17 02:00:00,0.82,0.0,21.1,74.3,41.5,1.07
2026-03-17 03:00:00,0.826,0.0,22.6,73.2,42.0,1.01
2026-03-17 04:00:00,0.825,0.0,23.1,73.4,41.5,0.93
2026-03-17 05:00:00,0.833,0.0,23.2,71.7,41.8,1.12
2026-03-17 06:00:00,0.83,0.0,23.2,70.8,41.3,1.0
2026-03-17 07:00:00,0.829,0.0,23.5,72.2,41.6,1.02
2026-03-17 08:00:00,0.825,0.0,22.4,73.0,42.1,1.01
2026-03-17 09:00:00,0.828,0.0,22.6,71.5,42.1,1.08
2026-03-17 10:00:00,0.825,0.0,21.4,74.6,40.5,0.94
2026-03-17 11:00:00,0.824,0.0,19.7,76.1,40.3,1.0
2026-03-17 12:00:00,0.824,0.0,18.0,76.7,40.0,1.09
2026-03-17 13:00:00,0.822,0.0,17.6,79.9,39.6,0.98
2026-03-17 14:00:00,0.821,0.0,16.0,79.8,38.7,1.02
2026-03-17 15:00:00,0.818,0.0,15.3,81.4,38.8,0.97
2026-03-17 16:00:00,0.81,0.0,13.7,82.0,38.1,0.98
2026-03-17 17:00:00,0.811,0.0,13.5,82.8,38.1,1.03
2026-03-17 18:00:00,0.809,0.0,13.5,81.9,38.2,1.02
2026-03-17 19:00:00,0.813,0.0,13.7,81.4,38.1,0.96
2026-03-17 20:00:00,0.813,0.0,14.0,83.8,38.1,0.95
2026-03-17 21:00:00,0.82,0.0,15.2,80.4,38.5,0.87
2026-03-17 22:00:00,0.817,0.0,15.7,79.0,39.0,0.9
2026-03-17 23:00:00,0.817,0.0,17.2,76.4,39.3,0.98
2026-03-18 00:00:00,0.825,0.0,18.5,76.4,39.9,0.98
2026-03-18 01:00:00,0.827,0.0,19.9,74.1,41.2,0.97
2026-03-18 02:00:00,0.829,0.0,21.2,75.6,41.2,1.01
2026-03-18 03:00:00,0.827,0.0,21.7,73.8,41.3,1.01
2026-03-18 04:00:00,0.833,0.0,22.4,71.1,42.0,1.1
2026-03-18 05:00:00,0.831,0.0,23.7,73.5,41.8,0.99
2026-03-18 06:00:00,0.828,0.0,23.6,72.0,42.5,0.98
2026-03-18 07:00:00,0.823,0.0,23.1,70.9,42.1,1.07
2026-03-18 08:00:00,0.828,0.0,23.3,69.3,41.7,1.01
2026-03-18 09:00:00,0.832,0.0,22.1,75.0,41.6,1.02
2026-03-18 10:00:00,0.822,0.0,21.4,72.6,40.4,1.0
2026-03-18 11:00:00,0.819,0.0,19.8,73.8,40.1,1.01
2026-03-18 12:00:00,0.819,0.0,19.1,78.0,39.5,0.97
2026-03-18 13:00:00,0.816,0.0,17.7,81.0,39.5,0.98
2026-03-18 14:00:00,0.815,0.0,15.9,81.4,39.7,0.96
2026-03-18 15:00:00,0.812,0.0,15.3,81.8,39.5,0.96
2026-03-18 16:00:00,0.811,0.0,14.4,82.8,38.5,0.96
2026-03-18 17:00:00,0.808,0.0,14.1,83.6,38.3,1.0
2026-03-18 18:00:00,0.81,0.0,13.2,83.8,37.3,0.94
2026-03-18 19:00:00,0.811,0.0,13.9,83.1,37.9,0.96
2026-03-18 20:00:00,0.806,0.0,14.5,82.3,38.0,0.96
2026-03-18 21:00:00,0.81,0.0,14.4,81.2,38.3,1.01
2026-03-18 22:00:00,0.814,0.0,15.6,79.2,38.9,1.02
2026-03-18 23:00:00,0.816,0.0,16.6,78.3,39.3,0.99
2026-03-19 00:00:00,0.824,0.0,18.4,75.3,39.2,1.0
2026-03-19 01:00:00,0.821,0.0,20.0,75.3,40.8,1.04
2026-03-19 02:00:00,0.827,0.0,21.5,73.0,40.6,1.0
2026-03-19 03:00:00,0.821,0.0,22.1,71.7,41.5,0.97
2026-03-19 04:00:00,0.831,0.0,23.3,72.0,42.6,1.0
2026-03-19 05:00:00,0.83,0.0,22.9,72.6,41.6,1.01
2026-03-19 06:00:00,0.824,0.0,23.0,71.9,41.0,0.98
2026-03-19 07:00:00,0.832,0.0,23.3,69.6,41.8,0.93
2026-03-19 08:00:00,0.829,0.0,22.9,70.8,42.2,0.98
2026-03-19 09:00:00,0.829,0.0,22.0,73.7,42.2,1.07
2026-03-19 10:00:00,0.824,0.0,20.4,73.0,40.5,1.01
2026-03-19 11:00:00,0.82,0.0,19.8,75.2,40.7,0.93
2026-03-19 12:00:00,0.825,0.0,18.1,77.6,39.8,0.98
2026-03-19 13:00:00,0.822,0.0,17.4,77.6,39.4,0.97
2026-03-19 14:00:00,0.817,0.0,16.1,80.1,40.1,0.93
2026-03-19 15:00:00,0.814,0.0,14.7,79.9,38.0,0.96
2026-03-19 16:00:00,0.81,0.0,14.0,81.6,38.4,0.99
2026-03-19 17:00:00,0.809,0.0,13.4,83.1,38.3,0.88
2026-03-19 18:00:00,0.812,0.0,13.5,81.4,38.4,0.91
2026-03-19 19:00:00,0.812,0.0,14.0,83.2,38.1,1.02
2026-03-19 20:00:00,0.81,0.0,13.9,82.2,38.4,1.02
2026-03-19 21:00:00,0.814,0.0,15.1,81.8,38.4,0.94
2026-03-19 22:00:00,0.819,0.0,15.8,80.2,39.1,0.94
2026-03-19 23:00:00,0.816,0.0,17.0,79.9,39.3,0.97
2026-03-20 00:00:00,0.822,0.0,18.5,77.1,40.2,1.06
2026-03-20 01:00:00,0.826,0.0,19.5,75.0,40.4,1.03
2026-03-20 02:00:00,0.824,0.0,20.8,74.1,41.2,0.93
2026-03-20 03:00:00,0.823,0.0,21.7,73.3,41.4,1.1
2026-03-20 04:00:00,0.823,0.0,23.4,71.9,42.2,0.97
2026-03-20 05:00:00,0.833,0.0,23.3,71.2,41.9,1.06
2026-03-20 06:00:00,0.833,0.0,23.3,70.3,41.3,1.08
2026-03-20 07:00:00,0.834,0.0,23.4,70.5,42.4,1.07
2026-03-20 08:00:00,0.831,0.0,22.8,70.4,41.4,1.01
2026-03-20 09:00:00,0.829,0.0,22.0,74.5,41.2,1.02
2026-03-20 10:00:00,0.824,0.0,21.2,72.8,40.8,1.06
2026-03-20 11:00:00,0.825,0.0,20.0,74.8,41.1,1.11
2026-03-20 12:00:00,0.825,0.0,18.3,76.3,39.1,1.07
2026-03-20 13:00:00,0.812,0.0,17.0,79.4,40.7,1.06
2026-03-20 14:00:00,0.818,0.0,15.9,79.7,39.4,0.95
2026-03-20 15:00:00,0.815,0.0,14.3,82.5,38.7,0.93
2026-03-20 16:00:00,0.813,0.0,13.7,81.5,38.2,0.91
2026-03-20 17:00:00,0.808,0.0,14.1,83.1,38.2,0.99
2026-03-20 18:00:00,0.813,0.0,14.0,82.2,38.2,0.99
2026-03-20 19:00:00,0.809,0.0,13.6,84.9,38.3,0.85
2026-03-20 20:00:00,0.811,0.0,14.3,81.0,38.5,0.99
2026-03-20 21:00:00,0.812,0.0,15.1,81.6,38.6,0.97
2026-03-20 22:00:00,0.814,0.0,16.9,80.6,38.9,0.96
2026-03-20 23:00:00,0.818,0.0,17.5,79.0,39.4,0.98
2026-03-21 00:00:00,0.824,0.0,18.5,76.8,39.9,0.91
2026-03-21 01:00:00,0.821,0.0,19.5,75.3,41.0,0.96
2026-03-21 02:00:00,0.826,0.0,20.5,74.0,41.2,1.03
2026-03-21 03:00:00,0.832,0.0,22.1,72.6,40.2,1.15
2026-03-21 04:00:00,0.826,0.0,22.6,72.8,42.0,1.03
2026-03-21 05:00:00,0.83,0.0,22.9,73.4,42.0,1.0
2026-03-21 06:00:00,0.832,0.0,23.3,70.4,42.0,1.04
2026-03-21 07:00:00,0.826,0.0,23.0,69.8,41.8,1.01
2026-03-21 08:00:00,0.826,0.0,23.3,71.7,42.2,1.07
2026-03-21 09:00:00,0.833,0.0,22.3,75.3,41.8,1.06
2026-03-21 10:00:00,0.825,0.0,21.0,73.2,40.7,1.03
2026-03-21 11:00:00,0.826,0.0,20.2,77.1,40.7,1.08
2026-03-21 12:00:00,0.82,0.0,18.5,78.7,39.6,1.01
2026-03-21 13:00:00,0.819,0.0,16.9,78.0,38.9,0.94
2026-03-21 14:00:00,0.819,0.0,16.5,80.6,38.7,1.08
2026-03-21 15:00:00,0.816,0.0,15.1,82.9,38.9,0.92
2026-03-21 16:00:00,0.805,0.0,13.9,81.8,38.6,0.98
2026-03-21 17:00:00,0.808,0.0,13.6,82.6,38.3,0.97
2026-03-21 18:00:00,0.815,0.0,13.2,82.4,38.3,0.95
2026-03-21 19:00:00,0.809,0.0,13.3,81.8,38.3,0.97
2026-03-21 20:00:00,0.807,0.0,14.4,81.5,38.0,0.91
2026-03-21 21:00:00,0.813,0.0,15.5,80.0,38.8,0.96
2026-03-21 22:00:00,0.817,0.0,15.6,80.0,39.3,1.13
2026-03-21 23:00:00,0.818,0.0,17.4,77.8,39.8,0.95
2026-03-22 00:00:00,0.824,0.0,18.3,77.2,40.5,0.94
2026-03-22 01:00:00,0.818,0.0,19.6,73.9,40.8,0.96
2026-03-22 02:00:00,0.824,0.0,20.8,74.3,41.1,0.99
2026-03-22 03:00:00,0.827,0.0,21.8,73.6,41.8,1.04
2026-03-22 04:00:00,0.832,0.0,22.8,69.8,41.7,1.05
2026-03-22 05:00:00,0.828,0.0,23.1,71.6,41.6,1.08
2026-03-22 06:00:00,0.828,0.0,23.6,72.2,41.9,0.95
2026-03-22 07:00:00,0.833,0.0,23.3,70.0,41.6,1.11
2026-03-22 08:00:00,0.826,0.0,22.8,73.5,41.5,1.01
2026-03-22 09:00:00,0.824,0.0,21.8,73.2,41.4,1.03
2026-03-22 10:00:00,0.83,0.0,20.8,73.3,40.7,1.08
2026-03-22 11:00:00,0.826,0.0,20.0,75.4,40.4,1.06
2026-03-22 12:00:00,0.82,0.0,18.7,77.6,39.2,1.05
2026-03-22 13:00:00,0.82,0.0,16.9,78.6,39.6,1.07
2026-03-22 14:00:00,0.814,0.0,16.0,80.5,39.0,0.89
2026-03-22 15:00:00,0.816,0.0,15.2,80.3,38.3,1.0
2026-03-22 16:00:00,0.81,0.0,13.7,82.4,38.5,0.95
2026-03-22 17:00:00,0.818,0.0,13.8,81.4,38.4,0.96
2026-03-22 18:00:00,0.807,0.0,13.3,82.9,37.4,0.95
2026-03-22 19:00:00,0.814,0.0,13.8,81.9,37.8,1.09
2026-03-22 20:00:00,0.813,0.0,13.9,81.5,38.0,0.91
2026-03-22 21:00:00,0.819,0.0,14.4,82.5,38.2,0.99
2026-03-22 22:00:00,0.812,0.0,15.5,81.1,39.3,0.92
2026-03-22 23:00:00,0.82,0.0,17.2,79.2,39.4,1.01
2026-03-23 00:00:00,0.821,0.0,18.6,75.9,39.9,1.07
2026-03-23 01:00:00,0.82,0.0,19.5,75.1,39.7,1.07
2026-03-23 02:00:00,0.823,0.0,21.2,75.2,41.3,1.12
2026-03-23 03:00:00,0.829,0.0,21.5,72.9,40.9,0.99
2026-03-23 04:00:00,0.823,0.0,22.8,74.1,41.8,1.05
2026-03-23 05:00:00,0.829,0.0,23.0,71.6,42.0,1.03
2026-03-23 06:00:00,0.832,0.0,23.3,71.2,42.5,1.1
2026-03-23 07:00:00,0.833,0.0,23.3,70.9,41.4,0.99
2026-03-23 08:00:00,0.833,0.0,22.6,71.9,40.5,1.02
2026-03-23 09:00:00,0.82,0.0,21.9,72.6,41.5,0.94
2026-03-23 10:00:00,0.826,0.0,21.3,74.7,41.7,0.97
2026-03-23 11:00:00,0.822,0.0,19.6,76.4,41.0,1.03
2026-03-23 12:00:00,0.819,0.0,18.8,76.2,40.1,0.97
2026-03-23 13:00:00,0.814,0.0,16.9,77.2,39.3,0.98
2026-03-23 14:00:00,0.809,0.0,16.2,78.2,39.3,0.92
2026-03-23 15:00:00,0.81,0.0,15.4,81.8,38.2,0.95
2026-03-23 16:00:00,0.811,0.0,13.4,81.1,38.5,1.01
2026-03-23 17:00:00,0.815,0.0,13.4,80.6,38.3,0.92
2026-03-23 18:00:00,0.816,0.0,13.7,83.4,38.4,0.94
2026-03-23 19:00:00,0.811,0.0,13.6,85.3,39.2,0.99
2026-03-23 20:00:00,0.819,0.0,14.3,82.2,38.4,0.97
2026-03-23 21:00:00,0.808,0.0,14.8,82.1,38.4,1.02
2026-03-23 22:00:00,0.812,0.0,16.0,80.1,39.0,0.95
2026-03-23 23:00:00,0.814,0.0,17.2,78.5,38.8,0.96
2026-03-24 00:00:00,0.817,0.0,18.9,77.9,39.7,1.02
2026-03-24 01:00:00,0.823,0.0,19.9,75.2,40.4,0.98
2026-03-24 02:00:00,0.828,0.0,21.1,74.3,40.8,1.04
2026-03-24 03:00:00,0.822,0.0,21.9,73.1,41.5,1.05
2026-03-24 04:00:00,0.829,0.0,22.7,71.1,41.4,1.11
2026-03-24 05:00:00,0.83,0.0,23.2,72.2,42.4,1.0
2026-03-24 06:00:00,0.829,0.0,23.6,70.8,42.0,1.08
2026-03-24 07:00:00,0.827,0.0,23.2,70.4,41.9,1.01
2026-03-24 08:00:00,0.828,0.0,22.9,72.3,41.6,0.97
2026-03-24 09:00:00,0.825,0.0,22.7,71.9,41.5,1.03
2026-03-24 10:00:00,0.829,0.0,21.3,74.0,41.3,1.05
2026-03-24 11:00:00,0.822,0.0,19.7,75.4,40.2,0.97
2026-03-24 12:00:00,0.823,0.0,18.9,78.1,39.7,1.03
2026-03-24 13:00:00,0.815,0.0,17.1,79.0,39.4,1.03
2026-03-24 14:00:00,0.817,0.0,15.4,80.0,38.5,0.95
2026-03-24 15:00:00,0.813,0.0,14.7,82.1,38.3,0.95
2026-03-24 16:00:00,0.819,0.0,13.6,83.6,38.1,1.02
2026-03-24 17:00:00,0.811,0.0,13.6,83.4,38.4,0.99
2026-03-24 18:00:00,0.814,0.0,13.5,83.0,38.1,0.97
2026-03-24 19:00:00,0.809,0.0,14.2,81.5,38.1,1.0
2026-03-24 20:00:00,0.811,0.0,14.3,81.1,38.6,0.91
2026-03-24 21:00:00,0.809,0.0,14.9,80.9,38.5,1.03
2026-03-24 22:00:00,0.815,0.0,16.2,79.4,39.2,0.95
2026-03-24 23:00:00,0.817,0.0,16.5,78.4,39.4,1.03
2026-03-25 00:00:00,0.819,0.0,18.6,77.1,40.1,0.92
2026-03-25 01:00:00,0.824,0.0,20.0,76.0,40.3,1.07
2026-03-25 02:00:00,0.828,0.0,20.6,73.9,40.0,1.01
2026-03-25 03:00:00,0.831,0.0,22.4,73.2,41.4,1.05
2026-03-25 04:00:00,0.832,0.0,22.9,71.9,42.3,1.08
2026-03-25 05:00:00,0.825,0.0,23.2,69.2,42.3,1.11
2026-03-25 06:00:00,0.83,0.0,23.7,70.1,42.4,1.07
2026-03-25 07:00:00,0.826,0.0,24.0,71.1,42.4,1.05
2026-03-25 08:00:00,0.832,0.0,22.9,70.6,41.8,1.14
2026-03-25 09:00:00,0.831,0.0,22.1,73.4,41.5,1.07
2026-03-25 10:00:00,0.82,0.0,20.9,75.5,40.8,1.01
2026-03-25 11:00:00,0.821,0.0,19.5,76.7,40.4,1.01
2026-03-25 12:00:00,0.816,0.0,18.7,76.8,40.2,0.97
2026-03-25 13:00:00,0.816,0.0,16.9,80.0,40.0,0.96
2026-03-25 14:00:00,0.813,0.0,16.0,80.1,38.9,0.97
2026-03-25 15:00:00,0.814,0.0,14.8,80.9,38.4,0.85
2026-03-25 16:00:00,0.804,0.0,14.3,81.6,38.3,0.92
2026-03-25 17:00:00,0.81,0.0,13.8,82.5,38.3,0.97
2026-03-25 18:00:00,0.808,0.0,13.8,82.6,37.4,0.95
2026-03-25 19:00:00,0.811,0.0,13.5,83.0,37.1,0.93
2026-03-25 20:00:00,0.814,0.0,14.1,82.4,38.0,0.99
2026-03-25 21:00:00,0.815,0.0,14.7,81.2,38.1,0.98
2026-03-25 22:00:00,0.821,0.0,15.9,80.4,38.8,1.04
2026-03-25 23:00:00,0.816,0.0,17.3,79.7,39.4,1.02
2026-03-26 00:00:00,0.815,0.0,18.7,77.9,39.8,0.99
2026-03-26 01:00:00,0.824,0.0,19.5,74.0,41.1,1.02
2026-03-26 02:00:00,0.824,0.0,21.3,71.4,41.1,0.97
2026-03-26 03:00:00,0.825,0.0,22.4,73.7,41.5,1.02
2026-03-26 04:00:00,0.825,0.0,23.0,70.4,42.0,1.11
2026-03-26 05:00:00,0.822,0.0,23.9,71.0,41.5,0.99
2026-03-26 06:00:00,0.83,0.0,23.3,69.8,42.4,1.07
2026-03-26 07:00:00,0.827,0.0,23.0,69.4,41.9,1.08
2026-03-26 08:00:00,0.824,0.0,22.3,72.3,42.0,0.99
2026-03-26 09:00:00,0.829,0.0,22.5,73.5,41.0,1.09
2026-03-26 10:00:00,0.821,0.0,21.2,73.4,40.4,1.14
2026-03-26 11:00:00,0.82,0.0,19.8,72.9,40.8,0.93
2026-03-26 12:00:00,0.822,0.0,18.6,76.5,40.2,0.99
2026-03-26 13:00:00,0.816,0.0,16.9,78.9,39.1,1.01
2026-03-26 14:00:00,0.81,0.0,16.7,78.5,38.7,0.88
2026-03-26 15:00:00,0.821,0.33,15.0,81.4,39.0,1.16
2026-03-26 16:00:00,0.831,0.7,14.2,82.2,37.8,1.33
2026-03-26 17:00:00,0.821,0.24,13.9,83.4,38.7,1.09
2026-03-26 18:00:00,0.811,0.0,13.6,83.1,37.6,0.98
2026-03-26 19:00:00,0.811,0.0,13.7,81.8,38.3,0.94
2026-03-26 20:00:00,0.811,0.0,13.9,83.4,38.1,0.91
2026-03-26 21:00:00,0.806,0.0,15.1,81.1,38.8,1.0
2026-03-26 22:00:00,0.815,0.0,16.6,80.0,38.8,0.98
2026-03-26 23:00:00,0.819,0.0,17.6,77.6,39.4,0.95
2026-03-27 00:00:00,0.817,0.0,19.0,76.6,40.0,0.97
2026-03-27 01:00:00,0.827,0.0,19.6,74.6,40.1,0.97
2026-03-27 02:00:00,0.817,0.0,20.7,73.8,41.3,0.96
2026-03-27 03:00:00,0.83,0.0,22.0,74.5,41.2,0.96
2026-03-27 04:00:00,0.825,0.0,22.8,70.4,41.6,1.03
2026-03-27 05:00:00,0.837,0.0,23.7,69.6,41.5,1.0
2026-03-27 06:00:00,0.826,0.0,23.0,72.5,41.0,1.04
2026-03-27 07:00:00,0.833,0.0,23.8,71.0,41.9,1.02
2026-03-27 08:00:00,0.824,0.0,22.8,71.1,42.7,1.04
2026-03-27 09:00:00,0.829,0.0,21.9,73.8,41.7,1.12
2026-03-27 10:00:00,0.827,0.0,20.7,73.4,41.0,1.07
2026-03-27 11:00:00,0.822,0.0,19.3,77.3,40.4,1.13
2026-03-27 12:00:00,0.819,0.0,18.7,77.7,40.0,0.96
2026-03-27 13:00:00,0.823,0.0,17.2,78.1,39.7,0.94
2026-03-27 14:00:00,0.809,0.0,15.6,82.2,38.5,0.96
2026-03-27 15:00:00,0.817,0.15,14.6,80.6,39.0,1.02
2026-03-27 16:00:00,0.837,0.76,14.1,82.9,38.6,1.25
2026-03-27 17:00:00,0.824,0.45,14.2,83.1,38.4,1.14
2026-03-27 18:00:00,0.807,0.0,13.4,84.3,38.2,0.95
2026-03-27 19:00:00,0.813,0.0,13.2,84.4,38.1,1.08
2026-03-27 20:00:00,0.813,0.0,14.1,82.2,38.5,0.85
2026-03-27 21:00:00,0.813,0.0,14.9,80.5,38.8,0.97
2026-03-27 22:00:00,0.818,0.0,15.2,80.5,38.9,1.0
2026-03-27 23:00:00,0.821,0.0,17.2,77.9,39.3,1.02
2026-03-28 00:00:00,0.825,0.0,18.4,79.0,40.0,1.0
2026-03-28 01:00:00,0.823,0.0,20.0,75.6,41.1,1.05
2026-03-28 02:00:00,0.823,0.0,21.6,73.6,40.5,0.97
2026-03-28 03:00:00,0.825,0.0,22.4,72.9,40.8,0.98
2026-03-28 04:00:00,0.83,0.0,22.7,70.5,41.8,0.95
2026-03-28 05:00:00,0.825,0.0,23.0,70.2,42.0,1.11
2026-03-28 06:00:00,0.828,0.0,24.3,72.2,42.1,1.04
2026-03-28 07:00:00,0.825,0.0,23.3,70.5,42.0,1.03
2026-03-28 08:00:00,0.827,0.0,22.8,70.8,41.6,0.95
2026-03-28 09:00:00,0.831,0.0,22.0,73.3,42.0,1.1
2026-03-28 10:00:00,0.825,0.0,21.1,75.2,40.4,1.07
2026-03-28 11:00:00,0.828,0.0,19.8,76.2,40.2,1.07
2026-03-28 12:00:00,0.821,0.0,18.3,78.0,40.0,1.02
2026-03-28 13:00:00,0.819,0.0,17.0,77.8,38.8,0.98
2026-03-28 14:00:00,0.814,0.0,16.0,78.6,38.9,1.0
2026-03-28 15:00:00,0.812,0.0,14.8,82.7,39.3,0.95
2026-03-28 16:00:00,0.811,0.0,14.0,81.9,38.3,1.02
2026-03-28 17:00:00,0.807,0.0,13.7,82.5,38.2,0.99
2026-03-28 18:00:00,0.812,0.0,13.4,84.3,37.5,1.01
2026-03-28 19:00:00,0.808,0.0,14.1,83.4,37.8,0.87
2026-03-28 20:00:00,0.813,0.0,13.4,82.7,38.1,0.98
2026-03-28 21:00:00,0.816,0.0,15.3,83.4,38.5,0.95
2026-03-28 22:00:00,0.817,0.0,16.4,79.4,39.5,1.04
2026-03-28 23:00:00,0.817,0.0,16.6,79.5,39.7,1.01
2026-03-29 00:00:00,0.821,0.0,18.4,77.1,39.6,0.96
2026-03-29 01:00:00,0.824,0.0,19.7,75.7,40.6,1.1
2026-03-29 02:00:00,0.825,0.0,20.6,75.5,41.2,0.95
2026-03-29 03:00:00,0.825,0.0,21.8,73.3,41.9,0.93
2026-03-29 04:00:00,0.833,0.0,22.5,72.3,42.4,1.09
2026-03-29 05:00:00,0.828,0.0,23.9,72.3,41.5,0.96
2026-03-29 06:00:00,0.828,0.0,23.8,70.6,41.7,1.0
2026-03-29 07:00:00,0.83,0.0,23.7,70.4,41.4,1.04
2026-03-29 08:00:00,0.833,0.0,23.0,70.8,41.6,1.02
2026-03-29 09:00:00,0.823,0.0,21.7,70.8,41.6,0.95
2026-03-29 10:00:00,0.825,0.0,20.8,76.1,41.4,0.98
2026-03-29 11:00:00,0.822,0.0,19.9,74.3,40.5,0.98
2026-03-29 12:00:00,0.823,0.0,18.1,76.8,39.9,0.98
2026-03-29 13:00:00,0.816,0.0,17.4,78.3,39.5,1.02
2026-03-29 14:00:00,0.813,0.0,15.9,80.3,38.7,0.99
2026-03-29 15:00:00,0.814,0.0,14.9,82.1,39.4,0.98
2026-03-29 16:00:00,0.808,0.0,14.4,83.1,37.6,1.01
2026-03-29 17:00:00,0.817,0.0,13.8,82.2,38.1,0.99
2026-03-29 18:00:00,0.807,0.0,13.4,82.8,38.8,0.95
2026-03-29 19:00:00,0.813,0.0,14.0,83.1,38.1,0.94
2026-03-29 20:00:00,0.811,0.0,13.8,81.9,38.2,0.98
2026-03-29 21:00:00,0.817,0.0,15.1,82.8,38.4,1.02
2026-03-29 22:00:00,0.817,0.0,16.2,80.5,38.9,0.97
2026-03-29 23:00:00,0.819,0.0,17.1,79.3,40.0,0.96
2026-03-30 00:00:00,0.823,0.0,18.6,77.7,39.1,1.07
2026-03-30 01:00:00,0.824,0.0,19.4,76.6,41.1,1.0
2026-03-30 02:00:00,0.824,0.0,21.3,74.2,40.4,1.11
2026-03-30 03:00:00,0.826,0.0,22.0,71.5,41.3,1.08
2026-03-30 04:00:00,0.83,0.0,22.7,72.2,41.6,1.02
2026-03-30 05:00:00,0.826,0.0,23.6,70.6,42.2,1.03
2026-03-30 06:00:00,0.83,0.0,23.3,70.5,41.4,1.13
2026-03-30 07:00:00,0.827,0.0,22.9,71.8,42.1,1.14
2026-03-30 08:00:00,0.83,0.0,22.4,73.0,42.5,1.06
2026-03-30 09:00:00,0.825,0.0,22.2,72.8,40.9,1.04
2026-03-30 10:00:00,0.826,0.0,20.6,74.3,41.1,1.07
2026-03-30 11:00:00,0.82,0.0,20.3,77.1,40.3,1.07
2026-03-30 12:00:00,0.821,0.0,17.9,77.2,40.2,1.03
2026-03-30 13:00:00,0.817,0.0,17.7,81.2,39.5,0.94
2026-03-30 14:00:00,0.815,0.0,16.1,80.6,38.7,0.99
2026-03-30 15:00:00,0.809,0.0,14.9,79.5,38.8,0.99
2026-03-30 16:00:00,0.814,0.0,14.0,82.9,39.0,0.94
2026-03-30 17:00:00,0.807,0.0,13.8,83.2,38.0,0.93
2026-03-30 18:00:00,0.81,0.0,13.5,84.3,38.3,0.95
2026-03-30 19:00:00,0.81,0.0,14.0,83.5,37.6,0.97
2026-03-30 20:00:00,0.807,0.0,14.2,82.1,37.9,0.89
2026-03-30 21:00:00,0.805,0.0,15.0,80.0,38.8,0.99
2026-03-30 22:00:00,0.815,0.0,15.9,79.8,39.6,1.03
2026-03-30 23:00:00,0.814,0.0,17.2,77.7,39.6,0.98
2026-03-31 00:00:00,0.821,0.0,18.6,76.4,39.9,0.97
2026-03-31 01:00:00,0.818,0.0,19.3,76.0,40.5,1.08
2026-03-31 02:00:00,0.829,0.0,20.6,75.7,40.5,1.02
2026-03-31 03:00:00,0.829,0.0,22.3,73.2,41.7,1.01
2026-03-31 04:00:00,0.826,0.0,22.9,70.6,42.1,1.11
2026-03-31 05:00:00,0.825,0.0,23.3,71.6,41.8,1.0
2026-03-31 06:00:00,0.83,0.0,23.5,72.2,41.8,1.12
2026-03-31 07:00:00,0.832,0.0,23.4,70.6,42.0,0.97
2026-03-31 08:00:00,0.829,0.0,22.7,71.7,41.6,1.04
2026-03-31 09:00:00,0.826,0.0,21.8,72.8,41.4,1.06
2026-03-31 10:00:00,0.821,0.0,21.1,73.2,41.8,0.98
2026-03-31 11:00:00,0.824,0.0,19.5,76.1,40.4,1.05
2026-03-31 12:00:00,0.82,0.0,18.6,76.9,39.9,0.99
2026-03-31 13:00:00,0.817,0.0,16.7,79.0,39.2,1.03
2026-03-31 14:00:00,0.815,0.0,16.3,79.1,39.3,0.93
2026-03-31 15:00:00,0.809,0.0,15.1,80.8,38.5,0.88
2026-03-31 16:00:00,0.816,0.0,14.2,82.9,38.0,1.02
2026-03-31 17:00:00,0.81,0.0,14.0,82.4,38.6,0.94
2026-03-31 18:00:00,0.808,0.0,14.0,84.7,38.6,1.01
2026-03-31 19:00:00,0.816,0.0,14.0,82.4,37.8,0.95
2026-03-31 20:00:00,0.815,0.0,13.6,82.4,37.5,0.98
2026-03-31 21:00:00,0.812,0.0,14.6,82.2,39.0,1.04
2026-03-31 22:00:00,0.815,0.0,15.8,78.6,38.7,0.99
2026-03-31 23:00:00,0.818,0.0,17.2,76.8,39.8,0.91
2026-04-01 00:00:00,0.877,0.0,20.6,86.3,48.3,1.13
2026-04-01 01:00:00,0.87,0.0,21.6,83.3,49.4,1.08
2026-04-01 02:00:00,0.874,0.0,22.9,82.7,49.6,1.1
2026-04-01 03:00:00,0.88,0.0,24.1,83.9,49.5,1.02
2026-04-01 04:00:00,0.878,0.0,24.3,82.7,50.8,1.14
2026-04-01 05:00:00,0.881,0.0,24.8,82.0,50.6,1.15
2026-04-01 06:00:00,0.89,0.0,25.5,82.0,50.7,1.06
2026-04-01 07:00:00,0.888,0.0,25.1,82.5,51.2,1.18
2026-04-01 08:00:00,0.876,0.0,24.3,82.0,51.2,0.95
2026-04-01 09:00:00,0.879,0.0,23.8,82.4,50.1,1.17
2026-04-01 10:00:00,0.879,0.0,22.6,84.2,49.7,1.22
2026-04-01 11:00:00,0.873,0.0,21.5,84.0,49.6,1.03
2026-04-01 12:00:00,0.874,0.0,20.6,86.4,48.1,1.07
2026-04-01 13:00:00,0.884,0.0,18.8,85.3,48.5,1.11
2026-04-01 14:00:00,0.867,0.0,17.7,89.0,46.8,1.0
2026-04-01 15:00:00,0.882,0.0,17.1,89.3,45.0,1.15
2026-04-01 16:00:00,0.886,0.0,16.3,89.7,45.8,1.07
2026-04-01 17:00:00,0.883,0.0,16.2,90.8,45.3,1.23
2026-04-01 18:00:00,0.871,0.0,15.7,91.7,45.6,1.05
2026-04-01 19:00:00,0.877,0.0,15.7,90.9,45.4,1.07
2026-04-01 20:00:00,0.882,0.0,17.0,87.6,45.3,1.08
2026-04-01 21:00:00,0.877,0.0,17.3,87.5,45.3,1.07
2026-04-01 22:00:00,0.875,0.0,18.3,87.4,46.4,0.96
2026-04-01 23:00:00,0.883,0.0,18.9,87.1,46.8,1.04
2026-04-02 00:00:00,0.883,0.0,20.3,86.5,47.7,1.17
2026-04-02 01:00:00,0.871,0.0,21.7,84.2,49.1,0.97
2026-04-02 02:00:00,0.886,0.0,22.4,84.2,50.3,1.08
2026-04-02 03:00:00,0.878,0.0,23.8,82.4,50.3,1.12
2026-04-02 04:00:00,0.884,0.0,24.2,81.9,50.0,1.12
2026-04-02 05:00:00,0.877,0.0,24.8,80.7,51.1,1.19
2026-04-02 06:00:00,0.889,0.0,24.8,81.1,51.6,1.26
2026-04-02 07:00:00,0.88,0.0,25.4,80.8,50.6,1.04
2026-04-02 08:00:00,0.876,0.0,24.4,81.6,50.5,1.1
2026-04-02 09:00:00,0.882,0.0,23.4,84.2,50.1,1.23
2026-04-02 10:00:00,0.883,0.0,23.0,83.1,49.1,1.01
2026-04-02 11:00:00,0.885,0.0,21.3,87.6,49.1,1.07
2026-04-02 12:00:00,0.878,0.0,20.6,86.5,47.9,1.1
2026-04-02 13:00:00,0.89,0.0,18.7,87.2,47.4,1.44
2026-04-02 14:00:00,0.883,0.0,17.9,87.1,46.1,1.11
2026-04-02 15:00:00,0.897,0.99,17.4,89.5,45.7,1.92
2026-04-02 16:00:00,0.897,0.8,16.8,88.9,45.8,1.88
2026-04-02 17:00:00,0.891,0.53,16.2,90.0,44.9,1.55
2026-04-02 18:00:00,0.883,0.0,16.0,92.6,45.9,1.16
2026-04-02 19:00:00,0.884,0.0,16.1,89.8,44.9,1.09
2026-04-02 20:00:00,0.877,0.0,16.2,90.6,45.5,0.99
2026-04-02 21:00:00,0.882,0.0,17.1,88.1,46.3,1.18
2026-04-02 22:00:00,0.882,0.0,18.1,88.0,45.8,1.25
2026-04-02 23:00:00,0.88,0.0,19.7,88.8,46.3,1.15
2026-04-03 00:00:00,0.875,0.0,20.6,85.4,47.2,1.02
2026-04-03 01:00:00,0.883,0.0,21.1,86.8,49.4,1.2
2026-04-03 02:00:00,0.879,0.0,22.8,84.7,49.2,1.08
2026-04-03 03:00:00,0.872,0.0,23.6,82.6,51.4,1.0
2026-04-03 04:00:00,0.884,0.0,24.2,83.2,50.3,1.19
2026-04-03 05:00:00,0.883,0.0,25.0,83.1,51.0,1.13
2026-04-03 06:00:00,0.88,0.0,25.3,82.6,51.8,1.05
2026-04-03 07:00:00,0.883,0.0,25.1,80.6,51.9,1.17
2026-04-03 08:00:00,0.882,0.0,24.1,81.8,51.6,1.08
2026-04-03 09:00:00,0.869,0.0,23.6,82.9,50.7,1.09
2026-04-03 10:00:00,0.878,0.0,22.8,83.9,50.0,1.01
2026-04-03 11:00:00,0.883,0.0,22.0,85.6,49.1,1.1
2026-04-03 12:00:00,0.885,0.0,20.4,86.2,48.4,1.2
2026-04-03 13:00:00,0.883,0.0,19.3,85.7,46.9,1.02
2026-04-03 14:00:00,0.886,0.0,17.9,88.4,46.1,1.18
2026-04-03 15:00:00,0.878,0.0,17.0,89.4,45.9,1.09
2026-04-03 16:00:00,0.871,0.0,16.8,90.0,45.3,1.05
2026-04-03 17:00:00,0.875,0.0,16.6,90.9,44.9,0.95
2026-04-03 18:00:00,0.872,0.0,16.0,90.8,45.3,1.12
2026-04-03 19:00:00,0.877,0.0,16.5,90.3,45.6,1.19
2026-04-03 20:00:00,0.877,0.0,16.7,89.4,45.4,0.94
2026-04-03 21:00:00,0.874,0.0,17.1,87.2,46.6,1.15
2026-04-03 22:00:00,0.879,0.0,18.4,88.4,45.9,1.05
2026-04-03 23:00:00,0.881,0.0,19.8,87.2,47.1,1.15
2026-04-04 00:00:00,0.886,0.0,20.5,86.3,47.6,1.27
2026-04-04 01:00:00,0.878,0.0,22.1,83.7,47.8,0.98
2026-04-04 02:00:00,0.878,0.0,22.0,82.9,49.5,1.1
2026-04-04 03:00:00,0.875,0.0,23.9,84.2,50.1,0.98
2026-04-04 04:00:00,0.882,0.0,24.4,82.5,51.4,1.11
2026-04-04 05:00:00,0.88,0.0,24.8,82.8,51.2,1.04
2026-04-04 06:00:00,0.879,0.0,25.0,82.0,50.5,1.02
2026-04-04 07:00:00,0.884,0.0,24.3,82.2,51.8,1.22
2026-04-04 08:00:00,0.871,0.0,24.3,83.5,51.2,0.94
2026-04-04 09:00:00,0.873,0.0,23.8,82.7,50.4,0.98
2026-04-04 10:00:00,0.88,0.0,23.2,84.1,49.4,0.98
2026-04-04 11:00:00,0.875,0.0,21.5,84.5,48.3,0.98
2026-04-04 12:00:00,0.881,0.0,20.3,85.6,47.8,1.11
2026-04-04 13:00:00,0.876,0.0,19.2,86.7,47.8,1.08
2026-04-04 14:00:00,0.877,0.0,18.5,88.2,47.4,1.05
2026-04-04 15:00:00,0.888,0.0,17.4,88.3,46.7,1.28
2026-04-04 16:00:00,0.874,0.0,16.4,90.7,45.2,1.11
2026-04-04 17:00:00,0.884,0.0,16.3,89.0,44.5,1.04
2026-04-04 18:00:00,0.884,0.0,16.0,89.8,45.1,1.26
2026-04-04 19:00:00,0.874,0.0,16.4,89.4,44.2,0.98
2026-04-04 20:00:00,0.885,0.0,16.4,90.9,45.6,1.17
2026-04-04 21:00:00,0.883,0.0,17.2,89.0,45.8,1.15
2026-04-04 22:00:00,0.882,0.0,18.1,89.0,46.3,1.01
2026-04-04 23:00:00,0.885,0.0,18.9,85.5,46.4,1.24
2026-04-05 00:00:00,0.879,0.0,20.6,86.3,48.3,1.09
2026-04-05 01:00:00,0.872,0.0,21.7,85.9,48.5,1.07
2026-04-05 02:00:00,0.883,0.0,22.8,84.1,48.9,1.12
2026-04-05 03:00:00,0.886,0.0,23.6,84.2,48.7,1.12
2026-04-05 04:00:00,0.883,0.0,24.0,82.0,50.6,1.04
2026-04-05 05:00:00,0.88,0.0,24.7,83.5,51.8,1.08
2026-04-05 06:00:00,0.881,0.0,24.9,84.3,51.8,1.08
2026-04-05 07:00:00,0.879,0.0,24.6,81.8,50.7,1.16
2026-04-05 08:00:00,0.878,0.0,24.3,82.1,50.3,0.95
2026-04-05 09:00:00,0.889,0.0,23.8,84.6,50.4,1.29
2026-04-05 10:00:00,0.874,0.0,23.3,85.6,49.0,1.1
2026-04-05 11:00:00,0.877,0.0,21.7,84.4,48.9,1.1
2026-04-05 12:00:00,0.881,0.0,20.6,85.6,48.4,1.09
2026-04-05 13:00:00,0.876,0.0,19.3,86.8,47.8,1.01
2026-04-05 14:00:00,0.875,0.0,17.7,86.7,46.4,0.99
2026-04-05 15:00:00,0.88,0.0,17.3,87.9,45.8,1.04
2026-04-05 16:00:00,0.883,0.0,16.6,88.5,45.0,1.25
2026-04-05 17:00:00,0.877,0.0,16.9,89.1,44.7,1.09
2026-04-05 18:00:00,0.882,0.0,15.9,90.0,44.9,1.16
2026-04-05 19:00:00,0.88,0.0,16.2,90.1,45.3,1.16
2026-04-05 20:00:00,0.882,0.0,16.6,91.0,45.9,1.02
2026-04-05 21:00:00,0.884,0.0,17.0,87.8,45.5,1.21
2026-04-05 22:00:00,0.876,0.0,18.6,89.0,47.2,1.07
2026-04-05 23:00:00,0.883,0.0,19.6,86.8,47.1,1.11
2026-04-06 00:00:00,0.885,0.0,20.7,86.0,48.0,1.34
2026-04-06 01:00:00,0.876,0.0,21.4,85.6,48.4,0.95
2026-04-06 02:00:00,0.882,0.0,23.2,82.9,48.3,1.17
2026-04-06 03:00:00,0.879,0.0,23.3,83.6,50.6,1.21
2026-04-06 04:00:00,0.873,0.0,24.6,82.7,51.0,1.1
2026-04-06 05:00:00,0.877,0.0,25.5,82.6,50.8,1.21
2026-04-06 06:00:00,0.89,0.0,24.7,82.3,51.0,1.13
2026-04-06 07:00:00,0.877,0.0,24.7,84.6,51.2,1.14
2026-04-06 08:00:00,0.878,0.0,24.4,81.9,49.8,1.08
2026-04-06 09:00:00,0.88,0.0,23.5,82.6,49.9,0.95
2026-04-06 10:00:00,0.88,0.0,22.3,83.4,49.9,1.04
2026-04-06 11:00:00,0.878,0.0,21.7,84.4,48.1,1.19
2026-04-06 12:00:00,0.874,0.0,20.2,85.4,48.1,1.11
2026-04-06 13:00:00,0.879,0.0,19.5,88.2,46.5,1.07
2026-04-06 14:00:00,0.884,0.0,18.0,89.4,46.7,1.16
2026-04-06 15:00:00,0.883,0.0,17.8,88.3,45.9,1.2
2026-04-06 16:00:00,0.878,0.0,16.4,88.6,44.6,1.04
2026-04-06 17:00:00,0.875,0.0,16.1,90.3,45.7,0.99
2026-04-06 18:00:00,0.895,0.0,16.2,89.4,44.6,1.33
2026-04-06 19:00:00,0.873,0.0,15.8,90.5,44.7,0.93
2026-04-06 20:00:00,0.882,0.0,16.7,89.7,45.5,1.17
2026-04-06 21:00:00,0.883,0.0,17.7,87.3,46.5,1.1
2026-04-06 22:00:00,0.879,0.0,17.8,89.5,46.0,1.12
2026-04-06 23:00:00,0.88,0.0,19.4,88.8,47.3,0.93
2026-04-07 00:00:00,0.879,0.0,20.6,85.4,48.2,1.02
2026-04-07 01:00:00,0.881,0.0,21.9,84.6,49.1,1.35
2026-04-07 02:00:00,0.882,0.0,22.4,84.3,49.6,1.09
2026-04-07 03:00:00,0.885,0.0,23.3,83.5,49.9,1.18
2026-04-07 04:00:00,0.882,0.0,24.6,83.2,50.2,1.17
2026-04-07 05:00:00,0.89,0.0,24.9,84.1,50.9,1.1
2026-04-07 06:00:00,0.882,0.0,25.1,81.8,50.5,1.05
2026-04-07 07:00:00,0.883,0.0,25.0,81.3,49.4,1.05
2026-04-07 08:00:00,0.878,0.0,24.2,81.2,50.8,1.06
2026-04-07 09:00:00,0.885,0.0,23.8,82.4,50.6,1.22
2026-04-07 10:00:00,0.874,0.0,22.8,84.0,48.3,1.05
2026-04-07 11:00:00,0.876,0.0,21.5,86.8,48.3,0.97
2026-04-07 12:00:00,0.879,0.0,21.1,85.5,48.3,1.07
2026-04-07 13:00:00,0.892,0.0,19.5,87.3,48.3,1.24
2026-04-07 14:00:00,0.873,0.0,17.9,88.0,46.5,0.99
2026-04-07 15:00:00,0.885,0.0,17.5,90.0,45.5,1.31
2026-04-07 16:00:00,0.872,0.0,16.3,92.0,45.3,0.88
2026-04-07 17:00:00,0.889,0.0,16.4,89.3,45.8,1.22
2026-04-07 18:00:00,0.876,0.0,16.3,89.5,44.7,1.1
2026-04-07 19:00:00,0.867,0.0,15.9,90.9,44.7,0.98
2026-04-07 20:00:00,0.882,0.0,16.9,90.1,45.2,1.19
2026-04-07 21:00:00,0.875,0.0,17.4,90.7,45.4,1.06
2026-04-07 22:00:00,0.875,0.0,18.5,88.6,46.6,1.08
2026-04-07 23:00:00,0.876,0.0,19.9,86.7,48.0,1.03
2026-04-08 00:00:00,0.875,0.0,20.4,86.6,48.2,1.11
2026-04-08 01:00:00,0.884,0.0,21.4,86.1,48.7,1.12
2026-04-08 02:00:00,0.88,0.0,22.5,84.8,49.4,0.99
2026-04-08 03:00:00,0.879,0.0,23.4,83.7,49.3,1.08
2026-04-08 04:00:00,0.893,0.0,24.4,83.6,51.0,1.13
2026-04-08 05:00:00,0.887,0.0,24.9,83.3,50.9,1.25
2026-04-08 06:00:00,0.881,0.0,25.1,83.4,50.9,1.25
2026-04-08 07:00:00,0.882,0.0,25.1,82.8,52.5,1.15
2026-04-08 08:00:00,0.88,0.0,24.4,82.4,50.7,1.2
2026-04-08 09:00:00,0.885,0.0,24.1,83.3,49.7,1.1
2026-04-08 10:00:00,0.873,0.0,22.7,85.2,49.3,1.02
2026-04-08 11:00:00,0.876,0.0,22.5,84.1,49.4,1.06
2026-04-08 12:00:00,0.886,0.0,20.7,86.4,48.1,1.12
2026-04-08 13:00:00,0.88,0.0,19.1,86.6,46.5,1.1
2026-04-08 14:00:00,0.884,0.0,17.9,88.0,47.0,0.96
2026-04-08 15:00:00,0.877,0.0,17.5,90.1,45.5,1.09
2026-04-08 16:00:00,0.886,0.0,16.5,89.7,46.3,1.11
2026-04-08 17:00:00,0.871,0.0,16.4,89.9,45.6,1.07
2026-04-08 18:00:00,0.877,0.0,16.1,88.6,44.8,0.98
2026-04-08 19:00:00,0.877,0.0,16.1,90.6,45.7,1.06
2026-04-08 20:00:00,0.877,0.0,16.3,90.1,45.4,0.9
2026-04-08 21:00:00,0.884,0.0,16.9,91.0,46.3,1.24
2026-04-08 22:00:00,0.883,0.0,18.1,87.7,46.7,1.04
2026-04-08 23:00:00,0.879,0.0,19.6,87.3,46.8,1.09
2026-04-09 00:00:00,0.883,0.0,20.6,86.2,47.7,1.18
2026-04-09 01:00:00,0.876,0.0,21.3,86.5,49.3,1.07
2026-04-09 02:00:00,0.882,0.0,22.8,83.9,49.3,1.24
2026-04-09 03:00:00,0.884,0.0,23.8,83.5,49.9,1.19
2026-04-09 04:00:00,0.88,0.0,24.1,83.1,50.1,1.22
2026-04-09 05:00:00,0.882,0.0,24.9,82.3,51.1,1.05
2026-04-09 06:00:00,0.887,0.0,25.0,81.6,52.0,1.22
2026-04-09 07:00:00,0.878,0.0,24.5,82.3,50.4,1.04
2026-04-09 08:00:00,0.881,0.0,24.5,83.6,50.6,1.15
2026-04-09 09:00:00,0.881,0.0,23.9,82.1,50.8,1.13
2026-04-09 10:00:00,0.888,0.0,23.1,84.1,49.5,1.26
2026-04-09 11:00:00,0.881,0.0,22.0,84.3,49.0,1.18
2026-04-09 12:00:00,0.875,0.0,20.1,87.2,47.5,1.09
2026-04-09 13:00:00,0.889,0.0,19.1,85.5,47.4,1.16
2026-04-09 14:00:00,0.876,0.0,18.4,87.4,46.4,1.01
2026-04-09 15:00:00,0.875,0.0,17.5,89.2,46.4,0.99
2026-04-09 16:00:00,0.878,0.0,16.8,91.0,46.0,0.97
2026-04-09 17:00:00,0.88,0.0,17.3,89.8,46.4,1.17
2026-04-09 18:00:00,0.875,0.0,16.2,89.4,45.3,1.18
2026-04-09 19:00:00,0.883,0.0,16.5,91.7,45.3,1.21
2026-04-09 20:00:00,0.877,0.0,16.9,88.0,45.5,1.14
2026-04-09 21:00:00,0.875,0.0,17.5,86.6,45.7,1.12
2026-04-09 22:00:00,0.881,0.0,18.2,88.4,46.7,1.15
2026-04-09 23:00:00,0.874,0.0,19.6,86.5,47.1,0.98
2026-04-10 00:00:00,0.883,0.0,20.3,85.0,48.1,1.05
2026-04-10 01:00:00,0.882,0.0,21.6,85.7,49.4,1.01
2026-04-10 02:00:00,0.884,0.0,22.6,84.2,49.0,1.04
2026-04-10 03:00:00,0.883,0.0,23.7,82.6,50.7,1.17
2026-04-10 04:00:00,0.877,0.0,25.1,81.3,51.3,1.12
2026-04-10 05:00:00,0.881,0.0,24.3,83.0,50.8,1.07
2026-04-10 06:00:00,0.875,0.0,25.2,82.7,49.9,0.9
2026-04-10 07:00:00,0.882,0.0,24.4,82.0,50.6,0.99
2026-04-10 08:00:00,0.88,0.0,24.3,84.4,51.2,1.08
2026-04-10 09:00:00,0.883,0.0,24.0,82.1,50.1,1.11
2026-04-10 10:00:00,0.878,0.0,22.8,82.5,49.0,1.14
2026-04-10 11:00:00,0.882,0.0,21.3,84.3,48.5,1.14
2026-04-10 12:00:00,0.882,0.0,20.3,86.0,48.4,1.0
2026-04-10 13:00:00,0.884,0.0,19.5,87.3,47.5,1.18
2026-04-10 14:00:00,0.875,0.0,18.0,87.8,46.4,1.03
2026-04-10 15:00:00,0.88,0.0,17.4,89.2,45.7,1.09
2026-04-10 16:00:00,0.882,0.0,16.6,88.2,45.2,1.23
2026-04-10 17:00:00,0.885,0.0,16.0,91.3,44.6,1.04
2026-04-10 18:00:00,0.883,0.0,16.6,89.9,45.8,1.23
2026-04-10 19:00:00,0.882,0.0,16.3,91.0,44.9,1.2
2026-04-10 20:00:00,0.89,0.0,16.0,89.8,46.0,1.27
2026-04-10 21:00:00,0.881,0.0,17.4,89.3,46.6,1.19
2026-04-10 22:00:00,0.881,0.0,18.1,88.6,47.0,1.11
2026-04-10 23:00:00,0.878,0.0,19.6,87.5,47.0,1.21
2026-04-11 00:00:00,0.876,0.0,20.3,86.6,48.2,1.19
2026-04-11 01:00:00,0.882,0.0,21.6,86.3,48.8,1.01
2026-04-11 02:00:00,0.882,0.0,22.9,84.2,49.0,0.95
2026-04-11 03:00:00,0.883,0.0,23.9,83.9,50.3,1.2
2026-04-11 04:00:00,0.877,0.0,24.0,82.4,50.0,1.08
2026-04-11 05:00:00,0.89,0.0,24.7,83.6,51.5,1.15
2026-04-11 06:00:00,0.875,0.0,24.9,81.3,50.8,1.17
2026-04-11 07:00:00,0.89,0.0,24.7,83.9,51.0,1.19
2026-04-11 08:00:00,0.885,0.0,24.9,82.5,50.7,1.25
2026-04-11 09:00:00,0.876,0.0,23.8,81.7,50.0,1.03
2026-04-11 10:00:00,0.886,0.0,22.4,84.1,49.8,1.29
2026-04-11 11:00:00,0.883,0.0,21.9,84.3,48.5,1.05
2026-04-11 12:00:00,0.89,0.0,21.1,86.8,48.4,1.15
2026-04-11 13:00:00,0.878,0.0,19.6,86.4,46.6,1.11
2026-04-11 14:00:00,0.888,0.0,17.8,87.6,46.6,1.24
2026-04-11 15:00:00,0.86,0.26,17.2,86.9,46.8,1.11
2026-04-11 16:00:00,0.828,0.11,17.0,89.0,44.9,0.84
2026-04-11 17:00:00,0.819,0.79,15.9,87.4,44.8,1.01
2026-04-11 18:00:00,0.881,0.0,16.1,88.4,45.3,1.02
2026-04-11 19:00:00,0.882,0.0,16.4,90.6,45.2,1.1
2026-04-11 20:00:00,0.889,0.0,16.3,90.2,45.6,1.3
2026-04-11 21:00:00,0.878,0.0,17.3,89.3,46.1,1.07
2026-04-11 22:00:00,0.88,0.0,17.3,87.0,46.8,1.06
2026-04-11 23:00:00,0.881,0.0,19.0,87.0,47.8,1.05
2026-04-12 00:00:00,0.874,0.0,20.4,86.0,48.2,1.1
2026-04-12 01:00:00,0.883,0.0,21.3,83.8,48.7,1.06
2026-04-12 02:00:00,0.884,0.0,23.2,85.5,49.8,1.09
2026-04-12 03:00:00,0.881,0.0,23.3,84.0,51.1,1.18
2026-04-12 04:00:00,0.88,0.0,24.3,82.3,50.5,1.13
2026-04-12 05:00:00,0.877,0.0,24.9,82.2,50.4,1.06
2026-04-12 06:00:00,0.879,0.0,25.4,82.2,51.6,1.03
2026-04-12 07:00:00,0.879,0.0,24.4,80.1,50.8,0.97
2026-04-12 08:00:00,0.878,0.0,24.7,82.3,49.5,1.06
2026-04-12 09:00:00,0.879,0.0,23.7,82.5,50.5,1.07
2026-04-12 10:00:00,0.88,0.0,22.5,83.0,49.2,1.14
2026-04-12 11:00:00,0.884,0.0,21.8,84.7,48.7,1.09
2026-04-12 12:00:00,0.874,0.0,20.6,87.8,48.2,0.96
2026-04-12 13:00:00,0.878,0.0,19.2,87.7,47.3,1.05
2026-04-12 14:00:00,0.876,0.0,18.3,87.4,46.9,0.96
2026-04-12 15:00:00,0.878,0.0,17.2,89.4,45.7,1.09
2026-04-12 16:00:00,0.883,0.0,16.6,90.9,45.7,1.08
2026-04-12 17:00:00,0.878,0.0,16.4,90.8,45.0,1.01
2026-04-12 18:00:00,0.88,0.0,16.5,90.1,45.4,1.03
2026-04-12 19:00:00,0.883,0.0,15.8,89.2,45.4,0.98
2026-04-12 20:00:00,0.878,0.0,17.2,90.2,44.9,1.11
2026-04-12 21:00:00,0.881,0.0,16.7,89.2,46.4,1.32
2026-04-12 22:00:00,0.882,0.0,18.2,88.9,46.2,1.04
2026-04-12 23:00:00,0.88,0.0,19.5,87.7,47.6,0.95
2026-04-13 00:00:00,0.88,0.0,20.6,87.0,48.2,1.03
2026-04-13 01:00:00,0.885,0.0,21.5,84.4,49.7,1.1
2026-04-13 02:00:00,0.879,0.0,22.7,85.3,49.4,1.04
2026-04-13 03:00:00,0.889,0.0,23.5,83.4,49.9,1.15
2026-04-13 04:00:00,0.889,0.0,24.2,84.6,50.6,1.25
2026-04-13 05:00:00,0.882,0.0,25.1,81.4,50.7,1.15
2026-04-13 06:00:00,0.882,0.0,25.1,83.7,51.4,0.96
2026-04-13 07:00:00,0.879,0.0,24.6,82.3,50.1,1.16
2026-04-13 08:00:00,0.88,0.0,24.7,81.9,50.1,0.99
2026-04-13 09:00:00,0.88,0.0,23.8,82.7,49.6,1.23
2026-04-13 10:00:00,0.886,0.0,23.0,83.7,50.0,1.15
2026-04-13 11:00:00,0.885,0.0,21.9,85.4,49.6,1.11
2026-04-13 12:00:00,0.871,0.0,20.3,86.5,47.9,0.95
2026-04-13 13:00:00,0.888,0.0,19.2,86.5,47.1,1.15
2026-04-13 14:00:00,0.879,0.0,18.5,88.0,46.5,1.07
2026-04-13 15:00:00,0.912,1.15,17.5,91.0,46.5,2.21
2026-04-13 16:00:00,0.912,0.68,16.6,91.2,44.9,1.79
2026-04-13 17:00:00,0.885,0.37,16.2,90.3,45.2,1.25
2026-04-13 18:00:00,0.887,0.0,16.4,90.0,45.5,1.07
2026-04-13 19:00:00,0.881,0.0,16.0,90.0,45.4,1.02
2026-04-13 20:00:00,0.877,0.0,16.8,90.1,45.5,1.01
2026-04-13 21:00:00,0.877,0.0,17.3,87.8,46.4,1.03
2026-04-13 22:00:00,0.877,0.0,18.2,87.7,45.1,1.14
2026-04-13 23:00:00,0.874,0.0,19.7,85.4,47.6,1.07
2026-04-14 00:00:00,0.886,0.0,20.7,86.4,47.7,1.11
2026-04-14 01:00:00,0.876,0.0,21.9,85.6,47.9,1.05
2026-04-14 02:00:00,0.886,0.0,23.1,83.5,49.8,1.17
2026-04-14 03:00:00,0.877,0.0,23.7,84.7,50.8,1.11
2026-04-14 04:00:00,0.874,0.0,24.6,81.3,50.5,1.1
2026-04-14 05:00:00,0.882,0.0,24.8,80.7,51.4,1.09
2026-04-14 06:00:00,0.876,0.0,25.1,82.2,51.8,0.99
2026-04-14 07:00:00,0.883,0.0,24.8,83.2,51.6,1.22
2026-04-14 08:00:00,0.877,0.0,24.4,84.2,51.4,1.11
2026-04-14 09:00:00,0.87,0.0,23.9,82.7,50.5,0.96
2026-04-14 10:00:00,0.88,0.0,22.5,85.1,49.5,1.03
2026-04-14 11:00:00,0.875,0.0,22.3,84.9,48.0,1.0
2026-04-14 12:00:00,0.881,0.0,20.2,85.8,47.9,1.1
2026-04-14 13:00:00,0.869,0.0,19.0,87.9,46.8,0.83
2026-04-14 14:00:00,0.877,0.0,18.6,88.7,47.6,1.11
2026-04-14 15:00:00,0.866,0.0,17.6,87.3,45.8,0.94
2026-04-14 16:00:00,0.877,0.0,16.8,90.9,45.5,1.19
2026-04-14 17:00:00,0.878,0.0,16.3,91.2,45.4,1.11
2026-04-14 18:00:00,0.881,0.0,16.0,89.4,45.0,0.94
2026-04-14 19:00:00,0.884,0.0,15.9,90.3,45.9,1.15
2026-04-14 20:00:00,0.883,0.0,16.6,90.0,45.1,1.44
2026-04-14 21:00:00,0.87,0.0,17.1,89.1,46.0,1.14
2026-04-14 22:00:00,0.879,0.0,18.5,87.4,46.1,1.11
2026-04-14 23:00:00,0.88,0.0,19.3,86.4,46.6,1.06
2026-04-15 00:00:00,0.877,0.0,20.3,86.0,47.7,1.1
2026-04-15 01:00:00,0.872,0.0,21.6,86.1,48.8,1.09
2026-04-15 02:00:00,0.878,0.0,22.9,84.5,49.3,0.99
2026-04-15 03:00:00,0.878,0.0,23.5,82.8,49.8,1.18
2026-04-15 04:00:00,0.877,0.0,24.2,83.3,49.9,1.1
2026-04-15 05:00:00,0.876,0.0,24.9,79.3,50.9,1.13
2026-04-15 06:00:00,0.883,0.0,25.1,83.1,50.2,1.28
2026-04-15 07:00:00,0.879,0.0,24.7,80.4,51.3,1.15
2026-04-15 08:00:00,0.88,0.0,24.3,82.2,50.6,1.21
2026-04-15 09:00:00,0.876,0.0,23.8,82.1,49.4,1.13
2026-04-15 10:00:00,0.879,0.0,22.3,82.7,49.3,1.09
2026-04-15 11:00:00,0.88,0.0,21.2,86.1,48.4,1.12
2026-04-15 12:00:00,0.879,0.0,20.3,85.5,48.2,1.11
2026-04-15 13:00:00,0.888,0.0,19.3,87.4,47.9,1.25
2026-04-15 14:00:00,0.884,0.0,18.3,88.0,45.6,1.1
2026-04-15 15:00:00,0.876,0.0,17.8,89.3,45.9,1.14
2026-04-15 16:00:00,0.884,0.0,16.9,89.5,45.3,1.26
2026-04-15 17:00:00,0.877,0.0,16.1,88.6,45.4,1.05
2026-04-15 18:00:00,0.872,0.0,16.0,91.0,45.1,0.99
2026-04-15 19:00:00,0.885,0.0,15.9,89.4,44.7,1.11
2026-04-15 20:00:00,0.883,0.0,16.6,87.9,45.2,1.11
2026-04-15 21:00:00,0.882,0.0,17.2,88.4,45.5,1.02
2026-04-15 22:00:00,0.88,0.0,18.3,89.5,47.0,0.86
2026-04-15 23:00:00,0.879,0.0,19.1,87.9,47.2,0.96
2026-04-16 00:00:00,0.886,0.0,20.7,85.7,49.0,1.22
2026-04-16 01:00:00,0.882,0.0,22.1,84.6,48.7,1.24
2026-04-16 02:00:00,0.875,0.0,22.7,83.7,49.1,1.2
2026-04-16 03:00:00,0.885,0.0,23.8,85.2,49.4,1.12
2026-04-16 04:00:00,0.886,0.0,24.6,82.9,49.7,1.06
2026-04-16 05:00:00,0.876,0.0,24.7,82.6,50.1,1.01
2026-04-16 06:00:00,0.877,0.0,25.1,83.0,51.1,0.99
2026-04-16 07:00:00,0.886,0.0,24.9,82.4,51.2,1.13
2026-04-16 08:00:00,0.882,0.0,24.4,82.3,49.8,1.07
2026-04-16 09:00:00,0.871,0.0,23.5,83.0,50.6,1.04
2026-04-16 10:00:00,0.87,0.0,22.8,83.9,49.3,1.01
2026-04-16 11:00:00,0.873,0.0,21.8,84.9,48.8,1.2
2026-04-16 12:00:00,0.885,0.0,20.9,86.7,48.8,1.15
2026-04-16 13:00:00,0.886,0.0,19.6,87.1,47.7,1.09
2026-04-16 14:00:00,0.883,0.0,18.9,88.7,46.4,1.14
2026-04-16 15:00:00,0.866,0.4,17.1,88.7,45.4,1.32
2026-04-16 16:00:00,0.882,0.99,16.9,89.5,44.3,1.73
2026-04-16 17:00:00,0.865,0.61,16.2,87.9,44.7,1.25
2026-04-16 18:00:00,0.879,0.0,16.7,90.9,44.9,1.1
2026-04-16 19:00:00,0.874,0.0,15.9,90.2,44.6,1.24
2026-04-16 20:00:00,0.888,0.0,16.4,90.5,45.3,1.22
2026-04-16 21:00:00,0.88,0.0,17.1,85.9,45.9,1.09
2026-04-16 22:00:00,0.875,0.0,17.6,90.1,46.4,1.06
2026-04-16 23:00:00,0.881,0.0,19.2,86.9,46.9,1.01
2026-04-17 00:00:00,0.882,0.0,20.3,87.1,48.1,1.1
2026-04-17 01:00:00,0.87,0.0,21.7,83.9,49.0,0.95
2026-04-17 02:00:00,0.878,0.0,22.9,84.6,49.0,1.23
2026-04-17 03:00:00,0.883,0.0,24.2,82.1,50.8,1.02
2026-04-17 04:00:00,0.882,0.0,24.7,81.9,50.5,1.0
2026-04-17 05:00:00,0.885,0.0,24.7,84.1,50.9,1.11
2026-04-17 06:00:00,0.88,0.0,24.7,81.8,51.4,1.2
2026-04-17 07:00:00,0.874,0.0,25.0,82.4,51.0,0.93
2026-04-17 08:00:00,0.877,0.0,24.0,83.4,51.1,1.16
2026-04-17 09:00:00,0.872,0.0,24.2,83.7,50.3,0.81
2026-04-17 10:00:00,0.878,0.0,23.1,84.2,49.2,1.12
2026-04-17 11:00:00,0.886,0.0,21.5,85.3,49.0,1.12
2026-04-17 12:00:00,0.878,0.0,20.0,88.4,47.4,1.17
2026-04-17 13:00:00,0.871,0.0,19.7,87.0,47.3,0.98
2026-04-17 14:00:00,0.881,0.0,18.2,88.2,46.5,1.14
2026-04-17 15:00:00,0.877,0.0,17.7,89.9,45.8,1.08
2026-04-17 16:00:00,0.868,0.0,16.1,90.6,45.3,0.94
2026-04-17 17:00:00,0.882,0.0,16.0,91.1,44.2,1.04
2026-04-17 18:00:00,0.88,0.0,16.0,90.6,44.7,1.14
2026-04-17 19:00:00,0.878,0.0,16.2,88.7,45.1,1.1
2026-04-17 20:00:00,0.875,0.0,16.5,91.1,45.5,1.04
2026-04-17 21:00:00,0.883,0.0,17.5,87.7,45.4,1.14
2026-04-17 22:00:00,0.877,0.0,17.9,88.3,47.1,1.09
2026-04-17 23:00:00,0.884,0.0,19.3,86.3,46.8,0.97
2026-04-18 00:00:00,0.886,0.0,20.5,85.9,48.5,1.13
2026-04-18 01:00:00,0.882,0.0,21.8,85.3,49.0,1.21
2026-04-18 02:00:00,0.873,0.0,23.0,84.3,49.2,0.98
2026-04-18 03:00:00,0.879,0.0,23.3,83.6,51.0,1.02
2026-04-18 04:00:00,0.889,0.0,23.9,84.1,50.0,1.11
2026-04-18 05:00:00,0.877,0.0,25.2,82.6,51.4,1.09
2026-04-18 06:00:00,0.874,0.0,25.1,81.8,51.5,1.01
2026-04-18 07:00:00,0.882,0.0,24.6,83.1,50.6,1.09
2026-04-18 08:00:00,0.88,0.0,24.9,83.7,51.3,1.05
2026-04-18 09:00:00,0.872,0.0,23.7,81.9,50.0,1.06
2026-04-18 10:00:00,0.889,0.0,23.1,84.6,49.6,1.18
2026-04-18 11:00:00,0.881,0.0,21.7,85.7,48.9,1.17
2026-04-18 12:00:00,0.874,0.0,21.1,85.7,47.9,1.18
2026-04-18 13:00:00,0.881,0.0,19.9,88.4,47.6,1.24
2026-04-18 14:00:00,0.876,0.0,18.2,87.8,46.9,1.21
2026-04-18 15:00:00,0.884,0.0,17.6,89.0,45.0,1.18
2026-04-18 16:00:00,0.881,0.0,16.8,89.3,46.1,1.09
2026-04-18 17:00:00,0.886,0.0,16.6,89.9,44.3,1.17
2026-04-18 18:00:00,0.87,0.0,15.7,88.9,45.5,0.92
2026-04-18 19:00:00,0.879,0.0,16.4,88.4,45.7,1.12
2026-04-18 20:00:00,0.88,0.0,16.9,91.1,44.9,1.19
2026-04-18 21:00:00,0.87,0.0,16.8,88.0,45.7,1.02
2026-04-18 22:00:00,0.871,0.0,17.9,87.0,45.9,1.08
2026-04-18 23:00:00,0.88,0.0,18.7,84.9,47.1,1.13
2026-04-19 00:00:00,0.876,0.0,20.4,85.4,47.8,1.16
2026-04-19 01:00:00,0.885,0.0,21.9,83.6,49.2,1.19
2026-04-19 02:00:00,0.879,0.0,23.2,85.6,50.2,1.14
2026-04-19 03:00:00,0.876,0.0,23.7,84.2,50.8,1.14
2026-04-19 04:00:00,0.888,0.0,24.9,81.8,50.3,1.26
2026-04-19 05:00:00,0.876,0.0,24.4,84.4,50.8,1.1
2026-04-19 06:00:00,0.874,0.0,24.5,83.0,50.2,1.09
2026-04-19 07:00:00,0.882,0.0,24.8,81.8,50.5,0.97
2026-04-19 08:00:00,0.874,0.0,24.5,80.0,51.1,1.03
2026-04-19 09:00:00,0.878,0.0,23.7,85.5,50.9,0.99
2026-04-19 10:00:00,0.882,0.0,22.1,82.6,48.9,1.14
2026-04-19 11:00:00,0.879,0.0,21.6,83.3,48.5,1.03
2026-04-19 12:00:00,0.885,0.0,20.1,87.0,48.0,1.28
2026-04-19 13:00:00,0.878,0.0,19.5,89.5,47.4,1.03
2026-04-19 14:00:00,0.882,0.0,18.4,89.4,46.1,1.09
2026-04-19 15:00:00,0.858,0.28,17.0,89.4,46.1,1.13
2026-04-19 16:00:00,0.843,0.59,16.4,90.1,45.2,1.23
2026-04-19 17:00:00,0.834,0.33,15.8,90.7,45.1,0.85
2026-04-19 18:00:00,0.88,0.0,16.0,90.8,45.3,1.09
2026-04-19 19:00:00,0.871,0.0,16.4,90.1,45.1,1.14
2026-04-19 20:00:00,0.88,0.0,16.3,89.6,45.2,1.14
2026-04-19 21:00:00,0.885,0.0,17.5,88.8,45.8,1.06
2026-04-19 22:00:00,0.882,0.0,18.1,87.2,46.5,1.1
2026-04-19 23:00:00,0.884,0.0,19.1,86.8,47.0,0.97
2026-04-20 00:00:00,0.88,0.0,20.5,84.3,47.9,1.05
2026-04-20 01:00:00,0.882,0.0,21.4,84.9,49.6,1.16
2026-04-20 02:00:00,0.876,0.0,22.6,83.0,49.8,1.01
2026-04-20 03:00:00,0.879,0.0,23.3,82.1,50.0,1.02
2026-04-20 04:00:00,0.884,0.0,25.0,82.7,50.9,1.11
2026-04-20 05:00:00,0.865,0.0,24.9,83.5,50.7,0.94
2026-04-20 06:00:00,0.875,0.0,24.8,82.9,51.6,0.92
2026-04-20 07:00:00,0.874,0.0,24.9,80.6,51.1,1.05
2026-04-20 08:00:00,0.887,0.0,24.4,81.5,50.5,1.18
2026-04-20 09:00:00,0.877,0.0,23.6,84.1,50.3,1.11
2026-04-20 10:00:00,0.878,0.0,22.9,83.0,48.7,1.02
2026-04-20 11:00:00,0.874,0.0,21.9,84.7,48.2,0.91
2026-04-20 12:00:00,0.878,0.0,20.3,86.6,47.4,1.1
2026-04-20 13:00:00,0.88,0.0,19.2,86.1,47.3,1.06
2026-04-20 14:00:00,0.875,0.0,18.2,88.1,47.4,1.11
2026-04-20 15:00:00,0.89,1.03,16.6,87.5,47.0,1.86
2026-04-20 16:00:00,0.915,1.18,16.1,88.9,45.7,2.06
2026-04-20 17:00:00,0.925,0.97,16.6,90.2,45.4,2.05
2026-04-20 18:00:00,0.885,0.0,16.5,88.4,44.1,1.19
2026-04-20 19:00:00,0.885,0.0,16.1,90.3,44.8,1.19
2026-04-20 20:00:00,0.874,0.0,16.8,89.4,45.0,1.02
2026-04-20 21:00:00,0.876,0.0,17.4,89.4,45.6,1.17
2026-04-20 22:00:00,0.874,0.0,19.2,88.2,46.4,1.12
2026-04-20 23:00:00,0.884,0.0,19.7,88.4,47.0,1.29
2026-04-21 00:00:00,0.878,0.0,20.5,86.1,47.0,1.14
2026-04-21 01:00:00,0.891,0.0,21.4,84.5,49.2,1.15
2026-04-21 02:00:00,0.872,0.0,22.3,84.1,49.0,0.88
2026-04-21 03:00:00,0.884,0.0,23.7,83.7,50.2,0.98
2026-04-21 04:00:00,0.878,0.0,24.2,82.6,51.6,1.12
2026-04-21 05:00:00,0.881,0.0,24.4,82.2,50.4,1.14
2026-04-21 06:00:00,0.881,0.0,24.8,81.3,49.7,1.21
2026-04-21 07:00:00,0.875,0.0,24.5,81.5,50.8,1.0
2026-04-21 08:00:00,0.876,0.0,24.9,81.1,51.1,1.13
2026-04-21 09:00:00,0.885,0.0,23.9,84.9,51.1,1.18
2026-04-21 10:00:00,0.886,0.0,22.7,82.8,48.9,1.06
2026-04-21 11:00:00,0.888,0.0,22.1,84.3,49.0,1.3
2026-04-21 12:00:00,0.884,0.0,20.5,85.3,47.8,1.28
2026-04-21 13:00:00,0.872,0.0,19.1,87.9,47.2,0.98
2026-04-21 14:00:00,0.876,0.0,18.7,87.7,47.8,1.12
2026-04-21 15:00:00,0.875,0.0,17.5,90.1,45.1,1.11
2026-04-21 16:00:00,0.887,0.0,16.3,88.8,45.5,1.22
2026-04-21 17:00:00,0.881,0.0,16.1,90.1,45.3,1.03
2026-04-21 18:00:00,0.876,0.0,15.7,89.2,45.5,1.16
2026-04-21 19:00:00,0.884,0.0,15.7,92.0,45.2,1.13
2026-04-21 20:00:00,0.878,0.0,16.9,88.3,45.6,0.92
2026-04-21 21:00:00,0.875,0.0,17.9,89.1,45.7,1.2
2026-04-21 22:00:00,0.874,0.0,17.8,88.6,46.6,1.06
2026-04-21 23:00:00,0.885,0.0,19.5,87.4,47.1,1.04
2026-04-22 00:00:00,0.881,0.0,20.3,85.8,48.3,1.18
2026-04-22 01:00:00,0.88,0.0,21.5,84.8,48.6,1.33
2026-04-22 02:00:00,0.872,0.0,22.6,84.0,49.7,1.11
2026-04-22 03:00:00,0.879,0.0,23.4,83.0,50.1,1.15
2026-04-22 04:00:00,0.882,0.0,24.4,83.5,51.2,1.06
2026-04-22 05:00:00,0.881,0.0,24.6,84.3,50.9,0.96
2026-04-22 06:00:00,0.883,0.0,25.1,81.4,50.1,1.15
2026-04-22 07:00:00,0.883,0.0,24.8,80.8,51.5,1.21
2026-04-22 08:00:00,0.882,0.0,24.3,82.4,50.1,1.13
2026-04-22 09:00:00,0.876,0.0,23.4,85.8,49.8,1.0
2026-04-22 10:00:00,0.886,0.0,22.6,83.2,49.2,1.27
2026-04-22 11:00:00,0.879,0.0,21.9,86.6,49.5,1.09
2026-04-22 12:00:00,0.875,0.0,20.7,87.7,46.9,1.15
2026-04-22 13:00:00,0.883,0.0,19.0,86.5,48.8,1.29
2026-04-22 14:00:00,0.876,0.0,18.3,88.6,47.0,1.03
2026-04-22 15:00:00,0.904,1.16,17.5,90.5,46.0,2.06
2026-04-22 16:00:00,0.882,0.32,16.1,89.1,45.4,1.24
2026-04-22 17:00:00,0.909,1.15,16.3,89.7,45.2,2.11
2026-04-22 18:00:00,0.875,0.0,15.8,89.4,45.3,1.17
2026-04-22 19:00:00,0.886,0.0,16.3,88.8,45.4,1.16
2026-04-22 20:00:00,0.88,0.0,16.4,88.8,45.7,1.15
2026-04-22 21:00:00,0.876,0.0,16.8,87.6,45.9,1.06
2026-04-22 22:00:00,0.869,0.0,17.8,88.0,46.4,1.07
2026-04-22 23:00:00,0.872,0.0,19.3,86.3,47.1,1.15
2026-04-23 00:00:00,0.878,0.0,20.6,86.2,47.9,1.07
2026-04-23 01:00:00,0.877,0.0,21.4,83.4,49.3,1.05
2026-04-23 02:00:00,0.887,0.0,22.9,84.3,49.8,0.96
2026-04-23 03:00:00,0.886,0.0,23.2,84.0,48.7,1.18
2026-04-23 04:00:00,0.874,0.0,24.4,80.5,50.9,0.96
2026-04-23 05:00:00,0.888,0.0,24.5,82.5,51.0,1.1
2026-04-23 06:00:00,0.874,0.0,24.8,83.2,51.0,1.14
2026-04-23 07:00:00,0.882,0.0,24.9,80.9,50.7,1.04
2026-04-23 08:00:00,0.881,0.0,24.1,84.2,51.2,1.03
2026-04-23 09:00:00,0.886,0.0,23.6,83.6,50.6,1.23
2026-04-23 10:00:00,0.883,0.0,23.1,83.3,49.1,1.15
2026-04-23 11:00:00,0.889,0.0,21.5,84.9,49.0,1.18
2026-04-23 12:00:00,0.874,0.0,20.8,86.6,47.5,1.08
2026-04-23 13:00:00,0.89,0.0,19.0,87.1,46.5,1.11
2026-04-23 14:00:00,0.878,0.0,18.4,88.5,46.2,1.12
2026-04-23 15:00:00,0.88,0.0,17.8,87.9,46.3,1.02
2026-04-23 16:00:00,0.886,0.0,15.9,89.6,45.9,1.34
2026-04-23 17:00:00,0.881,0.0,15.9,88.4,45.4,1.04
2026-04-23 18:00:00,0.872,0.0,16.2,89.9,45.4,1.05
2026-04-23 19:00:00,0.886,0.0,16.1,89.0,45.4,1.19
2026-04-23 20:00:00,0.88,0.0,16.7,88.7,45.1,1.05
2026-04-23 21:00:00,0.875,0.0,17.1,90.1,46.1,1.12
2026-04-23 22:00:00,0.885,0.0,18.3,89.1,46.9,1.02
2026-04-23 23:00:00,0.888,0.0,19.3,87.6,47.6,1.22
2026-04-24 00:00:00,0.887,0.0,20.9,84.9,79.0,1.06
2026-04-24 01:00:00,0.873,0.0,21.7,84.6,79.9,1.03
2026-04-24 02:00:00,0.883,0.0,22.9,85.2,80.8,1.27
2026-04-24 03:00:00,0.884,0.0,23.6,83.3,82.4,1.11
2026-04-24 04:00:00,0.875,0.0,24.3,84.9,82.3,1.15
2026-04-24 05:00:00,0.875,0.0,24.7,82.5,82.1,1.19
2026-04-24 06:00:00,0.879,0.0,25.1,82.2,82.9,1.21
2026-04-24 07:00:00,0.883,0.0,24.7,81.8,82.2,1.12
2026-04-24 08:00:00,0.877,0.0,24.5,82.7,81.8,1.05
2026-04-24 09:00:00,0.882,0.0,24.3,83.0,81.4,1.13
2026-04-24 10:00:00,0.877,0.0,23.0,84.7,79.9,1.06
2026-04-24 11:00:00,0.88,0.0,21.6,85.9,79.0,0.93
2026-04-24 12:00:00,0.882,0.0,20.9,85.2,76.5,1.04
2026-04-24 13:00:00,1.729,5.91,19.2,85.7,76.9,9.37
2026-04-24 14:00:00,2.141,7.4,17.6,86.2,75.5,9.39
2026-04-24 15:00:00,2.146,5.13,17.0,89.3,73.8,9.66
2026-04-24 16:00:00,2.147,3.43,16.0,88.4,74.2,9.51
2026-04-24 17:00:00,2.152,4.4,16.0,87.7,73.9,9.51
2026-04-24 18:00:00,2.15,5.26,16.0,90.4,71.7,9.4
2026-04-24 19:00:00,2.157,2.4,16.7,92.4,72.6,9.64
2026-04-24 20:00:00,2.142,5.42,16.7,89.5,73.1,9.42
2026-04-24 21:00:00,2.066,0.0,17.3,89.7,73.7,9.42
2026-04-24 22:00:00,1.988,0.0,18.5,88.1,76.2,9.44
2026-04-24 23:00:00,1.913,0.0,18.7,86.9,76.6,9.6
2026-04-25 00:00:00,1.821,0.0,20.6,86.9,77.8,9.58
2026-04-25 01:00:00,1.744,0.0,21.9,84.7,77.7,8.83
2026-04-25 02:00:00,1.652,0.0,22.3,84.3,81.0,8.06
2026-04-25 03:00:00,1.579,0.0,24.0,83.5,80.5,7.4
2026-04-25 04:00:00,1.485,0.0,24.5,81.9,82.4,6.48
2026-04-25 05:00:00,1.411,0.0,24.7,83.1,83.1,5.87
2026-04-25 06:00:00,1.339,0.0,25.2,81.8,84.1,5.12
2026-04-25 07:00:00,1.25,0.0,25.5,81.4,81.8,4.55
2026-04-25 08:00:00,1.177,0.0,24.5,83.1,79.9,3.74
2026-04-25 09:00:00,1.086,0.0,23.8,82.3,81.7,3.0
2026-04-25 10:00:00,1.003,0.0,22.6,84.0,81.9,2.2
2026-04-25 11:00:00,0.922,0.0,21.4,85.0,80.3,1.28
2026-04-25 12:00:00,0.883,0.0,20.7,87.1,78.2,1.14
2026-04-25 13:00:00,1.956,7.4,19.1,87.5,76.3,9.66
2026-04-25 14:00:00,2.147,3.05,18.3,88.0,76.1,9.47
2026-04-25 15:00:00,2.16,6.36,17.2,89.6,73.7,9.43
2026-04-25 16:00:00,2.147,6.99,16.7,90.9,74.1,9.49
2026-04-25 17:00:00,2.154,7.19,16.3,90.4,73.6,9.52
2026-04-25 18:00:00,2.144,7.28,16.3,90.0,73.8,9.46
2026-04-25 19:00:00,2.147,4.87,16.0,88.6,75.4,9.49
2026-04-25 20:00:00,2.152,7.38,16.5,88.4,74.0,9.53
2026-04-25 21:00:00,2.059,0.0,17.0,88.5,74.1,9.59
2026-04-25 22:00:00,1.986,0.0,18.1,87.4,75.5,9.61
2026-04-25 23:00:00,1.905,0.0,19.4,86.8,75.3,9.59
2026-04-26 00:00:00,1.823,0.0,20.7,86.1,77.4,9.61
2026-04-26 01:00:00,1.741,0.0,21.4,85.5,79.0,8.84
2026-04-26 02:00:00,1.667,0.0,23.0,83.9,80.1,8.26
2026-04-26 03:00:00,1.577,0.0,24.1,83.7,81.7,7.27
2026-04-26 04:00:00,1.486,0.0,24.5,82.6,81.7,6.58
2026-04-26 05:00:00,1.412,0.0,25.4,80.2,83.7,5.83
2026-04-26 06:00:00,1.33,0.0,24.8,81.1,83.0,5.28
2026-04-26 07:00:00,1.251,0.0,24.5,82.0,82.8,4.35
2026-04-26 08:00:00,1.165,0.0,23.9,81.3,82.1,3.6
2026-04-26 09:00:00,1.082,0.0,24.1,83.8,81.7,2.88
2026-04-26 10:00:00,1.0,0.0,22.9,85.5,81.2,2.08
2026-04-26 11:00:00,0.919,0.0,21.6,86.2,78.6,1.41
2026-04-26 12:00:00,0.865,0.0,20.6,85.8,77.5,1.13
2026-04-26 13:00:00,1.778,6.17,19.0,88.5,76.5,9.47
2026-04-26 14:00:00,2.15,2.89,19.0,88.1,74.4,9.41
2026-04-26 15:00:00,2.158,4.62,17.4,88.5,73.8,9.65
2026-04-26 16:00:00,2.151,5.95,16.6,88.9,73.3,9.58
2026-04-26 17:00:00,2.151,3.36,16.4,89.6,73.9,9.39
2026-04-26 18:00:00,2.148,5.52,16.1,89.6,73.2,9.51
2026-04-26 19:00:00,2.148,5.67,16.2,90.0,73.3,9.48
2026-04-26 20:00:00,2.15,2.89,16.4,89.6,74.4,9.49
2026-04-26 21:00:00,2.068,0.0,17.5,88.8,74.4,9.42
2026-04-26 22:00:00,1.981,0.0,18.8,88.4,75.8,9.4
2026-04-26 23:00:00,1.908,0.0,19.7,88.2,76.6,9.33
2026-04-27 00:00:00,1.826,0.0,21.0,86.9,78.2,9.61
2026-04-27 01:00:00,1.737,0.0,21.5,83.5,78.8,8.6
2026-04-27 02:00:00,1.654,0.0,22.5,81.4,78.5,8.06
2026-04-27 03:00:00,1.569,0.0,23.6,84.1,81.4,7.26
2026-04-27 04:00:00,1.5,0.0,24.4,81.2,83.5,6.74
2026-04-27 05:00:00,1.406,0.0,25.2,81.9,83.6,5.71
2026-04-27 06:00:00,1.328,0.0,24.5,80.8,83.8,5.11
2026-04-27 07:00:00,1.25,0.0,25.3,80.3,83.8,4.39
2026-04-27 08:00:00,1.169,0.0,24.3,83.1,82.4,3.85
2026-04-27 09:00:00,1.088,0.0,23.6,83.9,81.7,2.97
2026-04-27 10:00:00,1.001,0.0,22.4,83.4,80.0,2.16
2026-04-27 11:00:00,0.926,0.0,21.2,82.4,79.0,1.46
2026-04-27 12:00:00,0.88,0.0,20.7,85.5,78.5,1.11
2026-04-27 13:00:00,1.611,5.11,19.4,87.4,77.7,9.39
2026-04-27 14:00:00,2.152,6.24,17.9,86.5,75.4,9.5
2026-04-27 15:00:00,2.153,4.74,16.9,89.0,74.1,9.46
2026-04-27 16:00:00,2.156,2.07,16.5,89.4,73.7,9.43
2026-04-27 17:00:00,2.159,2.05,16.7,90.4,73.7,9.36
2026-04-27 18:00:00,2.152,3.96,15.9,90.1,71.8,9.54
2026-04-27 19:00:00,2.146,7.09,15.7,88.9,71.3,9.53
2026-04-27 20:00:00,2.156,3.26,16.5,90.7,73.2,9.32
2026-04-27 21:00:00,2.07,0.0,17.2,88.7,73.5,9.3
2026-04-27 22:00:00,1.98,0.0,17.4,88.0,75.1,9.63
2026-04-27 23:00:00,1.9,0.0,19.3,86.1,76.6,9.41
2026-04-28 00:00:00,1.819,0.0,20.4,85.6,77.6,9.67
2026-04-28 01:00:00,1.729,0.0,21.9,84.1,80.5,8.66
2026-04-28 02:00:00,1.664,0.0,23.3,83.8,80.8,8.3
2026-04-28 03:00:00,1.574,0.0,24.0,84.9,81.8,7.25
2026-04-28 04:00:00,1.503,0.0,24.3,81.2,82.8,6.84
2026-04-28 05:00:00,1.414,0.0,24.5,80.5,81.9,5.85
2026-04-28 06:00:00,1.329,0.0,25.8,83.5,83.8,5.13
2026-04-28 07:00:00,1.249,0.0,24.9,81.9,82.8,4.54
2026-04-28 08:00:00,1.17,0.0,24.4,81.9,82.9,3.63
2026-04-28 09:00:00,1.091,0.0,23.7,84.2,80.7,3.02
2026-04-28 10:00:00,1.005,0.0,22.8,83.4,79.3,2.35
2026-04-28 11:00:00,0.914,0.0,21.6,86.8,79.9,1.41
2026-04-28 12:00:00,0.877,0.0,20.3,86.7,78.3,0.95
2026-04-28 13:00:00,1.673,5.49,19.2,86.5,76.0,9.7
2026-04-28 14:00:00,2.112,3.22,18.2,90.2,74.8,9.5
2026-04-28 15:00:00,2.153,3.77,17.2,88.2,75.4,9.51
2026-04-28 16:00:00,2.149,6.66,16.4,90.2,72.7,9.4
2026-04-28 17:00:00,2.151,6.01,16.2,90.2,74.5,9.44
2026-04-28 18:00:00,2.139,2.52,15.9,91.3,72.3,9.6
2026-04-28 19:00:00,2.155,4.36,16.6,91.4,73.7,9.5
2026-04-28 20:00:00,2.151,2.16,15.8,89.5,73.4,9.59
2026-04-28 21:00:00,2.069,0.0,17.6,88.1,74.9,9.57
2026-04-28 22:00:00,1.984,0.0,18.6,88.5,75.1,9.6
2026-04-28 23:00:00,1.904,0.0,18.7,86.4,76.6,9.52
2026-04-29 00:00:00,1.814,0.0,20.4,88.0,78.0,9.52
2026-04-29 01:00:00,1.734,0.0,21.6,85.1,78.5,8.74
2026-04-29 02:00:00,1.652,0.0,22.3,83.6,81.1,7.97
2026-04-29 03:00:00,1.585,0.0,23.4,83.4,81.1,7.55
2026-04-29 04:00:00,1.502,0.0,24.1,81.2,82.1,6.6
2026-04-29 05:00:00,1.411,0.0,25.4,81.2,82.0,5.78
2026-04-29 06:00:00,1.326,0.0,25.3,83.2,81.0,5.04
2026-04-29 07:00:00,1.254,0.0,25.2,81.5,82.7,4.43
2026-04-29 08:00:00,1.171,0.0,24.6,81.5,84.3,3.77
2026-04-29 09:00:00,1.095,0.0,23.3,83.7,82.2,2.92
2026-04-29 10:00:00,1.008,0.0,22.6,85.2,80.5,2.35
2026-04-29 11:00:00,0.915,0.0,21.8,85.7,79.1,1.5
2026-04-29 12:00:00,0.882,0.0,20.1,87.0,78.0,1.1
2026-04-29 13:00:00,1.54,4.64,19.5,86.3,77.1,9.44
2026-04-29 14:00:00,2.16,5.64,18.2,86.6,74.6,9.5
2026-04-29 15:00:00,2.154,2.65,17.2,90.3,75.4,9.44
2026-04-29 16:00:00,2.146,3.59,16.8,89.1,74.2,9.59
2026-04-29 17:00:00,2.143,4.19,16.3,89.6,73.7,9.47
2026-04-29 18:00:00,2.15,7.06,15.9,91.3,73.4,9.51
2026-04-29 19:00:00,2.149,7.46,16.5,90.4,73.2,9.53
2026-04-29 20:00:00,2.153,2.25,16.3,89.9,74.2,9.56
2026-04-29 21:00:00,2.063,0.0,17.5,91.0,74.9,9.48
2026-04-29 22:00:00,1.991,0.0,18.4,87.4,75.2,9.57
2026-04-29 23:00:00,1.896,0.0,19.2,88.0,76.2,9.53
2026-04-30 00:00:00,1.811,0.0,20.6,86.1,78.1,9.48
2026-04-30 01:00:00,1.748,0.0,21.3,85.2,80.5,8.84
2026-04-30 02:00:00,1.652,0.0,23.0,85.5,79.5,8.11
2026-04-30 03:00:00,1.567,0.0,23.6,83.7,80.4,7.23
2026-04-30 04:00:00,1.496,0.0,24.2,83.1,82.5,6.59
2026-04-30 05:00:00,1.41,0.0,25.2,83.2,82.9,5.93
2026-04-30 06:00:00,1.331,0.0,24.8,81.6,83.1,5.18
2026-04-30 07:00:00,1.246,0.0,24.4,81.3,83.0,4.42
2026-04-30 08:00:00,1.165,0.0,23.9,81.5,82.2,3.7
2026-04-30 09:00:00,1.082,0.0,23.9,81.2,82.7,2.9
2026-04-30 10:00:00,0.997,0.0,22.4,86.1,79.2,2.15
2026-04-30 11:00:00,0.916,0.0,22.2,83.9,78.6,1.33
2026-04-30 12:00:00,0.881,0.0,19.9,85.8,77.9,1.13
2026-04-30 13:00:00,1.779,6.19,19.8,86.8,75.4,9.47
2026-04-30 14:00:00,2.152,4.04,18.3,88.3,75.4,9.54
2026-04-30 15:00:00,2.152,4.16,17.3,89.6,75.8,9.43
2026-04-30 16:00:00,2.151,6.15,16.4,90.3,73.7,9.53
2026-04-30 17:00:00,2.15,7.05,16.3,89.3,73.4,9.33
2026-04-30 18:00:00,2.151,7.23,16.0,89.8,72.0,9.68
2026-04-30 19:00:00,2.148,5.17,16.5,90.1,72.7,9.44
2026-04-30 20:00:00,2.152,3.96,16.6,89.2,73.4,9.52
2026-04-30 21:00:00,2.073,0.0,17.4,90.4,74.2,9.4
2026-04-30 22:00:00,1.989,0.0,18.1,88.5,76.5,9.55
2026-04-30 23:00:00,1.902,0.0,19.3,87.8,77.2,9.53
2026-05-01 00:00:00,1.097,0.0,21.2,82.8,73.8,1.61
2026-05-01 01:00:00,1.099,0.0,21.8,79.4,77.0,1.84
2026-05-01 02:00:00,1.097,0.0,22.9,79.3,76.6,1.81
2026-05-01 03:00:00,1.093,0.0,23.9,76.6,79.9,1.71
2026-05-01 04:00:00,1.103,0.0,23.7,75.9,78.0,1.85
2026-05-01 05:00:00,1.087,0.0,24.0,74.1,79.0,1.61
2026-05-01 06:00:00,1.113,0.0,24.8,74.6,80.2,1.9
2026-05-01 07:00:00,1.1,0.0,24.4,74.2,80.5,1.79
2026-05-01 08:00:00,1.113,0.0,23.6,75.3,80.1,2.07
2026-05-01 09:00:00,1.106,0.0,23.5,79.3,78.8,1.77
2026-05-01 10:00:00,1.103,0.0,22.4,77.6,77.8,1.89
2026-05-01 11:00:00,1.094,0.0,21.6,84.4,76.5,1.65
2026-05-01 12:00:00,1.114,0.0,21.1,82.7,75.6,1.92
2026-05-01 13:00:00,1.113,0.0,19.4,83.8,73.5,2.04
2026-05-01 14:00:00,1.23,1.26,18.7,83.7,72.3,4.16
2026-05-01 15:00:00,1.248,0.47,18.5,87.3,72.2,3.78
2026-05-01 16:00:00,1.323,0.63,17.8,86.3,71.4,4.76
2026-05-01 17:00:00,1.368,0.67,18.0,88.0,70.8,5.39
2026-05-01 18:00:00,1.296,0.0,17.4,91.8,71.6,3.9
2026-05-01 19:00:00,1.23,0.0,17.3,87.7,71.9,3.3
2026-05-01 20:00:00,1.145,0.0,18.8,88.9,71.6,2.33
2026-05-01 21:00:00,1.106,0.0,18.6,85.2,73.4,1.84
2026-05-01 22:00:00,1.109,0.0,19.4,84.9,72.1,1.96
2026-05-01 23:00:00,1.117,0.0,19.6,86.2,73.8,1.91
2026-05-02 00:00:00,1.107,0.0,20.8,81.1,74.4,1.77
2026-05-02 01:00:00,1.087,0.0,21.9,83.2,74.5,1.45
2026-05-02 02:00:00,1.104,0.0,22.1,80.1,76.9,1.87
2026-05-02 03:00:00,1.096,0.0,23.4,76.9,77.7,1.58
2026-05-02 04:00:00,1.094,0.0,23.5,77.8,79.7,1.74
2026-05-02 05:00:00,1.106,0.0,24.0,77.7,79.4,1.87
2026-05-02 06:00:00,1.102,0.0,24.0,76.9,78.2,1.78
2026-05-02 07:00:00,1.114,0.0,24.8,73.8,80.3,1.85
2026-05-02 08:00:00,1.094,0.0,23.8,75.7,79.4,1.69
2026-05-02 09:00:00,1.104,0.0,22.8,77.4,78.3,1.74
2026-05-02 10:00:00,1.101,0.0,22.9,78.9,76.8,1.83
2026-05-02 11:00:00,1.094,0.0,21.3,81.4,75.3,1.77
2026-05-02 12:00:00,1.092,0.0,21.1,82.3,74.7,1.6
2026-05-02 13:00:00,1.101,0.0,19.4,81.5,74.8,1.64
2026-05-02 14:00:00,1.225,1.38,18.9,85.6,74.5,4.19
2026-05-02 15:00:00,1.357,1.09,18.8,87.2,73.4,5.35
2026-05-02 16:00:00,1.47,1.26,18.5,88.0,71.1,6.85
2026-05-02 17:00:00,1.632,1.58,18.0,89.4,70.2,8.62
2026-05-02 18:00:00,1.577,0.0,17.8,89.3,71.1,7.05
2026-05-02 19:00:00,1.51,0.0,17.8,88.5,69.7,6.1
2026-05-02 20:00:00,1.421,0.0,17.6,87.1,71.8,5.34
2026-05-02 21:00:00,1.367,0.0,18.4,83.8,72.1,4.82
2026-05-02 22:00:00,1.296,0.0,19.2,85.6,72.6,3.97
2026-05-02 23:00:00,1.222,0.0,20.6,83.9,72.7,3.3
2026-05-03 00:00:00,1.148,0.0,21.1,82.4,75.4,2.36
2026-05-03 01:00:00,1.092,0.0,21.1,78.5,75.6,1.77
2026-05-03 02:00:00,1.092,0.0,22.7,77.4,76.1,1.78
2026-05-03 03:00:00,1.101,0.0,23.1,79.3,75.5,1.98
2026-05-03 04:00:00,1.098,0.0,23.5,76.7,78.4,1.82
2026-05-03 05:00:00,1.094,0.0,24.3,77.2,80.3,1.7
2026-05-03 06:00:00,1.101,0.0,24.6,76.0,80.3,1.66
2026-05-03 07:00:00,1.089,0.0,24.5,76.2,78.5,1.74
2026-05-03 08:00:00,1.099,0.0,23.4,78.2,78.0,1.73
2026-05-03 09:00:00,1.094,0.0,23.1,77.0,78.2,1.67
2026-05-03 10:00:00,1.101,0.0,22.7,79.1,76.2,1.85
2026-05-03 11:00:00,1.083,0.0,22.2,79.8,76.3,1.76
2026-05-03 12:00:00,1.111,0.0,20.8,81.3,75.6,1.69
2026-05-03 13:00:00,1.109,0.0,20.1,83.1,74.9,2.0
2026-05-03 14:00:00,1.192,0.96,19.0,85.3,72.9,3.35
2026-05-03 15:00:00,1.418,2.02,18.3,85.5,72.0,6.69
2026-05-03 16:00:00,1.581,1.59,18.6,89.1,70.8,8.42
2026-05-03 17:00:00,1.82,2.22,18.5,86.5,70.5,9.91
2026-05-03 18:00:00,1.746,0.0,17.8,87.7,70.8,8.82
2026-05-03 19:00:00,1.683,0.0,18.3,87.1,71.4,8.13
2026-05-03 20:00:00,1.606,0.0,18.4,89.4,72.3,7.24
2026-05-03 21:00:00,1.54,0.0,18.5,86.5,71.5,6.65
2026-05-03 22:00:00,1.45,0.0,19.5,86.5,74.2,5.68
2026-05-03 23:00:00,1.403,0.0,20.8,81.3,73.7,5.05
2026-05-04 00:00:00,1.35,0.0,21.0,82.4,75.0,4.65
2026-05-04 01:00:00,1.257,0.0,22.5,81.8,75.4,3.61
2026-05-04 02:00:00,1.207,0.0,21.6,79.1,75.1,2.99
2026-05-04 03:00:00,1.131,0.0,23.6,79.4,78.5,2.18
2026-05-04 04:00:00,1.083,0.0,23.8,76.0,79.1,1.6
2026-05-04 05:00:00,1.098,0.0,24.0,78.3,78.6,1.92
2026-05-04 06:00:00,1.103,0.0,24.2,79.4,79.1,1.8
2026-05-04 07:00:00,1.099,0.0,23.3,75.7,79.3,1.89
2026-05-04 08:00:00,1.099,0.0,23.7,76.1,77.2,1.71
2026-05-04 09:00:00,1.098,0.0,23.4,79.9,77.4,1.87
2026-05-04 10:00:00,1.104,0.0,23.2,81.4,77.6,1.85
2026-05-04 11:00:00,1.102,0.0,21.6,79.7,75.0,1.76
2026-05-04 12:00:00,1.098,0.0,20.7,81.4,75.2,1.72
2026-05-04 13:00:00,1.098,0.0,20.0,83.1,72.9,1.91
2026-05-04 14:00:00,1.172,0.87,19.8,83.0,73.4,3.13
2026-05-04 15:00:00,1.235,0.74,18.9,84.9,72.1,3.65
2026-05-04 16:00:00,1.349,1.08,18.0,85.7,70.2,5.23
2026-05-04 17:00:00,1.51,1.41,18.1,86.6,72.1,7.27
2026-05-04 18:00:00,1.436,0.0,17.8,87.9,70.4,5.6
2026-05-04 19:00:00,1.355,0.0,18.3,88.1,70.5,4.82
2026-05-04 20:00:00,1.29,0.0,17.9,89.5,71.7,4.04
2026-05-04 21:00:00,1.23,0.0,18.6,84.7,73.1,3.27
2026-05-04 22:00:00,1.155,0.0,19.2,86.5,72.2,2.47
2026-05-04 23:00:00,1.091,0.0,19.6,83.2,74.0,1.71
2026-05-05 00:00:00,1.109,0.0,21.1,81.9,75.3,2.05
2026-05-05 01:00:00,1.094,0.0,21.9,81.5,76.6,1.79
2026-05-05 02:00:00,1.101,0.0,22.6,77.3,77.1,1.8
2026-05-05 03:00:00,1.103,0.0,23.2,78.3,77.5,1.85
2026-05-05 04:00:00,1.104,0.0,23.2,77.1,77.8,1.99
2026-05-05 05:00:00,1.106,0.0,23.9,76.9,78.9,1.9
2026-05-05 06:00:00,1.115,0.0,24.1,76.4,78.1,2.08
2026-05-05 07:00:00,1.099,0.0,23.8,79.9,76.5,1.67
2026-05-05 08:00:00,1.092,0.0,23.7,75.8,78.8,1.81
2026-05-05 09:00:00,1.095,0.0,23.4,77.0,78.6,1.64
2026-05-05 10:00:00,1.094,0.0,23.4,78.1,75.1,1.66
2026-05-05 11:00:00,1.107,0.0,21.9,79.6,75.2,1.86
2026-05-05 12:00:00,1.089,0.0,21.1,81.0,75.5,1.68
2026-05-05 13:00:00,1.102,0.0,20.1,85.3,75.6,1.77
2026-05-05 14:00:00,1.213,1.06,18.6,87.1,73.0,3.74
2026-05-05 15:00:00,1.204,0.13,18.7,85.4,71.6,3.09
2026-05-05 16:00:00,1.333,1.29,18.3,85.9,71.4,5.16
2026-05-05 17:00:00,1.395,0.77,18.9,88.5,72.2,5.58
2026-05-05 18:00:00,1.313,0.0,17.7,87.2,70.5,4.26
2026-05-05 19:00:00,1.249,0.0,18.0,88.7,70.5,3.38
2026-05-05 20:00:00,1.178,0.0,18.2,87.5,71.1,2.73
2026-05-05 21:00:00,1.104,0.0,18.3,84.0,71.4,1.91
2026-05-05 22:00:00,1.108,0.0,19.9,87.3,73.1,1.95
2026-05-05 23:00:00,1.106,0.0,20.5,86.2,75.3,1.94
2026-05-06 00:00:00,1.092,0.0,21.3,81.1,75.3,1.86
2026-05-06 01:00:00,1.096,0.0,21.5,79.9,75.8,1.75
2026-05-06 02:00:00,1.097,0.0,23.2,79.4,76.8,1.82
2026-05-06 03:00:00,1.096,0.0,22.7,78.3,76.6,1.76
2026-05-06 04:00:00,1.09,0.0,24.0,77.8,79.2,1.81
2026-05-06 05:00:00,1.105,0.0,25.0,79.2,78.8,1.83
2026-05-06 06:00:00,1.096,0.0,23.8,75.7,78.9,1.82
2026-05-06 07:00:00,1.094,0.0,23.9,75.0,81.4,1.75
2026-05-06 08:00:00,1.109,0.0,23.8,74.7,78.7,1.82
2026-05-06 09:00:00,1.103,0.0,23.1,76.7,77.2,1.86
2026-05-06 10:00:00,1.099,0.0,22.0,79.0,76.7,1.74
2026-05-06 11:00:00,1.11,0.0,21.9,83.1,77.0,1.85
2026-05-06 12:00:00,1.086,0.0,20.6,81.2,75.1,1.7
2026-05-06 13:00:00,1.09,0.0,20.4,83.9,72.8,1.76
2026-05-06 14:00:00,1.152,0.55,19.0,85.0,73.7,2.82
2026-05-06 15:00:00,1.144,0.15,19.4,88.0,71.6,2.59
2026-05-06 16:00:00,1.108,0.0,17.9,91.0,73.0,1.92
2026-05-06 17:00:00,1.13,0.34,17.8,87.0,72.0,2.54
2026-05-06 18:00:00,1.114,0.0,18.1,87.3,70.6,1.91
2026-05-06 19:00:00,1.089,0.0,17.4,89.4,72.2,1.63
2026-05-06 20:00:00,1.106,0.0,18.3,88.2,71.6,1.88
2026-05-06 21:00:00,1.098,0.0,19.3,89.0,72.9,1.84
2026-05-06 22:00:00,1.088,0.0,18.8,85.9,73.4,1.68
2026-05-06 23:00:00,1.109,0.0,20.2,83.0,73.3,1.95
2026-05-07 00:00:00,1.106,0.0,21.1,82.9,74.5,2.02
2026-05-07 01:00:00,1.099,0.0,22.1,82.1,76.9,1.73
2026-05-07 02:00:00,1.11,0.0,22.1,80.2,76.7,2.02
2026-05-07 03:00:00,1.104,0.0,22.7,78.5,77.5,1.83
2026-05-07 04:00:00,1.1,0.0,24.0,78.4,77.7,1.67
2026-05-07 05:00:00,1.109,0.0,24.2,78.0,79.2,2.01
2026-05-07 06:00:00,1.09,0.0,24.3,78.1,80.7,1.77
2026-05-07 07:00:00,1.103,0.0,24.2,77.2,78.0,1.73
2026-05-07 08:00:00,1.09,0.0,23.5,76.6,78.5,1.73
2026-05-07 09:00:00,1.097,0.0,23.4,78.0,79.0,1.95
2026-05-07 10:00:00,1.108,0.0,22.7,80.8,76.9,1.93
2026-05-07 11:00:00,1.104,0.0,21.5,79.2,76.4,1.98
2026-05-07 12:00:00,1.107,0.0,21.7,82.6,74.2,1.92
2026-05-07 13:00:00,1.092,0.0,20.4,83.0,74.3,2.02
2026-05-07 14:00:00,1.196,1.07,18.9,85.0,72.9,3.57
2026-05-07 15:00:00,1.348,1.5,19.0,88.2,73.0,5.63
2026-05-07 16:00:00,1.521,1.53,17.8,87.5,72.5,7.58
2026-05-07 17:00:00,1.655,1.44,18.2,87.9,73.2,9.02
2026-05-07 18:00:00,1.593,0.0,18.3,86.0,71.5,7.21
2026-05-07 19:00:00,1.538,0.0,17.6,88.9,71.4,6.64
2026-05-07 20:00:00,1.464,0.0,18.6,88.2,71.7,5.88
2026-05-07 21:00:00,1.395,0.0,18.9,89.5,71.9,5.01
2026-05-07 22:00:00,1.321,0.0,19.7,84.5,73.3,4.26
2026-05-07 23:00:00,1.247,0.0,20.9,83.9,73.7,3.51
2026-05-08 00:00:00,1.187,0.0,20.9,82.4,75.1,2.77
2026-05-08 01:00:00,1.126,0.0,21.5,82.8,77.1,2.08
2026-05-08 02:00:00,1.099,0.0,22.2,78.9,76.2,1.74
2026-05-08 03:00:00,1.103,0.0,22.9,78.2,78.7,1.86
2026-05-08 04:00:00,1.095,0.0,23.7,77.7,79.5,1.72
2026-05-08 05:00:00,1.095,0.0,24.2,76.5,78.8,1.67
2026-05-08 06:00:00,1.086,0.0,24.3,75.3,77.3,1.62
2026-05-08 07:00:00,1.086,0.0,24.4,76.5,78.4,1.6
2026-05-08 08:00:00,1.095,0.0,23.8,78.4,79.5,1.85
2026-05-08 09:00:00,1.092,0.0,23.8,76.2,77.8,1.63
2026-05-08 10:00:00,1.097,0.0,22.5,79.2,76.2,1.71
2026-05-08 11:00:00,1.111,0.0,22.9,79.4,75.6,1.81
2026-05-08 12:00:00,1.097,0.0,21.3,83.8,75.7,1.8
2026-05-08 13:00:00,1.107,0.0,19.8,81.3,74.4,1.84
2026-05-08 14:00:00,1.114,0.45,19.0,84.2,72.8,2.26
2026-05-08 15:00:00,1.246,1.08,18.9,86.8,71.9,4.19
2026-05-08 16:00:00,1.312,0.83,18.1,89.5,71.2,4.61
2026-05-08 17:00:00,1.391,0.96,18.2,87.7,70.4,5.68
2026-05-08 18:00:00,1.32,0.0,18.0,87.2,72.3,4.3
2026-05-08 19:00:00,1.255,0.0,17.9,90.6,70.9,3.51
2026-05-08 20:00:00,1.178,0.0,17.9,85.0,72.5,2.62
2026-05-08 21:00:00,1.115,0.0,18.1,82.9,73.4,1.73
2026-05-08 22:00:00,1.104,0.0,19.2,85.7,73.8,2.01
2026-05-08 23:00:00,1.109,0.0,20.5,82.8,73.6,1.97
2026-05-09 00:00:00,1.097,0.0,21.1,80.5,75.3,1.84
2026-05-09 01:00:00,1.11,0.0,21.3,81.5,76.0,1.92
2026-05-09 02:00:00,1.091,0.0,22.7,79.4,76.3,1.65
2026-05-09 03:00:00,1.114,0.0,23.4,76.9,78.1,1.94
2026-05-09 04:00:00,1.073,0.0,23.4,74.9,77.5,1.36
2026-05-09 05:00:00,1.097,0.0,24.2,77.5,79.8,1.87
2026-05-09 06:00:00,1.098,0.0,24.2,77.0,78.6,1.88
2026-05-09 07:00:00,1.096,0.0,23.6,76.1,79.0,1.56
2026-05-09 08:00:00,1.096,0.0,23.9,79.6,78.7,1.79
2026-05-09 09:00:00,1.102,0.0,23.5,76.2,77.6,1.7
2026-05-09 10:00:00,1.097,0.0,23.0,76.7,77.5,2.04
2026-05-09 11:00:00,1.09,0.0,22.2,79.4,75.7,1.76
2026-05-09 12:00:00,1.083,0.0,20.4,81.9,75.7,1.7
2026-05-09 13:00:00,1.093,0.0,19.8,83.9,72.9,1.76
2026-05-09 14:00:00,1.113,0.4,19.6,84.6,73.1,2.26
2026-05-09 15:00:00,1.093,0.0,18.9,86.8,73.7,1.65
2026-05-09 16:00:00,1.104,0.0,18.4,85.3,70.7,1.8
2026-05-09 17:00:00,1.103,0.0,19.5,90.0,70.6,1.81
2026-05-09 18:00:00,1.101,0.0,18.0,87.9,71.4,1.85
2026-05-09 19:00:00,1.097,0.0,18.4,89.5,71.3,1.67
2026-05-09 20:00:00,1.096,0.0,18.6,87.7,71.8,1.87
2026-05-09 21:00:00,1.101,0.0,19.0,86.9,72.6,1.73
2026-05-09 22:00:00,1.103,0.0,19.3,85.9,73.5,1.88
2026-05-09 23:00:00,1.104,0.0,20.5,84.2,74.9,1.75
2026-05-10 00:00:00,1.095,0.0,20.7,83.0,75.3,1.67
2026-05-10 01:00:00,1.097,0.0,21.7,82.4,75.8,1.82
2026-05-10 02:00:00,1.102,0.0,22.4,79.3,77.5,1.86
2026-05-10 03:00:00,1.111,0.0,23.3,78.8,79.3,1.99
2026-05-10 04:00:00,1.099,0.0,24.7,76.7,78.4,1.67
2026-05-10 05:00:00,1.094,0.0,23.3,78.4,78.1,1.71
2026-05-10 06:00:00,1.107,0.0,24.5,75.0,79.9,1.87
2026-05-10 07:00:00,1.095,0.0,23.4,78.9,78.8,1.67
2026-05-10 08:00:00,1.099,0.0,23.6,76.7,76.7,1.88
2026-05-10 09:00:00,1.113,0.0,23.7,75.6,78.5,1.92
2026-05-10 10:00:00,1.1,0.0,22.6,79.2,76.6,1.67
2026-05-10 11:00:00,1.116,0.0,21.4,79.4,76.0,1.83
2026-05-10 12:00:00,1.109,0.0,20.7,83.3,75.3,1.87
2026-05-10 13:00:00,1.095,0.0,20.4,82.6,74.1,1.64
2026-05-10 14:00:00,1.174,0.66,19.1,84.3,73.6,3.1
2026-05-10 15:00:00,1.144,0.11,18.8,83.4,71.8,2.46
2026-05-10 16:00:00,1.194,0.66,18.2,86.5,71.9,3.29
2026-05-10 17:00:00,1.246,0.59,17.6,84.2,70.9,3.77
2026-05-10 18:00:00,1.186,0.0,18.7,85.6,71.6,2.73
2026-05-10 19:00:00,1.095,0.0,18.2,88.9,71.6,1.71
2026-05-10 20:00:00,1.102,0.0,17.4,88.4,70.8,1.73
2026-05-10 21:00:00,1.093,0.0,18.8,86.9,73.0,1.67
2026-05-10 22:00:00,1.11,0.0,19.1,83.5,72.6,1.86
2026-05-10 23:00:00,1.111,0.0,20.5,83.5,74.6,1.86
2026-05-11 00:00:00,1.103,0.0,20.7,82.0,75.3,1.78
2026-05-11 01:00:00,1.106,0.0,21.8,78.7,77.5,1.75
2026-05-11 02:00:00,1.106,0.0,22.8,81.3,76.8,1.88
2026-05-11 03:00:00,1.095,0.0,23.6,79.1,77.5,1.73
2026-05-11 04:00:00,1.112,0.0,23.3,76.5,78.4,1.95
2026-05-11 05:00:00,1.094,0.0,24.0,76.2,78.6,1.62
2026-05-11 06:00:00,1.104,0.0,24.0,76.3,79.6,1.86
2026-05-11 07:00:00,1.106,0.0,23.8,73.1,77.6,1.71
2026-05-11 08:00:00,1.091,0.0,24.5,76.4,77.6,1.81
2026-05-11 09:00:00,1.103,0.0,23.4,76.7,77.0,1.88
2026-05-11 10:00:00,1.092,0.0,22.1,77.5,77.8,1.62
2026-05-11 11:00:00,1.108,0.0,22.2,80.0,77.4,1.99
2026-05-11 12:00:00,1.091,0.0,21.8,84.7,74.9,1.58
2026-05-11 13:00:00,1.099,0.0,20.6,84.5,73.8,1.71
2026-05-11 14:00:00,1.107,0.32,18.8,84.1,73.1,1.98
2026-05-11 15:00:00,1.119,0.27,18.5,87.1,73.1,2.09
2026-05-11 16:00:00,1.197,0.89,18.7,89.3,70.8,3.52
2026-05-11 17:00:00,1.278,0.81,17.6,89.2,71.3,4.37
2026-05-11 18:00:00,1.196,0.0,18.0,88.1,71.8,2.85
2026-05-11 19:00:00,1.156,0.0,18.2,86.8,71.5,2.38
2026-05-11 20:00:00,1.107,0.0,17.9,88.2,71.7,1.95
2026-05-11 21:00:00,1.107,0.0,18.7,86.8,73.0,1.89
2026-05-11 22:00:00,1.105,0.0,18.1,86.3,70.8,1.92
2026-05-11 23:00:00,1.105,0.0,19.8,84.5,74.5,1.74
2026-05-12 00:00:00,1.086,0.0,20.9,83.6,74.5,1.49
2026-05-12 01:00:00,1.098,0.0,21.3,79.6,74.6,1.84
2026-05-12 02:00:00,1.091,0.0,23.3,81.0,77.4,1.8
2026-05-12 03:00:00,1.096,0.0,22.7,78.1,78.9,1.71
2026-05-12 04:00:00,1.093,0.0,23.6,79.9,78.4,1.54
2026-05-12 05:00:00,1.102,0.0,24.1,75.2,79.6,1.99
2026-05-12 06:00:00,1.099,0.0,24.8,78.6,80.3,1.61
2026-05-12 07:00:00,1.106,0.0,23.5,76.5,79.9,1.71
2026-05-12 08:00:00,1.09,0.0,24.2,75.8,79.8,1.67
2026-05-12 09:00:00,1.101,0.0,23.3,77.0,78.4,1.71
2026-05-12 10:00:00,1.098,0.0,22.2,78.5,77.1,1.85
2026-05-12 11:00:00,1.107,0.0,22.0,81.1,74.8,2.0
2026-05-12 12:00:00,1.115,0.0,21.1,82.8,74.8,2.05
2026-05-12 13:00:00,1.098,0.0,19.9,82.7,73.3,1.87
2026-05-12 14:00:00,1.141,0.51,19.4,85.0,74.7,2.66
2026-05-12 15:00:00,1.138,0.2,18.6,89.5,72.0,2.26
2026-05-12 16:00:00,1.115,0.09,18.3,89.8,71.6,2.02
2026-05-12 17:00:00,1.184,0.7,18.2,88.5,71.6,3.15
2026-05-12 18:00:00,1.117,0.0,18.4,88.1,71.0,2.2
2026-05-12 19:00:00,1.086,0.0,17.4,88.0,72.5,1.7
2026-05-12 20:00:00,1.099,0.0,19.1,88.1,71.0,1.84
2026-05-12 21:00:00,1.097,0.0,18.0,84.7,72.3,1.75
2026-05-12 22:00:00,1.101,0.0,19.3,84.6,72.4,1.78
2026-05-12 23:00:00,1.088,0.0,20.4,81.1,72.9,1.64
2026-05-13 00:00:00,1.089,0.0,21.1,82.6,74.5,1.74
2026-05-13 01:00:00,1.085,0.0,21.6,81.4,76.0,1.74
2026-05-13 02:00:00,1.103,0.0,22.5,78.3,76.7,1.88
2026-05-13 03:00:00,1.083,0.0,23.1,80.1,77.3,1.58
2026-05-13 04:00:00,1.109,0.0,23.5,75.0,77.3,1.85
2026-05-13 05:00:00,1.091,0.0,24.4,74.0,78.8,1.64
2026-05-13 06:00:00,1.099,0.0,24.3,76.3,77.8,1.71
2026-05-13 07:00:00,1.11,0.0,23.8,77.8,79.5,1.9
2026-05-13 08:00:00,1.096,0.0,24.1,79.3,78.5,1.62
2026-05-13 09:00:00,1.104,0.0,23.4,77.1,76.7,1.89
2026-05-13 10:00:00,1.094,0.0,22.9,80.6,76.8,1.51
2026-05-13 11:00:00,1.103,0.0,22.1,80.4,75.4,1.82
2026-05-13 12:00:00,1.103,0.0,20.7,81.7,75.3,2.03
2026-05-13 13:00:00,1.1,0.0,19.9,84.9,75.0,1.75
2026-05-13 14:00:00,1.151,0.71,19.7,86.0,71.5,2.83
2026-05-13 15:00:00,1.252,0.95,19.0,83.9,72.3,4.15
2026-05-13 16:00:00,1.412,1.43,18.2,89.4,71.4,6.28
2026-05-13 17:00:00,1.493,1.0,18.0,89.9,71.7,6.75
2026-05-13 18:00:00,1.426,0.0,18.3,87.1,71.2,5.3
2026-05-13 19:00:00,1.356,0.0,17.7,88.4,70.5,4.67
2026-05-13 20:00:00,1.284,0.0,18.4,87.9,71.3,3.76
2026-05-13 21:00:00,1.199,0.0,18.7,86.6,71.5,3.0
2026-05-13 22:00:00,1.151,0.0,19.3,84.2,73.9,2.4
2026-05-13 23:00:00,1.088,0.0,20.6,82.5,74.0,1.8
2026-05-14 00:00:00,1.096,0.0,21.3,82.0,76.5,1.73
2026-05-14 01:00:00,1.091,0.0,22.2,82.2,76.0,1.53
2026-05-14 02:00:00,1.109,0.0,23.1,79.8,76.4,2.03
2026-05-14 03:00:00,1.099,0.0,23.3,77.2,76.6,1.72
2026-05-14 04:00:00,1.097,0.0,24.0,78.0,77.0,1.73
2026-05-14 05:00:00,1.09,0.0,24.0,71.9,77.6,1.67
2026-05-14 06:00:00,1.101,0.0,24.3,77.7,79.2,1.92
2026-05-14 07:00:00,1.1,0.0,24.0,73.6,79.3,1.64
2026-05-14 08:00:00,1.103,0.0,23.8,76.3,77.2,1.81
2026-05-14 09:00:00,1.111,0.0,23.5,76.1,78.5,2.06
2026-05-14 10:00:00,1.112,0.0,22.3,77.1,76.6,1.87
2026-05-14 11:00:00,1.116,0.0,22.7,82.2,76.2,2.01
2026-05-14 12:00:00,1.113,0.0,20.6,81.3,76.3,1.89
2026-05-14 13:00:00,1.098,0.0,19.7,84.1,74.7,1.8
2026-05-14 14:00:00,1.122,0.38,19.9,84.9,72.8,2.43
2026-05-14 15:00:00,1.176,0.67,19.1,87.0,71.5,3.22
2026-05-14 16:00:00,1.212,0.45,18.5,87.3,69.8,3.33
2026-05-14 17:00:00,1.142,0.0,18.2,85.9,70.6,2.22
2026-05-14 18:00:00,1.119,0.0,17.8,89.5,70.8,1.74
2026-05-14 19:00:00,1.105,0.0,17.6,87.1,70.3,1.68
2026-05-14 20:00:00,1.098,0.0,18.3,84.9,71.4,1.77
2026-05-14 21:00:00,1.112,0.0,18.5,85.6,72.2,1.86
2026-05-14 22:00:00,1.11,0.0,19.8,87.3,72.8,1.8
2026-05-14 23:00:00,1.111,0.0,20.1,84.8,73.4,1.87
2026-05-15 00:00:00,1.101,0.0,20.7,81.5,75.1,1.77
2026-05-15 01:00:00,1.11,0.0,21.7,79.9,76.4,2.02
2026-05-15 02:00:00,1.104,0.0,22.8,78.5,76.1,1.72
2026-05-15 03:00:00,1.094,0.0,23.0,80.9,79.0,1.63
2026-05-15 04:00:00,1.082,0.0,23.4,77.4,78.4,1.73
2026-05-15 05:00:00,1.097,0.0,24.2,76.8,78.9,1.74
2026-05-15 06:00:00,1.112,0.0,24.3,77.5,79.6,1.88
2026-05-15 07:00:00,1.093,0.0,23.9,76.6,79.1,1.7
2026-05-15 08:00:00,1.091,0.0,23.6,76.4,79.2,1.73
2026-05-15 09:00:00,1.097,0.0,23.4,77.5,78.1,1.72
2026-05-15 10:00:00,1.095,0.0,22.0,78.9,76.5,1.74
2026-05-15 11:00:00,1.101,0.0,21.3,80.4,76.3,1.76
2026-05-15 12:00:00,1.097,0.0,20.7,83.1,74.1,1.76
2026-05-15 13:00:00,1.099,0.0,20.1,83.6,74.1,1.79
2026-05-15 14:00:00,1.159,0.74,19.5,86.1,73.0,3.06
2026-05-15 15:00:00,1.223,0.69,19.3,86.1,72.0,3.58
2026-05-15 16:00:00,1.255,0.45,18.6,87.3,71.4,3.82
2026-05-15 17:00:00,1.233,0.16,17.8,84.8,69.6,3.41
2026-05-15 18:00:00,1.169,0.0,17.8,89.4,70.6,2.66
2026-05-15 19:00:00,1.106,0.0,17.5,88.3,71.2,1.95
2026-05-15 20:00:00,1.095,0.0,18.2,88.7,71.7,1.75
2026-05-15 21:00:00,1.11,0.0,18.6,81.9,71.3,1.88
2026-05-15 22:00:00,1.095,0.0,19.5,88.1,74.0,1.81
2026-05-15 23:00:00,1.105,0.0,19.8,83.3,73.3,1.8
2026-05-16 00:00:00,1.084,0.0,21.2,83.7,75.8,1.56
2026-05-16 01:00:00,1.105,0.0,22.4,78.9,76.4,1.78
2026-05-16 02:00:00,1.1,0.0,22.6,79.9,76.5,1.73
2026-05-16 03:00:00,1.085,0.0,23.4,76.2,79.2,1.56
2026-05-16 04:00:00,1.105,0.0,24.0,75.9,77.5,1.62
2026-05-16 05:00:00,1.102,0.0,23.9,79.1,79.6,1.7
2026-05-16 06:00:00,1.105,0.0,24.3,75.7,79.8,1.92
2026-05-16 07:00:00,1.099,0.0,24.1,76.5,78.3,1.77
2026-05-16 08:00:00,1.094,0.0,23.8,78.1,79.6,1.59
2026-05-16 09:00:00,1.114,0.0,23.0,78.5,77.6,1.86
2026-05-16 10:00:00,1.113,0.0,22.6,79.2,77.2,1.85
2026-05-16 11:00:00,1.104,0.0,22.0,81.0,76.2,1.73
2026-05-16 12:00:00,1.104,0.0,21.6,85.6,74.9,1.81
2026-05-16 13:00:00,1.097,0.0,20.6,83.5,74.6,1.83
2026-05-16 14:00:00,1.186,0.95,20.3,85.3,73.6,3.26
2026-05-16 15:00:00,1.256,0.71,18.4,87.8,70.8,3.9
2026-05-16 16:00:00,1.341,0.92,18.6,88.9,72.6,5.19
2026-05-16 17:00:00,1.433,1.03,18.0,89.6,69.8,6.3
2026-05-16 18:00:00,1.37,0.0,18.7,89.0,71.8,4.71
2026-05-16 19:00:00,1.309,0.0,17.6,86.1,72.0,3.98
2026-05-16 20:00:00,1.225,0.0,17.9,89.6,70.7,3.15
2026-05-16 21:00:00,1.164,0.0,18.5,84.5,71.8,2.61
2026-05-16 22:00:00,1.108,0.0,18.6,85.5,72.1,1.92
2026-05-16 23:00:00,1.098,0.0,20.0,82.4,73.8,1.59
2026-05-17 00:00:00,1.089,0.0,20.7,81.9,74.8,1.86
2026-05-17 01:00:00,1.085,0.0,21.9,80.9,76.7,1.56
2026-05-17 02:00:00,1.109,0.0,22.7,79.5,78.0,1.92
2026-05-17 03:00:00,1.107,0.0,24.0,78.4,78.9,1.94
2026-05-17 04:00:00,1.112,0.0,24.2,79.2,78.0,1.96
2026-05-17 05:00:00,1.105,0.0,23.9,76.9,78.7,1.79
2026-05-17 06:00:00,1.105,0.0,23.8,75.6,77.7,1.81
2026-05-17 07:00:00,1.096,0.0,24.3,77.7,78.2,1.85
2026-05-17 08:00:00,1.107,0.0,23.2,78.6,79.2,2.05
2026-05-17 09:00:00,1.113,0.0,24.0,75.9,79.1,2.03
2026-05-17 10:00:00,1.086,0.0,23.1,79.9,76.0,1.83
2026-05-17 11:00:00,1.107,0.0,21.6,81.5,75.6,1.8
2026-05-17 12:00:00,1.106,0.0,20.3,81.6,75.0,1.76
2026-05-17 13:00:00,1.105,0.0,20.7,85.6,74.2,1.72
2026-05-17 14:00:00,1.363,2.44,19.4,84.8,72.4,6.47
2026-05-17 15:00:00,1.615,2.18,19.2,86.4,72.5,9.02
2026-05-17 16:00:00,1.883,2.53,17.6,86.9,71.2,9.79
2026-05-17 17:00:00,2.157,2.48,17.7,87.8,71.1,10.05
2026-05-17 18:00:00,2.086,0.0,17.8,86.4,71.4,10.0
2026-05-17 19:00:00,2.018,0.0,17.9,85.6,71.1,9.97
2026-05-17 20:00:00,1.951,0.0,18.0,89.6,71.2,9.97
2026-05-17 21:00:00,1.893,0.0,19.0,85.0,72.1,9.78
2026-05-17 22:00:00,1.808,0.0,19.0,83.5,72.9,9.5
2026-05-17 23:00:00,1.745,0.0,20.1,80.3,73.7,8.9
2026-05-18 00:00:00,1.687,0.0,21.0,81.0,74.8,8.46
2026-05-18 01:00:00,1.6,0.0,22.0,78.5,77.3,7.3
2026-05-18 02:00:00,1.539,0.0,22.9,81.5,77.4,6.55
2026-05-18 03:00:00,1.474,0.0,22.8,79.3,77.6,5.89
2026-05-18 04:00:00,1.393,0.0,23.2,75.8,79.0,4.99
2026-05-18 05:00:00,1.325,0.0,24.6,79.6,78.6,4.38
2026-05-18 06:00:00,1.28,0.0,24.3,77.5,79.9,3.8
2026-05-18 07:00:00,1.198,0.0,23.8,75.7,79.2,2.89
2026-05-18 08:00:00,1.138,0.0,24.4,73.1,78.4,2.33
2026-05-18 09:00:00,1.099,0.0,23.3,81.2,78.2,1.82
2026-05-18 10:00:00,1.105,0.0,23.1,76.9,75.7,1.74
2026-05-18 11:00:00,1.11,0.0,21.9,78.0,75.1,2.08
2026-05-18 12:00:00,1.109,0.0,21.8,83.5,74.0,1.78
2026-05-18 13:00:00,1.084,0.0,20.9,87.2,74.1,1.7
2026-05-18 14:00:00,1.414,2.86,19.3,87.1,74.4,7.29
2026-05-18 15:00:00,1.7,2.43,19.1,87.1,74.0,9.93
2026-05-18 16:00:00,1.954,2.45,18.5,88.1,72.0,10.03
2026-05-18 17:00:00,2.196,2.28,18.5,89.1,71.5,9.92
2026-05-18 18:00:00,2.137,0.0,17.4,89.1,69.6,9.97
2026-05-18 19:00:00,2.072,0.0,18.2,88.2,70.7,10.28
2026-05-18 20:00:00,1.999,0.0,18.7,87.4,70.9,9.92
2026-05-18 21:00:00,1.94,0.0,18.0,86.1,71.7,9.84
2026-05-18 22:00:00,1.848,0.0,18.9,83.9,72.9,9.94
2026-05-18 23:00:00,1.788,0.0,19.4,83.1,73.6,9.31
2026-05-19 00:00:00,1.721,0.0,20.9,79.5,73.4,8.66
2026-05-19 01:00:00,1.662,0.0,22.1,80.3,76.6,7.99
2026-05-19 02:00:00,1.58,0.0,23.2,77.5,76.1,7.18
2026-05-19 03:00:00,1.51,0.0,23.3,76.1,78.0,6.14
2026-05-19 04:00:00,1.458,0.0,24.4,77.1,80.1,5.85
2026-05-19 05:00:00,1.374,0.0,23.5,78.3,78.1,4.77
2026-05-19 06:00:00,1.304,0.0,23.5,77.4,77.0,4.08
2026-05-19 07:00:00,1.257,0.0,24.1,73.8,78.6,3.6
2026-05-19 08:00:00,1.183,0.0,23.9,75.3,79.3,2.8
2026-05-19 09:00:00,1.107,0.0,23.2,79.2,79.4,1.99
2026-05-19 10:00:00,1.106,0.0,21.8,77.5,76.0,2.01
2026-05-19 11:00:00,1.096,0.0,21.8,80.1,76.4,1.59
2026-05-19 12:00:00,1.108,0.0,20.5,82.8,74.6,1.93
2026-05-19 13:00:00,1.098,0.0,20.4,82.1,73.9,1.75
2026-05-19 14:00:00,1.272,1.46,19.5,85.2,75.1,4.64
2026-05-19 15:00:00,1.39,1.42,18.4,84.2,71.0,6.0
2026-05-19 16:00:00,1.542,1.33,18.0,86.3,71.7,7.82
2026-05-19 17:00:00,1.654,1.17,17.5,88.3,71.5,8.58
2026-05-19 18:00:00,1.595,0.0,17.8,85.6,71.9,7.24
2026-05-19 19:00:00,1.503,0.0,18.3,88.5,71.2,6.13
2026-05-19 20:00:00,1.447,0.0,17.8,87.2,71.8,5.64
2026-05-19 21:00:00,1.374,0.0,18.9,87.1,71.9,4.94
2026-05-19 22:00:00,1.296,0.0,19.2,85.3,73.2,4.09
2026-05-19 23:00:00,1.229,0.0,19.9,85.6,73.7,3.44
2026-05-20 00:00:00,1.169,0.0,21.0,82.2,75.5,2.47
2026-05-20 01:00:00,1.084,0.0,21.4,79.8,75.7,1.7
2026-05-20 02:00:00,1.097,0.0,22.4,79.2,77.3,1.75
2026-05-20 03:00:00,1.106,0.0,22.8,78.6,77.8,1.97
2026-05-20 04:00:00,1.11,0.0,24.6,76.9,79.4,1.79
2026-05-20 05:00:00,1.111,0.0,24.1,76.3,78.8,1.87
2026-05-20 06:00:00,1.082,0.0,23.9,74.9,77.6,1.48
2026-05-20 07:00:00,1.102,0.0,24.2,75.2,79.9,1.72
2026-05-20 08:00:00,1.099,0.0,23.7,74.7,77.7,1.83
2026-05-20 09:00:00,1.099,0.0,23.2,80.4,77.3,1.73
2026-05-20 10:00:00,1.09,0.0,22.8,77.1,76.5,1.69
2026-05-20 11:00:00,1.083,0.0,22.1,79.4,77.1,1.55
2026-05-20 12:00:00,1.093,0.0,20.8,80.9,73.3,1.69
2026-05-20 13:00:00,1.098,0.0,19.9,84.9,76.5,1.88
2026-05-20 14:00:00,1.24,1.26,19.3,84.6,73.8,4.11
2026-05-20 15:00:00,1.396,1.47,17.8,88.1,72.4,6.01
2026-05-20 16:00:00,1.573,1.8,17.6,86.2,71.5,8.31
2026-05-20 17:00:00,1.788,1.84,18.5,88.2,71.4,9.95
2026-05-20 18:00:00,1.685,0.0,18.5,86.7,71.4,8.38
2026-05-20 19:00:00,1.623,0.0,17.8,91.0,71.7,7.52
2026-05-20 20:00:00,1.552,0.0,18.5,85.4,72.0,6.74
2026-05-20 21:00:00,1.485,0.0,18.9,86.7,72.2,6.1
2026-05-20 22:00:00,1.423,0.0,20.6,86.0,72.8,5.29
2026-05-20 23:00:00,1.362,0.0,20.6,84.2,73.8,4.7
2026-05-21 00:00:00,1.27,0.0,20.9,81.7,74.8,3.76
2026-05-21 01:00:00,1.218,0.0,21.4,80.3,76.9,3.24
2026-05-21 02:00:00,1.149,0.0,22.0,79.1,77.5,2.26
2026-05-21 03:00:00,1.098,0.0,23.3,77.5,75.5,1.86
2026-05-21 04:00:00,1.094,0.0,23.5,78.2,79.0,1.69
2026-05-21 05:00:00,1.098,0.0,23.5,79.5,79.0,1.67
2026-05-21 06:00:00,1.094,0.0,23.9,75.2,79.0,1.75
2026-05-21 07:00:00,1.11,0.0,23.7,74.1,78.6,1.94
2026-05-21 08:00:00,1.1,0.0,24.4,76.7,79.4,1.71
2026-05-21 09:00:00,1.109,0.0,23.6,81.6,78.6,1.94
2026-05-21 10:00:00,1.094,0.0,22.6,77.8,76.4,1.83
2026-05-21 11:00:00,1.104,0.0,22.4,82.9,76.4,1.77
2026-05-21 12:00:00,1.099,0.0,21.0,84.5,74.2,1.74
2026-05-21 13:00:00,1.121,0.0,19.8,82.7,72.9,2.08
2026-05-21 14:00:00,1.228,1.26,20.0,85.9,72.5,4.14
2026-05-21 15:00:00,1.383,1.41,19.0,88.7,72.9,5.9
2026-05-21 16:00:00,1.524,1.51,17.8,86.6,72.3,7.61
2026-05-21 17:00:00,1.621,0.98,17.8,87.5,71.5,8.1
2026-05-21 18:00:00,1.543,0.0,17.4,87.1,71.6,6.82
2026-05-21 19:00:00,1.484,0.0,17.4,86.3,71.5,5.97
2026-05-21 20:00:00,1.412,0.0,18.6,86.2,71.0,5.32
2026-05-21 21:00:00,1.343,0.0,19.5,84.4,72.5,4.32
2026-05-21 22:00:00,1.279,0.0,18.8,85.1,73.6,3.89
2026-05-21 23:00:00,1.216,0.0,20.4,82.4,74.6,3.02
2026-05-22 00:00:00,1.149,0.0,20.7,82.4,76.0,2.36
2026-05-22 01:00:00,1.11,0.0,21.6,78.1,76.6,1.97
2026-05-22 02:00:00,1.088,0.0,22.4,79.5,77.3,1.84
2026-05-22 03:00:00,1.1,0.0,22.9,79.0,78.7,1.86
2026-05-22 04:00:00,1.089,0.0,23.8,73.8,78.4,1.73
2026-05-22 05:00:00,1.109,0.0,23.8,76.8,78.2,2.09
2026-05-22 06:00:00,1.111,0.0,24.3,77.8,78.9,1.98
2026-05-22 07:00:00,1.088,0.0,24.1,74.4,78.3,1.68
2026-05-22 08:00:00,1.095,0.0,23.7,79.3,77.9,1.77
2026-05-22 09:00:00,1.09,0.0,22.9,78.4,77.7,1.67
2026-05-22 10:00:00,1.096,0.0,22.4,77.9,76.4,1.7
2026-05-22 11:00:00,1.096,0.0,22.1,80.4,75.8,1.74
2026-05-22 12:00:00,1.102,0.0,21.2,82.8,73.5,1.58
2026-05-22 13:00:00,1.081,0.0,19.8,83.7,74.1,1.56
2026-05-22 14:00:00,1.391,2.64,19.4,85.8,73.0,6.87
2026-05-22 15:00:00,1.663,2.5,19.0,84.9,71.5,9.74
2026-05-22 16:00:00,1.944,2.49,17.6,87.5,72.1,9.93
2026-05-22 17:00:00,2.202,2.29,18.1,85.7,71.9,10.02
2026-05-22 18:00:00,2.129,0.0,17.5,87.8,69.7,10.01
2026-05-22 19:00:00,2.072,0.0,18.1,86.4,70.5,10.06
2026-05-22 20:00:00,1.982,0.0,17.9,86.1,70.9,10.08
2026-05-22 21:00:00,1.903,0.0,18.0,88.1,71.4,10.01
2026-05-22 22:00:00,1.85,0.0,18.7,86.6,73.7,10.01
2026-05-22 23:00:00,1.776,0.0,20.2,84.5,73.8,9.13
2026-05-23 00:00:00,1.703,0.0,21.1,80.4,74.8,8.45
2026-05-23 01:00:00,1.632,0.0,21.5,80.0,74.4,7.83
2026-05-23 02:00:00,1.551,0.0,22.9,80.8,77.5,6.73
2026-05-23 03:00:00,1.505,0.0,22.6,78.0,76.8,6.3
2026-05-23 04:00:00,1.428,0.0,23.7,80.3,78.5,5.52
2026-05-23 05:00:00,1.356,0.0,23.6,76.8,79.1,4.56
2026-05-23 06:00:00,1.304,0.0,23.9,76.3,80.1,4.15
2026-05-23 07:00:00,1.22,0.0,24.1,75.7,77.8,3.38
2026-05-23 08:00:00,1.155,0.0,23.4,77.0,76.0,2.28
2026-05-23 09:00:00,1.104,0.0,23.1,77.5,78.0,1.81
2026-05-23 10:00:00,1.096,0.0,23.0,80.1,78.4,1.82
2026-05-23 11:00:00,1.088,0.0,21.6,81.9,77.0,1.5
2026-05-23 12:00:00,1.095,0.0,21.3,80.8,75.2,1.86
2026-05-23 13:00:00,1.096,0.0,19.7,81.6,73.6,1.91
2026-05-23 14:00:00,1.342,2.14,19.6,82.2,73.6,5.99
2026-05-23 15:00:00,1.586,2.29,19.3,87.0,71.4,8.78
2026-05-23 16:00:00,1.835,2.28,17.2,85.5,71.9,9.96
2026-05-23 17:00:00,2.123,2.63,17.6,84.6,71.5,9.89
2026-05-23 18:00:00,2.038,0.0,18.0,88.6,71.8,10.11
2026-05-23 19:00:00,1.988,0.0,17.8,91.5,73.3,10.0
2026-05-23 20:00:00,1.92,0.0,18.4,87.2,71.8,9.92
2026-05-23 21:00:00,1.84,0.0,18.5,87.5,71.8,9.91
2026-05-23 22:00:00,1.79,0.0,19.4,85.1,73.0,9.27
2026-05-23 23:00:00,1.689,0.0,20.1,83.4,72.5,8.22
2026-05-24 00:00:00,1.65,0.0,21.5,83.4,74.4,7.68
2026-05-24 01:00:00,1.563,0.0,21.9,80.0,75.7,6.92
2026-05-24 02:00:00,1.524,0.0,22.7,79.4,76.6,6.33
2026-05-24 03:00:00,1.424,0.0,23.1,78.2,78.0,5.4
2026-05-24 04:00:00,1.377,0.0,23.6,75.8,77.8,4.78
2026-05-24 05:00:00,1.286,0.0,23.9,77.7,79.8,3.89
2026-05-24 06:00:00,1.236,0.0,24.4,75.7,79.0,3.47
2026-05-24 07:00:00,1.168,0.0,23.9,75.1,78.9,2.63
2026-05-24 08:00:00,1.098,0.0,23.9,77.6,78.2,2.02
2026-05-24 09:00:00,1.097,0.0,24.1,76.4,78.0,1.7
2026-05-24 10:00:00,1.114,0.0,22.9,79.0,77.7,1.81
2026-05-24 11:00:00,1.085,0.0,21.7,80.4,75.3,1.65
2026-05-24 12:00:00,1.1,0.0,21.5,83.6,74.5,1.78
2026-05-24 13:00:00,1.108,0.0,20.0,84.3,73.7,1.8
2026-05-24 14:00:00,1.216,1.17,18.6,85.0,71.9,3.86
2026-05-24 15:00:00,1.311,1.05,18.3,87.5,71.5,4.85
2026-05-24 16:00:00,1.482,1.52,17.5,89.3,71.2,7.28
2026-05-24 17:00:00,1.599,1.19,17.8,88.6,71.8,7.87
2026-05-24 18:00:00,1.525,0.0,17.8,88.0,71.2,6.48
2026-05-24 19:00:00,1.463,0.0,18.6,85.8,71.3,5.82
2026-05-24 20:00:00,1.397,0.0,18.4,85.6,72.2,5.1
2026-05-24 21:00:00,1.33,0.0,18.6,85.8,72.1,4.29
2026-05-24 22:00:00,1.25,0.0,19.7,84.1,73.3,3.53
2026-05-24 23:00:00,1.175,0.0,19.3,83.3,73.9,2.55
2026-05-25 00:00:00,1.106,0.0,21.1,82.1,75.2,1.79
2026-05-25 01:00:00,1.104,0.0,22.1,81.2,75.6,1.66
2026-05-25 02:00:00,1.088,0.0,22.0,78.9,75.0,1.85
2026-05-25 03:00:00,1.094,0.0,23.7,78.5,77.7,1.76
2026-05-25 04:00:00,1.088,0.0,23.9,76.9,79.6,1.68
2026-05-25 05:00:00,1.094,0.0,23.9,73.2,79.6,1.58
2026-05-25 06:00:00,1.111,0.0,24.5,74.6,79.8,2.04
2026-05-25 07:00:00,1.099,0.0,25.0,76.0,79.9,1.89
2026-05-25 08:00:00,1.115,0.0,23.8,75.0,78.5,2.04
2026-05-25 09:00:00,1.104,0.0,23.4,78.7,78.0,1.86
2026-05-25 10:00:00,1.105,0.0,22.4,81.3,76.5,1.82
2026-05-25 11:00:00,1.098,0.0,21.5,82.3,75.8,1.82
2026-05-25 12:00:00,1.096,0.0,21.3,81.7,75.5,1.72
2026-05-25 13:00:00,1.1,0.0,19.8,85.8,74.9,1.92
2026-05-25 14:00:00,1.294,1.89,19.4,85.2,72.9,5.33
2026-05-25 15:00:00,1.563,2.32,18.5,85.7,71.8,8.59
2026-05-25 16:00:00,1.816,2.42,18.4,86.3,71.5,9.83
2026-05-25 17:00:00,2.122,2.66,18.0,87.3,71.6,10.02
2026-05-25 18:00:00,2.056,0.0,18.2,87.4,69.8,9.93
2026-05-25 19:00:00,1.984,0.0,17.7,88.1,69.3,10.11
2026-05-25 20:00:00,1.908,0.0,18.1,87.4,71.1,10.04
2026-05-25 21:00:00,1.843,0.0,18.3,86.2,71.2,9.89
2026-05-25 22:00:00,1.775,0.0,19.2,85.7,72.6,9.38
2026-05-25 23:00:00,1.702,0.0,20.3,85.3,73.8,8.27
2026-05-26 00:00:00,1.627,0.0,21.3,83.4,74.6,7.42
2026-05-26 01:00:00,1.575,0.0,21.5,78.2,77.2,7.1
2026-05-26 02:00:00,1.492,0.0,22.9,75.2,77.3,5.97
2026-05-26 03:00:00,1.421,0.0,23.8,79.2,78.1,5.27
2026-05-26 04:00:00,1.36,0.0,23.9,74.8,79.0,4.67
2026-05-26 05:00:00,1.302,0.0,24.8,75.9,78.0,3.95
2026-05-26 06:00:00,1.211,0.0,23.9,74.2,79.8,2.91
2026-05-26 07:00:00,1.155,0.0,23.6,73.5,78.8,2.33
2026-05-26 08:00:00,1.098,0.0,23.1,77.6,79.0,1.73
2026-05-26 09:00:00,1.108,0.0,23.9,78.9,77.0,1.83
2026-05-26 10:00:00,1.097,0.0,22.9,78.1,75.8,1.84
2026-05-26 11:00:00,1.095,0.0,21.8,76.6,76.7,1.79
2026-05-26 12:00:00,1.103,0.0,21.1,81.2,75.3,1.84
2026-05-26 13:00:00,1.091,0.0,19.7,84.1,73.2,1.82
2026-05-26 14:00:00,1.384,2.42,20.4,82.8,72.3,6.62
2026-05-26 15:00:00,1.643,2.57,18.8,86.5,73.1,9.58
2026-05-26 16:00:00,1.875,2.0,18.3,87.2,70.6,9.94
2026-05-26 17:00:00,2.16,2.65,18.2,88.7,72.5,10.03
2026-05-26 18:00:00,2.101,0.0,18.0,88.2,70.3,10.08
2026-05-26 19:00:00,2.029,0.0,18.0,86.3,71.6,9.96
2026-05-26 20:00:00,1.956,0.0,17.9,89.0,71.3,9.93
2026-05-26 21:00:00,1.891,0.0,18.9,86.0,72.7,10.12
2026-05-26 22:00:00,1.819,0.0,20.2,85.0,72.6,9.68
2026-05-26 23:00:00,1.744,0.0,20.7,82.2,73.8,9.07
2026-05-27 00:00:00,1.675,0.0,21.6,81.3,75.0,8.22
2026-05-27 01:00:00,1.611,0.0,21.6,79.1,75.2,7.39
2026-05-27 02:00:00,1.529,0.0,22.2,78.7,77.6,6.55
2026-05-27 03:00:00,1.473,0.0,23.2,80.3,77.4,6.08
2026-05-27 04:00:00,1.397,0.0,23.8,74.7,78.3,5.29
2026-05-27 05:00:00,1.338,0.0,24.5,73.8,78.1,4.46
2026-05-27 06:00:00,1.262,0.0,23.5,78.2,77.0,3.61
2026-05-27 07:00:00,1.202,0.0,24.7,75.9,78.7,3.02
2026-05-27 08:00:00,1.123,0.0,23.7,75.8,80.4,2.19
2026-05-27 09:00:00,1.103,0.0,23.1,79.3,78.5,1.89
2026-05-27 10:00:00,1.098,0.0,22.2,78.1,77.0,1.69
2026-05-27 11:00:00,1.101,0.0,21.2,83.2,75.8,1.83
2026-05-27 12:00:00,1.089,0.0,21.3,83.0,75.0,1.76
2026-05-27 13:00:00,1.108,0.0,20.2,82.8,74.4,1.81
2026-05-27 14:00:00,1.24,1.43,18.9,88.2,72.1,4.31
2026-05-27 15:00:00,1.297,0.6,18.2,85.3,73.1,4.36
2026-05-27 16:00:00,1.443,1.42,18.1,88.3,72.1,6.59
2026-05-27 17:00:00,1.504,0.8,18.6,88.2,71.7,6.67
2026-05-27 18:00:00,1.424,0.0,17.7,90.0,71.4,5.45
2026-05-27 19:00:00,1.376,0.0,17.3,90.1,71.2,4.94
2026-05-27 20:00:00,1.298,0.0,18.1,87.2,72.1,3.98
2026-05-27 21:00:00,1.239,0.0,18.6,85.1,72.6,3.28
2026-05-27 22:00:00,1.156,0.0,18.3,85.7,72.7,2.59
2026-05-27 23:00:00,1.111,0.0,20.2,82.5,73.5,1.88
2026-05-28 00:00:00,1.668,4.9,20.9,85.0,75.1,9.95
2026-05-28 01:00:00,1.86,1.9,22.1,80.7,77.3,10.18
2026-05-28 02:00:00,2.181,2.91,23.3,78.5,76.0,9.97
2026-05-28 03:00:00,2.301,4.08,23.7,78.0,76.7,10.17
2026-05-28 04:00:00,2.307,3.97,23.7,74.8,78.6,9.83
2026-05-28 05:00:00,2.3,2.98,23.6,74.7,78.9,10.0
2026-05-28 06:00:00,2.298,2.71,25.2,77.8,79.1,10.06
2026-05-28 07:00:00,2.289,2.89,24.1,75.2,79.1,9.96
2026-05-28 08:00:00,2.304,2.42,23.8,75.2,78.3,10.07
2026-05-28 09:00:00,2.301,2.22,23.3,78.6,79.0,9.97
2026-05-28 10:00:00,2.299,3.19,22.7,80.8,75.7,10.07
2026-05-28 11:00:00,2.3,2.44,21.8,81.5,75.4,9.9
2026-05-28 12:00:00,2.29,2.51,20.8,83.5,74.9,9.85
2026-05-28 13:00:00,2.312,3.8,20.0,82.4,72.7,10.08
2026-05-28 14:00:00,2.299,6.06,19.4,82.9,72.9,9.95
2026-05-28 15:00:00,2.295,4.43,18.5,88.5,73.5,10.11
2026-05-28 16:00:00,2.315,2.77,17.9,86.7,71.6,9.94
2026-05-28 17:00:00,2.309,3.47,18.0,87.4,71.3,10.0
2026-05-28 18:00:00,2.298,4.83,17.7,90.0,70.0,10.15
2026-05-28 19:00:00,2.3,2.54,18.5,88.6,70.6,10.03
2026-05-28 20:00:00,2.302,1.82,17.2,87.9,71.2,9.84
2026-05-28 21:00:00,2.302,3.6,19.2,89.5,71.9,9.94
2026-05-28 22:00:00,2.289,3.68,19.9,84.0,74.0,9.95
2026-05-28 23:00:00,2.296,3.77,19.3,84.9,74.4,10.1
2026-05-29 00:00:00,2.291,2.44,20.9,82.1,74.1,9.92
2026-05-29 01:00:00,2.302,1.55,21.7,80.8,76.2,9.87
2026-05-29 02:00:00,2.295,4.88,22.0,81.3,77.4,9.83
2026-05-29 03:00:00,2.307,2.38,23.0,78.5,78.7,9.97
2026-05-29 04:00:00,2.3,3.87,23.3,77.6,79.7,10.09
2026-05-29 05:00:00,2.294,3.97,24.8,77.8,78.1,9.97
2026-05-29 06:00:00,2.292,3.64,24.6,75.5,78.4,9.89
2026-05-29 07:00:00,2.293,2.6,24.6,74.9,77.9,9.95
2026-05-29 08:00:00,2.297,2.45,24.1,75.2,78.3,10.03
2026-05-29 09:00:00,2.293,3.59,22.8,74.8,78.2,10.03
2026-05-29 10:00:00,2.304,4.53,22.4,82.1,77.8,9.95
2026-05-29 11:00:00,2.294,4.81,22.0,78.8,76.0,10.01
2026-05-29 12:00:00,2.298,1.87,20.5,81.7,74.7,10.02
2026-05-29 13:00:00,2.313,2.04,20.5,83.1,74.1,10.01
2026-05-29 14:00:00,2.295,5.33,19.3,85.5,72.3,9.91
2026-05-29 15:00:00,2.293,4.39,18.6,87.5,73.8,9.85
2026-05-29 16:00:00,2.307,5.37,18.5,88.5,70.2,9.78
2026-05-29 17:00:00,2.304,2.91,18.1,86.9,71.3,9.91
2026-05-29 18:00:00,2.296,3.56,17.7,87.7,72.6,9.91
2026-05-29 19:00:00,2.312,3.95,18.4,88.2,71.1,10.0
2026-05-29 20:00:00,2.306,3.88,17.8,86.8,71.4,10.13
2026-05-29 21:00:00,2.301,2.93,19.0,88.7,71.9,9.88
2026-05-29 22:00:00,2.298,1.55,19.6,85.7,72.9,9.93
2026-05-29 23:00:00,2.296,3.54,20.0,84.7,75.1,9.99
2026-05-30 00:00:00,2.23,0.0,21.1,83.0,73.2,10.04
2026-05-30 01:00:00,2.167,0.0,21.3,82.2,77.3,9.99
2026-05-30 02:00:00,2.097,0.0,23.0,79.3,75.9,9.95
2026-05-30 03:00:00,2.036,0.0,23.2,75.8,77.6,9.94
2026-05-30 04:00:00,1.967,0.0,23.6,77.4,78.1,9.85
2026-05-30 05:00:00,1.886,0.0,24.5,75.2,79.3,9.97
2026-05-30 06:00:00,1.823,0.0,23.9,75.2,77.7,9.84
2026-05-30 07:00:00,1.743,0.0,23.5,77.1,79.2,8.76
2026-05-30 08:00:00,1.674,0.0,23.1,78.7,80.1,8.24
2026-05-30 09:00:00,1.619,0.0,23.5,77.8,76.7,7.4
2026-05-30 10:00:00,1.544,0.0,22.1,79.5,77.2,6.81
2026-05-30 11:00:00,1.477,0.0,22.5,83.0,75.5,5.91
2026-05-30 12:00:00,1.404,0.0,20.2,82.4,75.3,5.04
2026-05-30 13:00:00,1.351,0.0,20.9,87.5,74.0,4.73
2026-05-30 14:00:00,1.533,1.86,19.5,85.8,72.5,8.01
2026-05-30 15:00:00,1.702,1.57,18.7,83.6,72.6,9.57
2026-05-30 16:00:00,1.914,1.85,18.0,88.3,73.0,9.99
2026-05-30 17:00:00,2.122,2.05,18.1,88.4,71.0,10.08
2026-05-30 18:00:00,2.046,0.0,17.8,89.9,71.6,10.11
2026-05-30 19:00:00,1.987,0.0,18.4,88.8,70.1,9.94
2026-05-30 20:00:00,1.912,0.0,18.3,87.0,70.8,9.86
2026-05-30 21:00:00,1.843,0.0,18.8,84.4,72.5,9.95
2026-05-30 22:00:00,1.77,0.0,19.3,84.7,74.2,9.16
2026-05-30 23:00:00,1.713,0.0,20.1,82.3,74.2,8.53
2026-05-31 00:00:00,1.646,0.0,21.1,81.1,74.7,7.73
2026-05-31 01:00:00,1.58,0.0,21.1,81.3,76.0,7.09
2026-05-31 02:00:00,1.516,0.0,22.1,81.5,76.0,6.62
2026-05-31 03:00:00,1.432,0.0,23.6,78.3,78.3,5.4
2026-05-31 04:00:00,1.365,0.0,23.8,75.0,79.2,4.78
2026-05-31 05:00:00,1.31,0.0,24.0,76.9,78.5,4.04
2026-05-31 06:00:00,1.234,0.0,24.2,77.8,78.6,3.26
2026-05-31 07:00:00,1.168,0.0,24.2,75.3,79.1,2.69
2026-05-31 08:00:00,1.098,0.0,23.6,76.6,78.1,1.61
2026-05-31 09:00:00,1.106,0.0,23.0,77.8,77.8,1.78
2026-05-31 10:00:00,1.099,0.0,22.7,77.8,78.7,1.87
2026-05-31 11:00:00,1.102,0.0,21.4,81.4,75.8,1.82
2026-05-31 12:00:00,1.095,0.0,21.2,81.8,74.7,1.46
2026-05-31 13:00:00,1.106,0.0,19.5,84.2,73.4,1.84
2026-05-31 14:00:00,1.187,0.83,19.8,83.7,73.6,3.38
2026-05-31 15:00:00,1.204,0.48,18.9,85.6,72.0,3.38
2026-05-31 16:00:00,1.263,0.58,18.3,88.3,71.0,3.97
2026-05-31 17:00:00,1.359,1.0,18.3,87.2,72.2,5.29
2026-05-31 18:00:00,1.282,0.0,18.5,90.6,72.1,3.85
2026-05-31 19:00:00,1.217,0.0,18.3,87.2,70.7,3.15
2026-05-31 20:00:00,1.139,0.0,17.5,87.5,70.0,2.33
2026-05-31 21:00:00,1.099,0.0,18.2,87.6,73.0,1.73
2026-05-31 22:00:00,1.096,0.0,19.2,82.9,72.5,1.95
2026-05-31 23:00:00,1.094,0.0,20.2,80.9,74.6,1.86
2026-06-01 00:00:00,1.188,0.0,19.7,88.5,82.5,1.96
2026-06-01 01:00:00,1.195,0.0,20.4,84.1,83.7,2.09
2026-06-01 02:00:00,1.196,0.0,21.5,83.5,83.6,1.78
2026-06-01 03:00:00,1.191,0.0,22.6,85.6,83.1,2.01
2026-06-01 04:00:00,1.199,0.0,22.4,83.9,84.9,1.93
2026-06-01 05:00:00,1.201,0.0,22.8,82.9,84.4,2.07
2026-06-01 06:00:00,1.209,0.0,23.6,83.0,84.6,2.26
2026-06-01 07:00:00,1.197,0.0,23.2,83.7,85.4,1.83
2026-06-01 08:00:00,1.197,0.0,22.3,82.9,85.6,1.98
2026-06-01 09:00:00,1.192,0.0,22.2,83.3,84.1,1.81
2026-06-01 10:00:00,1.203,0.0,21.1,85.8,83.7,2.03
2026-06-01 11:00:00,1.2,0.0,20.2,85.2,84.1,1.93
2026-06-01 12:00:00,1.198,0.0,19.6,88.6,82.2,1.88
2026-06-01 13:00:00,1.63,2.91,17.8,86.7,83.3,9.81
2026-06-01 14:00:00,2.0,2.7,17.1,92.0,81.0,11.91
2026-06-01 15:00:00,2.352,2.42,16.8,92.2,78.5,11.93
2026-06-01 16:00:00,2.599,3.29,16.1,92.7,80.0,11.86
2026-06-01 17:00:00,2.539,0.0,16.2,94.3,79.4,11.9
2026-06-01 18:00:00,2.494,0.0,15.6,95.5,80.0,12.01
2026-06-01 19:00:00,2.432,0.0,15.6,94.4,79.6,12.02
2026-06-01 20:00:00,2.379,0.0,17.1,89.6,79.3,11.97
2026-06-01 21:00:00,2.343,0.0,16.9,89.6,78.9,12.13
2026-06-01 22:00:00,2.265,0.0,17.8,89.6,80.3,12.08
2026-06-01 23:00:00,2.228,0.0,18.0,89.3,80.5,11.89
2026-06-02 00:00:00,2.174,0.0,19.3,88.8,81.5,12.15
2026-06-02 01:00:00,2.106,0.0,20.5,85.6,83.2,11.91
2026-06-02 02:00:00,2.07,0.0,20.8,85.8,84.8,12.03
2026-06-02 03:00:00,2.013,0.0,22.1,83.3,84.4,12.03
2026-06-02 04:00:00,1.958,0.0,22.3,82.8,83.6,11.35
2026-06-02 05:00:00,1.911,0.0,22.8,81.1,85.3,11.0
2026-06-02 06:00:00,1.848,0.0,22.8,81.6,86.0,10.09
2026-06-02 07:00:00,1.784,0.0,23.6,81.1,84.4,9.35
2026-06-02 08:00:00,1.748,0.0,22.5,82.2,84.5,8.84
2026-06-02 09:00:00,1.699,0.0,21.6,86.0,84.1,8.2
2026-06-02 10:00:00,1.641,0.0,21.6,84.1,82.9,7.41
2026-06-02 11:00:00,1.583,0.0,19.9,90.7,83.3,6.77
2026-06-02 12:00:00,1.531,0.0,19.6,88.7,81.9,6.11
2026-06-02 13:00:00,1.58,0.43,17.8,89.6,81.6,7.17
2026-06-02 14:00:00,1.608,0.3,17.2,89.2,79.8,7.17
2026-06-02 15:00:00,1.702,0.6,17.1,92.6,79.5,8.89
2026-06-02 16:00:00,1.785,0.81,16.8,91.5,80.0,10.04
2026-06-02 17:00:00,1.737,0.0,16.2,93.0,78.8,8.74
2026-06-02 18:00:00,1.69,0.0,16.0,96.8,80.4,8.1
2026-06-02 19:00:00,1.627,0.0,16.0,92.7,78.8,7.27
2026-06-02 20:00:00,1.572,0.0,15.9,94.1,79.6,6.56
2026-06-02 21:00:00,1.525,0.0,16.7,90.5,80.6,5.99
2026-06-02 22:00:00,1.477,0.0,17.6,90.4,79.4,5.61
2026-06-02 23:00:00,1.412,0.0,19.0,92.0,79.8,4.68
2026-06-03 00:00:00,1.367,0.0,19.6,87.1,80.8,4.14
2026-06-03 01:00:00,1.311,0.0,19.7,89.4,83.8,3.46
2026-06-03 02:00:00,1.261,0.0,21.4,86.6,83.1,2.63
2026-06-03 03:00:00,1.211,0.0,21.8,83.6,86.2,2.22
2026-06-03 04:00:00,1.194,0.0,22.3,84.6,84.1,1.93
2026-06-03 05:00:00,1.205,0.0,23.1,84.6,85.0,2.05
2026-06-03 06:00:00,1.209,0.0,23.4,83.9,86.2,2.34
2026-06-03 07:00:00,1.194,0.0,23.3,80.8,86.5,1.78
2026-06-03 08:00:00,1.202,0.0,22.2,82.6,86.2,2.1
2026-06-03 09:00:00,1.198,0.0,21.9,84.1,85.1,2.12
2026-06-03 10:00:00,1.189,0.0,21.4,85.4,84.3,1.94
2026-06-03 11:00:00,1.195,0.0,20.8,87.6,83.3,2.11
2026-06-03 12:00:00,1.216,0.0,19.3,88.3,82.6,2.12
2026-06-03 13:00:00,1.554,2.48,18.5,87.3,80.8,8.49
2026-06-03 14:00:00,1.926,2.57,17.3,91.1,79.8,12.0
2026-06-03 15:00:00,2.223,2.05,16.5,92.5,79.9,11.81
2026-06-03 16:00:00,2.559,2.33,16.8,93.2,79.3,11.93
2026-06-03 17:00:00,2.5,0.0,16.7,94.5,78.7,12.14
2026-06-03 18:00:00,2.44,0.0,16.0,94.3,79.6,12.08
2026-06-03 19:00:00,2.394,0.0,16.5,93.5,79.9,11.97
2026-06-03 20:00:00,2.349,0.0,16.6,92.2,79.5,12.03
2026-06-03 21:00:00,2.293,0.0,16.8,89.0,81.1,12.1
2026-06-03 22:00:00,2.232,0.0,17.9,91.1,79.6,11.94
2026-06-03 23:00:00,2.172,0.0,19.2,89.6,81.1,11.92
2026-06-04 00:00:00,2.15,0.0,19.5,88.4,81.4,12.12
2026-06-04 01:00:00,2.062,0.0,21.0,84.8,81.3,11.87
2026-06-04 02:00:00,2.024,0.0,20.2,83.9,83.4,12.05
2026-06-04 03:00:00,1.971,0.0,22.3,86.0,84.0,11.61
2026-06-04 04:00:00,1.913,0.0,22.6,83.6,85.8,10.94
2026-06-04 05:00:00,1.861,0.0,22.8,84.2,85.4,10.05
2026-06-04 06:00:00,1.806,0.0,23.0,83.0,84.2,9.49
2026-06-04 07:00:00,1.756,0.0,22.1,83.2,86.4,9.25
2026-06-04 08:00:00,1.705,0.0,22.4,85.1,85.6,8.28
2026-06-04 09:00:00,1.656,0.0,22.1,83.7,84.6,7.75
2026-06-04 10:00:00,1.599,0.0,21.8,85.6,83.3,7.05
2026-06-04 11:00:00,1.558,0.0,20.2,86.0,82.0,6.37
2026-06-04 12:00:00,1.492,0.0,19.2,87.3,81.7,5.56
2026-06-04 13:00:00,1.551,0.48,18.4,88.8,82.1,6.67
2026-06-04 14:00:00,1.681,1.01,18.1,90.8,82.0,8.8
2026-06-04 15:00:00,1.913,1.57,17.2,90.8,81.1,12.09
2026-06-04 16:00:00,2.025,0.96,16.3,94.2,79.0,12.01
2026-06-04 17:00:00,1.975,0.0,16.3,91.5,78.2,11.56
2026-06-04 18:00:00,1.925,0.0,16.0,92.7,79.1,11.03
2026-06-04 19:00:00,1.892,0.0,16.5,92.2,77.7,10.69
2026-06-04 20:00:00,1.807,0.0,16.2,94.5,79.7,9.53
2026-06-04 21:00:00,1.772,0.0,16.9,91.8,79.8,9.36
2026-06-04 22:00:00,1.698,0.0,17.6,92.0,80.1,8.03
2026-06-04 23:00:00,1.671,0.0,18.0,87.1,79.9,7.93
2026-06-05 00:00:00,1.596,0.0,19.6,88.4,82.4,7.0
2026-06-05 01:00:00,1.528,0.0,20.5,88.0,82.4,6.1
2026-06-05 02:00:00,1.498,0.0,21.3,85.6,82.6,5.82
2026-06-05 03:00:00,1.434,0.0,21.9,86.1,81.8,4.93
2026-06-05 04:00:00,1.382,0.0,22.0,82.9,84.6,4.29
2026-06-05 05:00:00,1.329,0.0,22.7,85.3,86.3,3.57
2026-06-05 06:00:00,1.276,0.0,22.9,86.4,86.3,3.01
2026-06-05 07:00:00,1.237,0.0,22.6,82.6,84.5,2.44
2026-06-05 08:00:00,1.2,0.0,22.5,83.0,84.1,1.86
2026-06-05 09:00:00,1.198,0.0,22.1,86.6,84.5,1.97
2026-06-05 10:00:00,1.221,0.0,22.0,87.9,82.7,2.15
2026-06-05 11:00:00,1.212,0.0,20.5,85.9,83.0,2.25
2026-06-05 12:00:00,1.202,0.0,19.6,87.4,82.6,2.2
2026-06-05 13:00:00,1.348,1.06,18.6,88.9,82.2,4.74
2026-06-05 14:00:00,1.424,0.62,17.0,88.5,80.4,5.41
2026-06-05 15:00:00,1.638,1.46,17.0,90.2,79.7,8.58
2026-06-05 16:00:00,1.64,0.24,16.5,90.8,78.7,7.67
2026-06-05 17:00:00,1.59,0.0,17.1,91.7,78.4,6.87
2026-06-05 18:00:00,1.552,0.0,15.9,92.9,78.8,6.35
2026-06-05 19:00:00,1.487,0.0,16.2,93.2,79.4,5.6
2026-06-05 20:00:00,1.441,0.0,16.5,94.7,80.1,4.78
2026-06-05 21:00:00,1.375,0.0,16.6,90.0,79.2,4.21
2026-06-05 22:00:00,1.336,0.0,18.2,92.0,81.7,3.65
2026-06-05 23:00:00,1.257,0.0,18.9,89.0,81.0,2.78
2026-06-06 00:00:00,1.214,0.0,19.8,87.9,82.0,2.05
2026-06-06 01:00:00,1.195,0.0,20.0,87.7,82.2,1.92
2026-06-06 02:00:00,1.195,0.0,21.8,83.8,81.6,1.72
2026-06-06 03:00:00,1.207,0.0,21.4,85.0,84.8,2.22
2026-06-06 04:00:00,1.205,0.0,22.8,83.9,85.2,1.95
2026-06-06 05:00:00,1.198,0.0,23.8,83.9,84.7,1.98
2026-06-06 06:00:00,1.205,0.0,22.6,83.4,85.1,2.13
2026-06-06 07:00:00,1.194,0.0,22.7,86.9,85.3,1.93
2026-06-06 08:00:00,1.204,0.0,22.6,82.7,83.3,2.19
2026-06-06 09:00:00,1.206,0.0,21.8,83.7,83.7,2.15
2026-06-06 10:00:00,1.201,0.0,20.6,84.6,84.1,2.15
2026-06-06 11:00:00,1.203,0.0,20.4,85.9,81.8,1.95
2026-06-06 12:00:00,1.211,0.0,19.1,87.0,82.2,2.21
2026-06-06 13:00:00,1.183,0.01,18.8,91.1,80.1,1.75
2026-06-06 14:00:00,1.228,0.35,17.4,92.6,80.9,2.68
2026-06-06 15:00:00,1.259,0.3,17.6,90.7,79.9,3.01
2026-06-06 16:00:00,1.348,0.61,16.2,91.1,78.1,4.45
2026-06-06 17:00:00,1.282,0.0,16.0,93.5,80.0,3.12
2026-06-06 18:00:00,1.218,0.0,16.3,92.2,78.4,2.26
2026-06-06 19:00:00,1.214,0.0,15.6,93.8,78.5,2.16
2026-06-06 20:00:00,1.193,0.0,16.6,92.6,79.6,1.85
2026-06-06 21:00:00,1.191,0.0,17.5,89.3,80.8,1.81
2026-06-06 22:00:00,1.197,0.0,17.1,92.8,79.7,1.82
2026-06-06 23:00:00,1.2,0.0,18.7,92.0,81.3,2.09
2026-06-07 00:00:00,1.193,0.0,19.6,87.1,82.3,2.06
2026-06-07 01:00:00,1.204,0.0,20.7,86.1,83.3,2.15
2026-06-07 02:00:00,1.195,0.0,20.8,85.9,83.6,2.02
2026-06-07 03:00:00,1.191,0.0,21.4,85.0,83.8,1.98
2026-06-07 04:00:00,1.201,0.0,22.7,84.7,83.9,2.07
2026-06-07 05:00:00,1.191,0.0,23.0,86.2,85.0,1.79
2026-06-07 06:00:00,1.205,0.0,23.1,82.7,84.1,1.96
2026-06-07 07:00:00,1.204,0.0,23.0,82.0,82.6,1.91
2026-06-07 08:00:00,1.207,0.0,22.3,81.6,84.9,1.96
2026-06-07 09:00:00,1.204,0.0,22.1,83.4,84.8,2.12
2026-06-07 10:00:00,1.194,0.0,21.4,85.5,81.6,1.99
2026-06-07 11:00:00,1.202,0.0,20.1,89.4,82.0,1.97
2026-06-07 12:00:00,1.192,0.0,20.2,87.2,82.5,1.7
2026-06-07 13:00:00,1.843,4.36,18.8,89.6,82.9,11.84
2026-06-07 14:00:00,2.493,4.44,17.3,90.5,80.5,11.97
2026-06-07 15:00:00,2.605,4.22,17.3,93.3,79.3,11.97
2026-06-07 16:00:00,2.597,3.86,16.1,96.1,79.3,12.07
2026-06-07 17:00:00,2.549,0.0,16.4,92.0,80.2,12.03
2026-06-07 18:00:00,2.495,0.0,16.5,92.3,78.5,11.85
2026-06-07 19:00:00,2.443,0.0,15.8,94.4,78.5,12.06
2026-06-07 20:00:00,2.375,0.0,16.9,93.4,79.0,11.98
2026-06-07 21:00:00,2.329,0.0,17.2,94.3,79.1,11.99
2026-06-07 22:00:00,2.278,0.0,18.1,91.4,80.6,12.14
2026-06-07 23:00:00,2.23,0.0,19.4,88.8,82.5,11.87
2026-06-08 00:00:00,2.173,0.0,19.4,88.9,82.3,12.13
2026-06-08 01:00:00,2.118,0.0,20.1,88.4,82.6,12.11
2026-06-08 02:00:00,2.077,0.0,20.9,86.7,83.3,12.1
2026-06-08 03:00:00,2.01,0.0,21.6,85.2,82.9,12.1
2026-06-08 04:00:00,1.956,0.0,22.5,85.3,85.3,11.45
2026-06-08 05:00:00,1.899,0.0,23.0,84.9,84.8,10.89
2026-06-08 06:00:00,1.842,0.0,23.1,85.1,84.9,10.18
2026-06-08 07:00:00,1.8,0.0,23.2,84.1,87.5,9.36
2026-06-08 08:00:00,1.746,0.0,22.5,83.4,84.8,8.62
2026-06-08 09:00:00,1.695,0.0,22.6,84.7,83.5,8.28
2026-06-08 10:00:00,1.632,0.0,21.1,87.3,83.2,7.41
2026-06-08 11:00:00,1.599,0.0,21.5,85.5,83.7,6.94
2026-06-08 12:00:00,1.521,0.0,19.8,88.6,82.1,6.17
2026-06-08 13:00:00,1.629,0.65,18.3,88.7,80.1,7.88
2026-06-08 14:00:00,1.667,0.39,17.3,90.5,81.2,8.29
2026-06-08 15:00:00,1.747,0.72,17.2,93.5,79.3,9.37
2026-06-08 16:00:00,1.839,0.6,16.4,92.6,80.9,10.63
2026-06-08 17:00:00,1.78,0.0,16.4,92.9,80.0,9.16
2026-06-08 18:00:00,1.737,0.0,16.2,91.0,78.6,8.66
2026-06-08 19:00:00,1.664,0.0,16.1,93.9,80.1,7.84
2026-06-08 20:00:00,1.625,0.0,16.1,93.3,79.5,7.4
2026-06-08 21:00:00,1.562,0.0,16.4,94.8,80.6,6.57
2026-06-08 22:00:00,1.505,0.0,17.6,90.0,80.9,5.87
2026-06-08 23:00:00,1.431,0.0,18.9,89.6,80.5,4.86
2026-06-09 00:00:00,1.399,0.0,19.6,88.4,81.5,4.38
2026-06-09 01:00:00,1.347,0.0,19.9,89.1,83.6,3.82
2026-06-09 02:00:00,1.305,0.0,21.3,85.4,83.2,3.47
2026-06-09 03:00:00,1.234,0.0,22.1,84.9,83.8,2.41
2026-06-09 04:00:00,1.199,0.0,22.2,84.6,83.8,1.95
2026-06-09 05:00:00,1.202,0.0,22.9,83.5,85.2,1.94
2026-06-09 06:00:00,1.191,0.0,23.0,82.3,86.7,1.95
2026-06-09 07:00:00,1.205,0.0,22.4,83.5,84.0,1.98
2026-06-09 08:00:00,1.207,0.0,22.7,85.3,84.6,2.03
2026-06-09 09:00:00,1.202,0.0,22.2,82.9,85.3,2.11
2026-06-09 10:00:00,1.2,0.0,21.7,85.7,83.4,2.04
2026-06-09 11:00:00,1.196,0.0,20.8,85.7,83.1,1.93
2026-06-09 12:00:00,1.198,0.0,18.9,89.8,81.2,1.9
2026-06-09 13:00:00,1.71,3.5,18.2,87.0,81.6,11.03
2026-06-09 14:00:00,2.167,3.16,18.0,89.7,80.4,11.97
2026-06-09 15:00:00,2.598,3.24,17.2,92.1,80.7,11.98
2026-06-09 16:00:00,2.6,3.78,16.7,94.7,80.4,12.05
2026-06-09 17:00:00,2.553,0.0,17.7,92.7,81.2,11.94
2026-06-09 18:00:00,2.483,0.0,16.2,92.2,79.5,11.9
2026-06-09 19:00:00,2.434,0.0,16.6,95.7,79.4,11.96
2026-06-09 20:00:00,2.378,0.0,16.9,90.2,79.6,11.87
2026-06-09 21:00:00,2.326,0.0,17.3,88.2,79.6,12.02
2026-06-09 22:00:00,2.281,0.0,17.6,91.2,80.8,11.94
2026-06-09 23:00:00,2.219,0.0,18.9,88.5,81.0,11.91
2026-06-10 00:00:00,2.168,0.0,19.2,86.5,82.1,11.92
2026-06-10 01:00:00,2.12,0.0,20.3,87.8,83.8,11.82
2026-06-10 02:00:00,2.059,0.0,21.1,85.9,82.7,12.03
2026-06-10 03:00:00,2.01,0.0,22.0,83.6,85.0,12.27
2026-06-10 04:00:00,1.959,0.0,23.5,81.7,85.7,11.39
2026-06-10 05:00:00,1.902,0.0,22.1,84.5,84.8,10.6
2026-06-10 06:00:00,1.849,0.0,23.3,84.0,83.3,10.03
2026-06-10 07:00:00,1.804,0.0,22.2,83.0,84.4,9.49
2026-06-10 08:00:00,1.743,0.0,22.3,86.4,85.6,8.72
2026-06-10 09:00:00,1.704,0.0,22.4,82.9,84.1,8.27
2026-06-10 10:00:00,1.652,0.0,21.3,83.2,82.7,7.73
2026-06-10 11:00:00,1.587,0.0,20.0,85.7,82.4,6.88
2026-06-10 12:00:00,1.533,0.0,19.2,87.9,82.7,5.97
2026-06-10 13:00:00,1.567,0.35,18.9,89.7,81.7,6.96
2026-06-10 14:00:00,1.672,0.78,17.5,90.1,80.3,8.39
2026-06-10 15:00:00,1.821,1.09,17.1,92.1,79.6,10.8
2026-06-10 16:00:00,1.93,0.75,16.5,90.5,79.1,11.71
2026-06-10 17:00:00,1.873,0.0,15.9,95.0,78.4,10.37
2026-06-10 18:00:00,1.798,0.0,16.9,92.9,80.3,9.38
2026-06-10 19:00:00,1.77,0.0,16.4,94.5,78.8,9.09
2026-06-10 20:00:00,1.701,0.0,15.7,92.8,80.4,8.23
2026-06-10 21:00:00,1.665,0.0,17.1,92.2,81.1,7.97
2026-06-10 22:00:00,1.613,0.0,17.5,91.4,81.3,7.15
2026-06-10 23:00:00,1.544,0.0,18.9,90.0,80.9,6.15
2026-06-11 00:00:00,1.5,0.0,19.2,89.0,82.3,5.63
2026-06-11 01:00:00,1.437,0.0,20.4,88.7,82.8,4.85
2026-06-11 02:00:00,1.377,0.0,21.5,85.8,82.8,4.12
2026-06-11 03:00:00,1.323,0.0,22.3,85.5,84.4,3.49
2026-06-11 04:00:00,1.271,0.0,22.1,83.5,83.7,2.97
2026-06-11 05:00:00,1.213,0.0,22.7,85.3,85.8,2.19
2026-06-11 06:00:00,1.21,0.0,22.8,82.0,84.6,2.07
2026-06-11 07:00:00,1.194,0.0,22.6,85.9,85.1,1.91
2026-06-11 08:00:00,1.209,0.0,23.2,83.6,84.8,2.14
2026-06-11 09:00:00,1.196,0.0,22.1,82.3,83.9,2.0
2026-06-11 10:00:00,1.191,0.0,20.7,85.7,84.0,1.96
2026-06-11 11:00:00,1.203,0.0,20.8,85.7,82.4,2.01
2026-06-11 12:00:00,1.193,0.0,20.3,89.3,82.7,1.83
2026-06-11 13:00:00,1.592,2.68,19.0,88.3,80.1,9.17
2026-06-11 14:00:00,1.934,2.43,17.1,89.8,80.6,12.05
2026-06-11 15:00:00,2.312,2.68,16.8,88.7,81.4,11.94
2026-06-11 16:00:00,2.6,2.11,17.0,91.7,78.6,11.91
2026-06-11 17:00:00,2.538,0.0,15.8,89.2,78.6,11.93
2026-06-11 18:00:00,2.494,0.0,16.2,90.6,79.4,11.98
2026-06-11 19:00:00,2.42,0.0,16.4,94.0,79.2,11.79
2026-06-11 20:00:00,2.379,0.0,16.1,93.5,79.7,12.05
2026-06-11 21:00:00,2.307,0.0,17.0,92.2,80.3,11.95
2026-06-11 22:00:00,2.271,0.0,16.5,89.0,81.0,12.14
2026-06-11 23:00:00,2.219,0.0,18.2,89.2,82.1,12.04
2026-06-12 00:00:00,2.17,0.0,19.4,88.0,82.3,11.79
2026-06-12 01:00:00,2.121,0.0,19.9,85.0,82.6,12.02
2026-06-12 02:00:00,2.066,0.0,21.9,87.8,84.0,12.39
2026-06-12 03:00:00,1.992,0.0,21.4,85.8,85.6,12.08
2026-06-12 04:00:00,1.954,0.0,22.4,83.3,84.5,11.45
2026-06-12 05:00:00,1.902,0.0,22.9,83.2,84.1,10.74
2026-06-12 06:00:00,1.845,0.0,23.6,83.3,85.9,10.1
2026-06-12 07:00:00,1.785,0.0,22.3,80.1,84.8,9.38
2026-06-12 08:00:00,1.74,0.0,23.0,83.3,82.9,8.64
2026-06-12 09:00:00,1.687,0.0,22.0,83.4,84.8,8.21
2026-06-12 10:00:00,1.633,0.0,20.9,84.0,83.1,7.44
2026-06-12 11:00:00,1.578,0.0,20.6,86.3,82.7,6.8
2026-06-12 12:00:00,1.535,0.0,19.6,90.7,82.3,6.38
2026-06-12 13:00:00,1.588,0.49,18.4,90.3,81.4,7.3
2026-06-12 14:00:00,1.589,0.09,17.8,89.6,81.1,7.06
2026-06-12 15:00:00,1.581,0.08,16.9,92.4,79.5,6.9
2026-06-12 16:00:00,1.616,0.3,16.5,94.4,79.8,7.44
2026-06-12 17:00:00,1.564,0.0,16.4,94.2,78.9,6.58
2026-06-12 18:00:00,1.509,0.0,16.6,93.1,79.6,5.88
2026-06-12 19:00:00,1.468,0.0,15.6,91.9,79.6,5.45
2026-06-12 20:00:00,1.408,0.0,17.3,93.4,78.7,4.56
2026-06-12 21:00:00,1.34,0.0,16.2,92.1,80.7,3.85
2026-06-12 22:00:00,1.3,0.0,17.7,91.8,80.1,3.4
2026-06-12 23:00:00,1.235,0.0,18.8,90.2,81.9,2.41
2026-06-13 00:00:00,1.187,0.0,19.6,89.6,82.3,1.8
2026-06-13 01:00:00,1.208,0.0,20.2,85.9,84.2,2.05
2026-06-13 02:00:00,1.205,0.0,21.2,87.5,83.3,2.04
2026-06-13 03:00:00,1.203,0.0,21.8,84.8,83.8,1.92
2026-06-13 04:00:00,1.201,0.0,22.3,86.8,84.6,1.71
2026-06-13 05:00:00,1.199,0.0,23.2,82.1,84.7,1.82
2026-06-13 06:00:00,1.21,0.0,23.1,85.6,85.6,2.2
2026-06-13 07:00:00,1.204,0.0,22.6,83.5,83.6,2.2
2026-06-13 08:00:00,1.192,0.0,22.9,82.7,83.8,2.08
2026-06-13 09:00:00,1.207,0.0,22.1,83.7,83.3,2.07
2026-06-13 10:00:00,1.209,0.0,21.6,85.0,84.3,2.0
2026-06-13 11:00:00,1.193,0.0,20.7,87.3,84.1,1.86
2026-06-13 12:00:00,1.196,0.0,19.2,88.8,81.9,1.84
2026-06-13 13:00:00,1.527,2.21,18.4,88.4,81.1,7.83
2026-06-13 14:00:00,1.817,2.07,18.0,90.5,80.6,11.31
2026-06-13 15:00:00,2.082,1.98,17.3,94.7,80.8,12.03
2026-06-13 16:00:00,2.414,2.32,16.5,94.9,78.7,11.99
2026-06-13 17:00:00,2.365,0.0,16.2,93.5,79.3,12.2
2026-06-13 18:00:00,2.329,0.0,16.5,93.1,79.8,12.01
2026-06-13 19:00:00,2.278,0.0,15.9,93.0,79.5,11.92
2026-06-13 20:00:00,2.218,0.0,16.7,93.3,79.6,12.02
2026-06-13 21:00:00,2.162,0.0,16.9,90.0,80.7,12.13
2026-06-13 22:00:00,2.111,0.0,17.7,90.1,78.3,12.03
2026-06-13 23:00:00,2.038,0.0,19.0,86.8,81.8,11.9
2026-06-14 00:00:00,2.559,3.48,19.8,88.6,81.5,12.01
2026-06-14 01:00:00,2.591,5.57,20.7,87.7,81.3,12.24
2026-06-14 02:00:00,2.612,5.8,21.8,84.8,83.9,12.06
2026-06-14 03:00:00,2.601,2.51,22.0,86.8,85.2,11.98
2026-06-14 04:00:00,2.592,4.57,22.8,81.8,84.5,12.01
2026-06-14 05:00:00,2.602,4.54,22.8,81.0,85.7,11.88
2026-06-14 06:00:00,2.603,3.85,23.1,83.3,86.3,11.98
2026-06-14 07:00:00,2.585,6.66,22.8,84.7,85.9,11.91
2026-06-14 08:00:00,2.597,6.14,22.6,86.2,85.9,12.19
2026-06-14 09:00:00,2.604,5.49,22.2,83.8,84.7,11.87
2026-06-14 10:00:00,2.604,5.57,20.9,87.1,83.6,11.85
2026-06-14 11:00:00,2.609,4.31,21.2,86.6,81.5,11.95
2026-06-14 12:00:00,2.599,6.6,19.1,87.7,81.8,12.13
2026-06-14 13:00:00,2.59,7.35,18.1,90.6,80.5,11.86
2026-06-14 14:00:00,2.595,7.25,18.2,91.5,82.2,12.1
2026-06-14 15:00:00,2.588,7.77,17.3,89.2,79.7,11.72
2026-06-14 16:00:00,2.596,5.42,16.7,94.5,79.5,12.06
2026-06-14 17:00:00,2.61,6.04,16.4,94.9,79.5,11.95
2026-06-14 18:00:00,2.597,2.98,16.0,92.1,79.0,12.12
2026-06-14 19:00:00,2.585,3.73,15.8,93.4,80.5,11.96
2026-06-14 20:00:00,2.602,3.68,16.5,93.1,78.9,12.04
2026-06-14 21:00:00,2.596,6.89,16.8,91.9,80.0,12.0
2026-06-14 22:00:00,2.58,6.28,18.1,89.7,79.9,11.93
2026-06-14 23:00:00,2.604,5.51,18.5,88.3,80.2,11.9
2026-06-15 00:00:00,2.6,5.64,19.2,88.0,81.5,12.04
2026-06-15 01:00:00,2.597,4.81,20.3,88.5,82.7,12.02
2026-06-15 02:00:00,2.592,6.74,21.4,86.3,83.2,11.98
2026-06-15 03:00:00,2.605,4.48,21.7,83.9,83.6,12.02
2026-06-15 04:00:00,2.595,3.9,22.2,84.8,83.5,12.02
2026-06-15 05:00:00,2.606,2.82,23.0,78.9,84.8,11.8
2026-06-15 06:00:00,2.609,5.93,23.1,84.7,83.8,11.97
2026-06-15 07:00:00,2.603,5.67,22.7,80.6,85.5,12.12
2026-06-15 08:00:00,2.589,3.92,22.3,83.1,84.7,11.93
2026-06-15 09:00:00,2.598,2.13,22.1,82.8,83.0,11.92
2026-06-15 10:00:00,2.614,6.19,20.7,83.6,83.3,11.91
2026-06-15 11:00:00,2.596,2.06,19.8,88.4,82.2,12.02
2026-06-15 12:00:00,2.59,5.52,19.2,87.3,82.3,11.96
2026-06-15 13:00:00,2.603,9.0,18.5,89.8,82.3,11.97
2026-06-15 14:00:00,2.599,6.3,17.9,90.4,79.0,11.95
2026-06-15 15:00:00,2.588,5.27,17.6,92.3,80.0,12.03
2026-06-15 16:00:00,2.614,7.77,16.8,92.4,79.3,12.0
2026-06-15 17:00:00,2.602,6.09,16.1,90.9,79.6,12.07
2026-06-15 18:00:00,2.59,4.73,16.0,94.5,79.2,12.17
2026-06-15 19:00:00,2.602,6.84,15.7,92.1,78.5,12.16
2026-06-15 20:00:00,2.594,2.26,16.5,90.0,79.1,12.18
2026-06-15 21:00:00,2.606,4.52,16.9,90.9,79.2,12.06
2026-06-15 22:00:00,2.602,5.59,17.9,92.8,81.4,11.98
2026-06-15 23:00:00,2.61,6.31,18.3,90.6,81.2,12.01
2026-06-16 00:00:00,2.584,2.9,19.7,87.5,83.5,11.89
2026-06-16 01:00:00,2.599,6.0,21.0,86.2,82.7,12.03
2026-06-16 02:00:00,2.6,4.76,21.2,85.0,82.9,12.12
2026-06-16 03:00:00,2.584,3.98,22.1,87.6,82.9,12.01
2026-06-16 04:00:00,2.585,2.66,22.8,84.2,83.2,12.08
2026-06-16 05:00:00,2.599,6.33,22.7,83.8,83.6,12.04
2026-06-16 06:00:00,2.593,2.79,23.1,84.5,85.2,12.13
2026-06-16 07:00:00,2.608,3.55,22.9,83.5,85.3,12.06
2026-06-16 08:00:00,2.599,3.45,22.6,83.3,83.3,12.06
2026-06-16 09:00:00,2.594,6.36,21.7,84.2,84.8,12.09
2026-06-16 10:00:00,2.613,5.36,21.3,85.4,83.1,12.11
2026-06-16 11:00:00,2.594,5.98,20.6,86.7,82.9,12.04
2026-06-16 12:00:00,2.59,3.25,20.1,89.1,83.3,12.06
2026-06-16 13:00:00,2.604,6.85,19.0,89.4,81.9,11.81
2026-06-16 14:00:00,2.591,7.02,18.6,91.6,80.3,11.97
2026-06-16 15:00:00,2.598,7.5,16.7,91.4,79.2,11.88
2026-06-16 16:00:00,2.603,8.73,16.8,92.4,77.7,12.03
2026-06-16 17:00:00,2.598,2.06,16.2,89.8,78.5,11.92
2026-06-16 18:00:00,2.608,5.37,16.9,94.4,78.8,12.17
2026-06-16 19:00:00,2.596,2.26,15.8,93.3,78.3,11.94
2026-06-16 20:00:00,2.604,4.74,16.1,93.8,79.3,11.96
2026-06-16 21:00:00,2.599,3.44,16.8,87.2,79.9,12.07
2026-06-16 22:00:00,2.585,3.53,16.9,93.6,80.3,12.13
2026-06-16 23:00:00,2.601,3.76,18.4,89.1,80.7,11.96
2026-06-17 00:00:00,2.546,0.0,19.2,89.7,82.1,12.0
2026-06-17 01:00:00,2.479,0.0,20.5,85.1,83.1,12.15
2026-06-17 02:00:00,2.44,0.0,21.4,86.4,82.6,12.04
2026-06-17 03:00:00,2.394,0.0,22.7,82.9,85.3,11.9
2026-06-17 04:00:00,2.337,0.0,22.9,82.7,84.5,11.97
2026-06-17 05:00:00,2.287,0.0,22.6,86.0,84.9,11.79
2026-06-17 06:00:00,2.227,0.0,22.6,82.7,85.6,11.94
2026-06-17 07:00:00,2.178,0.0,23.1,83.5,85.1,12.05
2026-06-17 08:00:00,2.116,0.0,22.0,85.0,85.4,11.93
2026-06-17 09:00:00,2.068,0.0,22.7,85.2,84.4,11.91
2026-06-17 10:00:00,2.022,0.0,21.7,85.7,83.0,11.96
2026-06-17 11:00:00,1.939,0.0,20.2,87.3,83.1,11.19
2026-06-17 12:00:00,1.9,0.0,18.8,91.6,81.1,10.58
2026-06-17 13:00:00,2.321,2.91,19.1,89.2,81.3,12.01
2026-06-17 14:00:00,2.611,2.95,17.7,90.8,80.5,12.03
2026-06-17 15:00:00,2.595,2.67,17.5,93.1,79.7,12.05
2026-06-17 16:00:00,2.596,3.14,15.8,94.0,79.3,11.93
2026-06-17 17:00:00,2.536,0.0,15.9,94.6,77.6,11.82
2026-06-17 18:00:00,2.488,0.0,16.0,94.0,78.6,12.02
2026-06-17 19:00:00,2.436,0.0,16.1,91.1,79.2,11.96
2026-06-17 20:00:00,2.375,0.0,16.3,94.8,79.5,12.06
2026-06-17 21:00:00,2.318,0.0,17.3,89.8,79.1,12.08
2026-06-17 22:00:00,2.267,0.0,17.3,91.0,81.5,11.92
2026-06-17 23:00:00,2.209,0.0,18.5,88.2,80.5,11.95
2026-06-18 00:00:00,2.176,0.0,19.5,87.9,82.8,12.05
2026-06-18 01:00:00,2.122,0.0,20.6,87.2,83.1,12.05
2026-06-18 02:00:00,2.052,0.0,21.5,86.0,83.0,11.97
2026-06-18 03:00:00,2.002,0.0,21.5,85.1,85.5,12.13
2026-06-18 04:00:00,1.945,0.0,21.9,86.1,83.6,11.4
2026-06-18 05:00:00,1.909,0.0,23.4,83.9,85.6,11.05
2026-06-18 06:00:00,1.846,0.0,23.1,82.6,85.8,10.14
2026-06-18 07:00:00,1.814,0.0,22.6,84.6,84.4,9.62
2026-06-18 08:00:00,1.731,0.0,23.2,85.5,85.7,8.45
2026-06-18 09:00:00,1.696,0.0,22.0,82.6,83.9,8.01
2026-06-18 10:00:00,1.634,0.0,21.7,86.4,83.7,7.46
2026-06-18 11:00:00,1.585,0.0,20.4,87.8,83.0,6.85
2026-06-18 12:00:00,1.531,0.0,20.3,87.6,81.9,6.27
2026-06-18 13:00:00,1.588,0.53,19.3,91.4,81.9,7.21
2026-06-18 14:00:00,1.705,0.86,17.7,90.3,81.1,9.09
2026-06-18 15:00:00,1.808,0.69,17.4,91.7,78.5,10.19
2026-06-18 16:00:00,1.921,0.83,16.7,92.1,80.4,11.55
2026-06-18 17:00:00,1.87,0.0,16.7,92.9,77.8,10.53
2026-06-18 18:00:00,1.808,0.0,15.6,91.4,79.8,9.78
2026-06-18 19:00:00,1.735,0.0,16.4,90.7,80.0,8.64
2026-06-18 20:00:00,1.688,0.0,16.9,94.7,78.5,8.18
2026-06-18 21:00:00,1.632,0.0,16.3,90.3,79.6,7.47
2026-06-18 22:00:00,1.597,0.0,17.3,89.0,79.6,7.03
2026-06-18 23:00:00,1.535,0.0,17.8,86.1,81.1,6.08
2026-06-19 00:00:00,1.472,0.0,19.4,87.0,81.8,5.52
2026-06-19 01:00:00,1.432,0.0,20.7,84.7,83.4,4.89
2026-06-19 02:00:00,1.369,0.0,21.9,88.0,84.5,3.91
2026-06-19 03:00:00,1.311,0.0,22.0,86.0,85.2,3.58
2026-06-19 04:00:00,1.256,0.0,23.2,82.6,84.1,2.72
2026-06-19 05:00:00,1.221,0.0,22.3,86.5,84.7,2.14
2026-06-19 06:00:00,1.201,0.0,22.3,84.5,83.7,2.11
2026-06-19 07:00:00,1.2,0.0,22.9,82.7,84.3,2.29
2026-06-19 08:00:00,1.187,0.0,22.7,79.9,85.4,1.94
2026-06-19 09:00:00,1.199,0.0,22.0,87.9,85.4,2.06
2026-06-19 10:00:00,1.204,0.0,20.4,83.4,82.5,1.97
2026-06-19 11:00:00,1.202,0.0,20.4,84.2,82.3,1.84
2026-06-19 12:00:00,1.205,0.0,19.0,89.5,82.0,2.09
2026-06-19 13:00:00,1.553,2.41,18.9,93.0,81.4,8.45
2026-06-19 14:00:00,1.992,3.04,17.9,92.6,79.9,12.01
2026-06-19 15:00:00,2.269,2.0,16.6,92.4,80.2,11.93
2026-06-19 16:00:00,2.609,2.53,16.3,93.2,79.0,12.14
2026-06-19 17:00:00,2.544,0.0,15.7,94.1,79.1,12.0
2026-06-19 18:00:00,2.484,0.0,16.0,94.1,79.4,12.12
2026-06-19 19:00:00,2.443,0.0,16.5,93.3,79.1,12.19
2026-06-19 20:00:00,2.376,0.0,16.1,92.5,79.1,11.96
2026-06-19 21:00:00,2.331,0.0,17.2,91.4,79.8,12.06
2026-06-19 22:00:00,2.274,0.0,17.5,89.4,80.4,11.91
2026-06-19 23:00:00,2.229,0.0,18.3,88.9,80.9,12.07
2026-06-20 00:00:00,2.161,0.0,19.5,85.5,81.8,12.14
2026-06-20 01:00:00,2.124,0.0,20.0,86.6,84.1,12.01
2026-06-20 02:00:00,2.062,0.0,21.0,84.0,83.9,12.06
2026-06-20 03:00:00,2.001,0.0,21.5,82.8,83.9,12.0
2026-06-20 04:00:00,1.938,0.0,23.3,83.9,85.2,11.31
2026-06-20 05:00:00,1.89,0.0,22.9,85.3,84.6,10.77
2026-06-20 06:00:00,1.847,0.0,22.7,84.4,85.9,10.06
2026-06-20 07:00:00,1.791,0.0,23.0,80.8,85.2,9.36
2026-06-20 08:00:00,1.755,0.0,22.5,82.2,84.5,8.69
2026-06-20 09:00:00,1.701,0.0,21.9,85.9,84.5,8.29
2026-06-20 10:00:00,1.627,0.0,21.5,84.0,82.2,7.23
2026-06-20 11:00:00,1.597,0.0,20.7,86.4,81.9,6.86
2026-06-20 12:00:00,1.52,0.0,19.3,88.8,81.0,6.11
2026-06-20 13:00:00,1.797,1.86,18.4,87.8,81.3,10.85
2026-06-20 14:00:00,2.11,2.19,17.6,90.7,81.9,11.9
2026-06-20 15:00:00,2.385,1.87,16.1,89.5,81.7,12.11
2026-06-20 16:00:00,2.604,2.37,15.9,91.4,79.9,12.04
2026-06-20 17:00:00,2.56,0.0,16.7,93.3,79.5,12.0
2026-06-20 18:00:00,2.482,0.0,16.7,90.6,77.6,12.04
2026-06-20 19:00:00,2.454,0.0,16.0,93.5,78.7,11.9
2026-06-20 20:00:00,2.38,0.0,16.7,92.3,78.8,12.04
2026-06-20 21:00:00,2.328,0.0,17.1,92.4,79.4,11.9
2026-06-20 22:00:00,2.284,0.0,19.0,90.8,80.4,12.23
2026-06-20 23:00:00,2.223,0.0,19.0,91.3,80.8,11.91
2026-06-21 00:00:00,2.155,0.0,19.4,88.2,80.4,12.03
2026-06-21 01:00:00,2.123,0.0,20.0,86.1,83.4,12.05
2026-06-21 02:00:00,2.06,0.0,20.6,85.7,82.6,11.94
2026-06-21 03:00:00,1.998,0.0,22.1,85.3,84.3,12.06
2026-06-21 04:00:00,1.962,0.0,22.2,83.7,86.3,11.37
2026-06-21 05:00:00,1.914,0.0,22.3,83.2,84.2,10.98
2026-06-21 06:00:00,1.859,0.0,22.7,81.9,83.0,10.1
2026-06-21 07:00:00,1.784,0.0,22.4,82.2,84.7,9.28
2026-06-21 08:00:00,1.746,0.0,23.2,81.6,85.5,9.0
2026-06-21 09:00:00,1.695,0.0,22.3,87.1,85.7,8.16
2026-06-21 10:00:00,1.627,0.0,21.2,83.6,82.5,7.46
2026-06-21 11:00:00,1.574,0.0,21.0,85.7,83.2,6.84
2026-06-21 12:00:00,1.526,0.0,19.5,86.9,81.6,6.24
2026-06-21 13:00:00,1.912,2.61,18.2,90.6,81.1,11.99
2026-06-21 14:00:00,2.203,2.09,18.4,90.1,82.6,11.97
2026-06-21 15:00:00,2.545,2.32,17.2,93.4,78.7,12.01
2026-06-21 16:00:00,2.595,2.18,16.1,91.3,79.6,11.98
2026-06-21 17:00:00,2.547,0.0,16.0,93.2,79.5,11.79
2026-06-21 18:00:00,2.496,0.0,15.6,91.7,79.9,11.9
2026-06-21 19:00:00,2.428,0.0,15.6,96.0,79.2,11.83
2026-06-21 20:00:00,2.369,0.0,16.8,90.5,79.6,11.86
2026-06-21 21:00:00,2.324,0.0,17.8,92.0,79.6,12.2
2026-06-21 22:00:00,2.271,0.0,17.2,91.5,80.7,12.02
2026-06-21 23:00:00,2.225,0.0,18.8,89.9,80.9,12.01
2026-06-22 00:00:00,2.168,0.0,19.2,87.7,82.5,11.88
2026-06-22 01:00:00,2.126,0.0,20.2,86.5,82.5,12.18
2026-06-22 02:00:00,2.048,0.0,21.0,85.6,83.8,11.9
2026-06-22 03:00:00,2.006,0.0,21.6,84.2,84.1,11.9
2026-06-22 04:00:00,1.96,0.0,22.6,85.1,85.5,11.42
2026-06-22 05:00:00,1.92,0.0,22.5,86.5,84.9,11.12
2026-06-22 06:00:00,1.851,0.0,23.1,82.2,83.6,10.24
2026-06-22 07:00:00,1.805,0.0,22.9,81.1,85.9,9.51
2026-06-22 08:00:00,1.737,0.0,22.4,83.5,83.9,8.72
2026-06-22 09:00:00,1.697,0.0,21.6,88.3,83.6,8.22
2026-06-22 10:00:00,1.624,0.0,21.0,84.3,83.0,7.22
2026-06-22 11:00:00,1.583,0.0,20.7,89.2,83.9,6.78
2026-06-22 12:00:00,1.545,0.0,19.7,90.5,80.3,6.18
2026-06-22 13:00:00,1.991,3.14,18.2,88.5,83.7,12.15
2026-06-22 14:00:00,2.588,3.98,17.8,91.4,81.3,11.96
2026-06-22 15:00:00,2.604,4.05,17.3,94.0,80.1,12.06
2026-06-22 16:00:00,2.602,4.04,15.8,91.8,79.4,11.99
2026-06-22 17:00:00,2.549,0.0,16.3,92.5,79.3,11.75
2026-06-22 18:00:00,2.497,0.0,15.7,92.1,79.4,12.01
2026-06-22 19:00:00,2.436,0.0,16.3,91.3,79.6,12.2
2026-06-22 20:00:00,2.378,0.0,16.2,91.4,79.8,11.96
2026-06-22 21:00:00,2.346,0.0,16.3,89.7,80.0,11.92
2026-06-22 22:00:00,2.271,0.0,17.1,90.6,80.3,11.99
2026-06-22 23:00:00,2.229,0.0,18.6,88.1,81.1,12.02
2026-06-23 00:00:00,2.158,0.0,19.6,88.4,81.8,11.95
2026-06-23 01:00:00,2.11,0.0,20.0,84.4,83.7,11.99
2026-06-23 02:00:00,2.065,0.0,21.5,86.0,84.0,12.04
2026-06-23 03:00:00,1.994,0.0,21.3,85.7,81.8,12.03
2026-06-23 04:00:00,1.957,0.0,22.5,80.7,85.1,11.6
2026-06-23 05:00:00,1.906,0.0,22.4,83.7,85.1,10.93
2026-06-23 06:00:00,1.853,0.0,22.7,84.8,85.0,10.3
2026-06-23 07:00:00,1.8,0.0,22.9,81.4,84.6,9.49
2026-06-23 08:00:00,1.761,0.0,22.2,86.2,85.5,9.11
2026-06-23 09:00:00,1.695,0.0,21.8,85.1,84.9,8.06
2026-06-23 10:00:00,1.626,0.0,21.7,84.4,82.9,7.36
2026-06-23 11:00:00,1.585,0.0,20.2,86.6,83.1,6.75
2026-06-23 12:00:00,1.531,0.0,19.8,88.8,81.2,6.29
2026-06-23 13:00:00,1.842,2.14,18.1,89.4,80.1,11.63
2026-06-23 14:00:00,2.129,2.05,18.0,91.3,80.0,11.92
2026-06-23 15:00:00,2.345,1.54,17.6,90.2,80.6,11.96
2026-06-23 16:00:00,2.596,1.96,15.5,92.6,80.2,11.87
2026-06-23 17:00:00,2.545,0.0,15.8,90.7,79.5,11.94
2026-06-23 18:00:00,2.468,0.0,16.2,92.8,79.6,12.21
2026-06-23 19:00:00,2.446,0.0,16.0,91.5,79.5,11.96
2026-06-23 20:00:00,2.384,0.0,16.6,91.2,78.9,11.88
2026-06-23 21:00:00,2.343,0.0,16.8,93.4,80.2,12.19
2026-06-23 22:00:00,2.277,0.0,17.8,92.1,81.1,12.1
2026-06-23 23:00:00,2.224,0.0,18.5,90.2,81.8,11.87
2026-06-24 00:00:00,2.165,0.0,20.0,86.4,83.0,12.01
2026-06-24 01:00:00,2.112,0.0,20.5,86.2,83.3,11.98
2026-06-24 02:00:00,2.061,0.0,21.4,87.3,83.8,11.99
2026-06-24 03:00:00,2.01,0.0,21.8,84.7,85.0,11.89
2026-06-24 04:00:00,1.95,0.0,22.3,87.1,84.6,11.25
2026-06-24 05:00:00,1.911,0.0,22.7,83.8,84.2,10.67
2026-06-24 06:00:00,1.859,0.0,23.2,83.3,84.9,10.38
2026-06-24 07:00:00,1.794,0.0,22.7,82.7,84.3,9.17
2026-06-24 08:00:00,1.741,0.0,22.6,83.9,84.1,8.75
2026-06-24 09:00:00,1.682,0.0,22.8,84.2,84.0,7.98
2026-06-24 10:00:00,1.649,0.0,21.6,86.6,82.9,7.68
2026-06-24 11:00:00,1.576,0.0,20.3,88.1,82.5,6.54
2026-06-24 12:00:00,1.527,0.0,20.0,86.8,80.5,6.07
2026-06-24 13:00:00,2.04,3.47,18.4,87.3,81.4,11.95
2026-06-24 14:00:00,2.604,4.1,16.9,87.7,80.5,12.19
2026-06-24 15:00:00,2.607,3.85,16.6,92.3,79.2,12.0
2026-06-24 16:00:00,2.599,3.98,15.7,90.7,79.9,11.96
2026-06-24 17:00:00,2.555,0.0,16.0,89.6,79.9,11.94
2026-06-24 18:00:00,2.492,0.0,16.0,93.6,77.7,12.01
2026-06-24 19:00:00,2.433,0.0,16.8,96.6,78.5,11.86
2026-06-24 20:00:00,2.386,0.0,16.6,92.3,78.8,11.99
2026-06-24 21:00:00,2.333,0.0,16.9,92.8,79.1,11.95
2026-06-24 22:00:00,2.285,0.0,18.1,90.6,81.2,11.91
2026-06-24 23:00:00,2.235,0.0,17.7,89.1,81.1,11.83
2026-06-25 00:00:00,2.171,0.0,19.6,89.4,81.8,12.05
2026-06-25 01:00:00,2.107,0.0,20.7,86.3,81.2,12.04
2026-06-25 02:00:00,2.071,0.0,20.7,85.9,84.0,11.78
2026-06-25 03:00:00,2.011,0.0,22.4,84.9,83.1,11.75
2026-06-25 04:00:00,1.946,0.0,22.7,82.7,84.6,11.49
2026-06-25 05:00:00,1.897,0.0,22.7,84.7,85.1,10.59
2026-06-25 06:00:00,1.847,0.0,23.3,82.7,86.1,10.29
2026-06-25 07:00:00,1.781,0.0,23.8,82.0,83.9,9.15
2026-06-25 08:00:00,1.754,0.0,22.6,84.5,82.2,9.11
2026-06-25 09:00:00,1.688,0.0,22.1,83.1,84.3,7.97
2026-06-25 10:00:00,1.652,0.0,21.1,85.5,84.9,7.81
2026-06-25 11:00:00,1.588,0.0,20.1,86.7,83.8,6.76
2026-06-25 12:00:00,1.528,0.0,19.8,89.6,82.2,6.09
2026-06-25 13:00:00,1.7,1.22,18.3,90.0,80.8,9.37
2026-06-25 14:00:00,1.727,0.24,17.8,90.5,81.1,8.68
2026-06-25 15:00:00,1.836,0.79,16.8,92.8,79.1,10.62
2026-06-25 16:00:00,1.922,0.7,16.7,94.4,79.8,11.74
2026-06-25 17:00:00,1.854,0.0,16.3,93.7,79.5,10.17
2026-06-25 18:00:00,1.804,0.0,16.4,93.0,79.8,9.4
2026-06-25 19:00:00,1.758,0.0,15.9,90.9,81.3,9.22
2026-06-25 20:00:00,1.686,0.0,16.4,90.7,79.7,8.07
2026-06-25 21:00:00,1.652,0.0,16.6,91.1,79.5,7.66
2026-06-25 22:00:00,1.592,0.0,17.6,89.6,80.5,6.77
2026-06-25 23:00:00,1.541,0.0,18.7,89.0,79.8,6.18
2026-06-26 00:00:00,1.467,0.0,19.8,88.1,81.4,5.46
2026-06-26 01:00:00,1.439,0.0,20.0,87.5,82.4,4.99
2026-06-26 02:00:00,1.38,0.0,21.6,85.4,83.1,4.36
2026-06-26 03:00:00,1.327,0.0,22.5,85.2,84.2,3.67
2026-06-26 04:00:00,1.269,0.0,22.7,83.8,83.9,3.0
2026-06-26 05:00:00,1.221,0.0,23.6,80.2,85.8,2.29
2026-06-26 06:00:00,1.19,0.0,22.7,81.6,85.0,1.9
2026-06-26 07:00:00,1.193,0.0,22.4,83.0,84.9,1.85
2026-06-26 08:00:00,1.193,0.0,21.8,81.9,84.3,1.81
2026-06-26 09:00:00,1.217,0.0,22.6,85.4,84.2,2.35
2026-06-26 10:00:00,1.215,0.0,21.5,87.8,84.2,2.07
2026-06-26 11:00:00,1.201,0.0,20.4,88.5,82.1,1.88
2026-06-26 12:00:00,1.194,0.0,19.6,87.7,81.5,1.84
2026-06-26 13:00:00,1.484,1.92,18.1,91.5,81.0,7.05
2026-06-26 14:00:00,1.674,1.37,18.7,90.7,79.4,9.09
2026-06-26 15:00:00,1.957,1.92,17.1,91.0,79.2,11.85
2026-06-26 16:00:00,2.213,1.85,16.5,91.4,79.0,12.11
2026-06-26 17:00:00,2.141,0.0,16.4,92.4,79.8,12.1
2026-06-26 18:00:00,2.097,0.0,16.2,92.4,79.2,11.98
2026-06-26 19:00:00,2.034,0.0,16.2,93.1,79.3,11.93
2026-06-26 20:00:00,2.003,0.0,16.2,92.6,80.1,12.0
2026-06-26 21:00:00,1.939,0.0,17.2,91.5,79.8,11.16
2026-06-26 22:00:00,1.872,0.0,18.5,91.2,80.8,10.51
2026-06-26 23:00:00,1.814,0.0,19.1,91.1,81.1,9.63
2026-06-27 00:00:00,1.772,0.0,20.1,89.4,82.2,9.16
2026-06-27 01:00:00,1.716,0.0,20.2,84.5,82.3,8.49
2026-06-27 02:00:00,1.67,0.0,20.9,81.7,81.5,7.94
2026-06-27 03:00:00,1.603,0.0,21.9,85.9,84.0,7.01
2026-06-27 04:00:00,1.568,0.0,22.6,81.6,85.7,6.68
2026-06-27 05:00:00,1.494,0.0,23.3,82.8,85.6,5.71
2026-06-27 06:00:00,1.437,0.0,22.3,81.2,85.8,4.96
2026-06-27 07:00:00,1.415,0.0,23.5,80.5,85.9,4.59
2026-06-27 08:00:00,1.34,0.0,22.5,84.5,84.7,3.82
2026-06-27 09:00:00,1.281,0.0,21.8,85.6,84.3,2.95
2026-06-27 10:00:00,1.245,0.0,20.8,84.6,83.0,2.49
2026-06-27 11:00:00,1.198,0.0,19.7,82.8,82.5,2.05
2026-06-27 12:00:00,1.203,0.0,19.8,87.2,82.5,2.07
2026-06-27 13:00:00,1.464,1.87,18.6,89.9,82.2,6.84
2026-06-27 14:00:00,1.727,1.83,17.2,88.3,80.4,10.1
2026-06-27 15:00:00,2.077,2.45,16.5,91.8,79.5,11.98
2026-06-27 16:00:00,2.414,2.36,16.3,92.3,79.4,12.0
2026-06-27 17:00:00,2.361,0.0,16.8,93.7,79.6,11.89
2026-06-27 18:00:00,2.315,0.0,15.9,93.2,77.8,12.02
2026-06-27 19:00:00,2.265,0.0,15.5,91.4,77.3,11.96
2026-06-27 20:00:00,2.208,0.0,16.4,94.1,79.0,12.06
2026-06-27 21:00:00,2.154,0.0,16.9,91.3,78.9,11.92
2026-06-27 22:00:00,2.098,0.0,16.7,90.5,80.1,12.04
2026-06-27 23:00:00,2.043,0.0,18.6,87.9,81.1,11.79
2026-06-28 00:00:00,1.99,0.0,19.4,87.3,81.6,12.1
2026-06-28 01:00:00,1.933,0.0,20.7,85.4,83.9,11.09
2026-06-28 02:00:00,1.885,0.0,22.0,85.2,83.8,10.6
2026-06-28 03:00:00,1.839,0.0,22.4,87.0,84.4,9.86
2026-06-28 04:00:00,1.782,0.0,22.4,81.6,85.1,9.34
2026-06-28 05:00:00,1.722,0.0,22.4,80.8,84.0,8.56
2026-06-28 06:00:00,1.679,0.0,24.0,85.2,85.8,8.07
2026-06-28 07:00:00,1.608,0.0,22.9,82.9,84.8,7.18
2026-06-28 08:00:00,1.564,0.0,22.5,82.7,85.1,6.55
2026-06-28 09:00:00,1.512,0.0,22.0,86.0,83.3,5.88
2026-06-28 10:00:00,1.467,0.0,21.3,84.6,82.3,5.33
2026-06-28 11:00:00,1.395,0.0,20.3,89.4,83.4,4.4
2026-06-28 12:00:00,1.352,0.0,19.3,89.0,82.3,4.02
2026-06-28 13:00:00,1.561,1.46,18.4,88.6,80.5,7.59
2026-06-28 14:00:00,1.734,1.15,17.7,93.7,79.8,9.63
2026-06-28 15:00:00,1.868,1.05,16.8,90.6,80.8,11.17
2026-06-28 16:00:00,2.096,1.65,16.2,93.4,78.5,12.08
2026-06-28 17:00:00,2.047,0.0,16.2,93.3,80.4,12.11
2026-06-28 18:00:00,1.99,0.0,15.9,95.0,78.3,11.84
2026-06-28 19:00:00,1.924,0.0,16.7,95.2,79.6,11.09
2026-06-28 20:00:00,1.882,0.0,15.4,92.4,79.1,10.51
2026-06-28 21:00:00,1.829,0.0,17.5,90.4,80.4,10.01
2026-06-28 22:00:00,1.76,0.0,18.2,91.2,80.1,8.91
2026-06-28 23:00:00,1.712,0.0,17.8,88.3,81.1,8.43
2026-06-29 00:00:00,1.655,0.0,19.4,91.0,82.0,7.83
2026-06-29 01:00:00,1.609,0.0,20.3,86.9,82.0,7.12
2026-06-29 02:00:00,1.541,0.0,20.7,85.0,84.1,6.13
2026-06-29 03:00:00,1.502,0.0,21.7,84.7,83.7,5.56
2026-06-29 04:00:00,1.455,0.0,22.1,81.6,84.4,5.17
2026-06-29 05:00:00,1.419,0.0,23.6,81.7,84.1,4.97
2026-06-29 06:00:00,1.338,0.0,23.4,84.8,83.0,3.72
2026-06-29 07:00:00,1.295,0.0,23.4,82.2,84.7,3.35
2026-06-29 08:00:00,1.221,0.0,22.8,82.1,86.5,2.08
2026-06-29 09:00:00,1.195,0.0,21.5,85.3,84.7,2.0
2026-06-29 10:00:00,1.204,0.0,21.0,87.3,83.5,2.16
2026-06-29 11:00:00,1.19,0.0,20.6,87.8,82.6,1.65
2026-06-29 12:00:00,1.207,0.0,19.0,89.5,82.0,2.0
2026-06-29 13:00:00,1.573,2.68,18.9,88.2,81.7,8.82
2026-06-29 14:00:00,2.021,2.93,17.7,88.4,79.6,11.99
2026-06-29 15:00:00,2.507,3.4,16.9,93.8,80.8,11.98
2026-06-29 16:00:00,2.597,2.98,16.8,91.8,80.0,11.87
2026-06-29 17:00:00,2.54,0.0,16.3,92.5,79.7,12.05
2026-06-29 18:00:00,2.494,0.0,15.9,95.0,79.4,12.02
2026-06-29 19:00:00,2.43,0.0,16.6,93.7,79.1,11.98
2026-06-29 20:00:00,2.366,0.0,16.0,93.0,79.9,12.02
2026-06-29 21:00:00,2.341,0.0,17.3,94.8,80.4,11.85
2026-06-29 22:00:00,2.271,0.0,18.0,89.5,80.2,12.03
2026-06-29 23:00:00,2.232,0.0,18.5,90.7,80.8,11.96
2026-06-30 00:00:00,2.163,0.0,19.6,88.1,82.1,11.8
2026-06-30 01:00:00,2.116,0.0,19.9,87.1,84.0,12.2
2026-06-30 02:00:00,2.064,0.0,21.6,87.8,82.5,12.0
2026-06-30 03:00:00,2.011,0.0,21.9,85.2,82.9,12.0
2026-06-30 04:00:00,1.949,0.0,22.3,84.5,84.7,11.44
2026-06-30 05:00:00,1.904,0.0,23.3,84.8,84.9,10.8
2026-06-30 06:00:00,1.841,0.0,22.7,82.5,85.1,10.15
2026-06-30 07:00:00,1.801,0.0,22.3,81.9,85.1,9.46
2026-06-30 08:00:00,1.751,0.0,21.9,82.1,84.4,8.84
2026-06-30 09:00:00,1.684,0.0,22.2,81.5,85.3,7.97
2026-06-30 10:00:00,1.622,0.0,20.7,88.6,82.2,7.33
2026-06-30 11:00:00,1.568,0.0,21.1,85.1,82.1,6.48
2026-06-30 12:00:00,1.513,0.0,18.7,87.7,81.9,5.9
2026-06-30 13:00:00,1.708,1.29,19.3,88.9,79.9,9.36
2026-06-30 14:00:00,1.926,1.59,17.8,91.0,80.4,11.88
2026-06-30 15:00:00,2.129,1.36,17.0,92.8,81.2,11.94
2026-06-30 16:00:00,2.221,0.72,16.3,93.6,79.4,11.91
2026-06-30 17:00:00,2.166,0.0,16.3,92.0,79.3,12.13
2026-06-30 18:00:00,2.115,0.0,16.0,92.7,78.0,11.96
2026-06-30 19:00:00,2.058,0.0,16.6,93.3,78.6,11.98
2026-06-30 20:00:00,2.002,0.0,16.5,92.0,79.1,11.97
2026-06-30 21:00:00,1.946,0.0,17.1,93.9,79.6,11.35
2026-06-30 22:00:00,1.886,0.0,17.6,91.2,81.5,10.47
2026-06-30 23:00:00,1.829,0.0,18.6,90.4,81.7,9.7
2026-07-01 00:00:00,1.359,0.0,20.2,90.6,91.2,2.41
2026-07-01 01:00:00,1.339,0.0,20.7,88.1,93.1,2.34
2026-07-01 02:00:00,1.353,0.0,21.8,88.2,92.7,2.63
2026-07-01 03:00:00,1.351,0.0,22.7,86.3,94.7,2.54
2026-07-01 04:00:00,1.347,0.0,22.5,85.8,93.4,2.62
2026-07-01 05:00:00,1.341,0.0,22.8,84.4,94.0,2.41
2026-07-01 06:00:00,1.342,0.0,23.6,84.9,94.8,2.44
2026-07-01 07:00:00,1.342,0.0,23.2,84.5,94.9,2.46
2026-07-01 08:00:00,1.351,0.0,22.4,85.4,94.8,2.69
2026-07-01 09:00:00,1.348,0.0,22.3,88.4,94.0,2.51
2026-07-01 10:00:00,1.344,0.0,21.3,86.9,93.5,2.38
2026-07-01 11:00:00,1.751,2.18,20.6,92.1,92.8,9.92
2026-07-01 12:00:00,1.95,1.13,20.1,90.6,92.4,11.98
2026-07-01 13:00:00,2.209,1.34,18.5,91.3,91.2,13.94
2026-07-01 14:00:00,2.462,1.39,17.8,91.0,90.6,13.93
2026-07-01 15:00:00,2.659,1.02,17.7,93.7,90.6,14.04
2026-07-01 16:00:00,2.833,1.64,17.0,92.8,90.2,14.14
2026-07-01 17:00:00,2.843,0.0,17.2,94.0,89.8,13.77
2026-07-01 18:00:00,2.823,0.0,16.6,97.1,90.3,14.11
2026-07-01 19:00:00,2.796,0.0,16.5,93.7,90.5,13.87
2026-07-01 20:00:00,2.786,0.0,18.0,94.8,90.3,13.98
2026-07-01 21:00:00,2.765,0.0,17.8,92.0,91.3,14.22
2026-07-01 22:00:00,2.745,0.0,18.5,92.0,90.4,13.91
2026-07-01 23:00:00,2.723,0.0,18.7,93.2,91.4,13.92
2026-07-02 00:00:00,2.711,0.0,19.8,89.2,91.6,13.92
2026-07-02 01:00:00,2.686,0.0,20.8,91.1,91.6,13.87
2026-07-02 02:00:00,2.672,0.0,21.0,88.8,93.0,14.02
2026-07-02 03:00:00,2.635,0.0,22.3,86.5,93.4,14.03
2026-07-02 04:00:00,2.639,0.0,22.4,87.3,94.5,13.92
2026-07-02 05:00:00,2.639,0.0,22.8,87.3,94.2,14.1
2026-07-02 06:00:00,2.597,0.0,22.8,86.7,93.5,14.08
2026-07-02 07:00:00,2.599,0.0,23.6,84.3,94.9,14.01
2026-07-02 08:00:00,2.575,0.0,22.6,85.7,94.3,14.03
2026-07-02 09:00:00,2.539,0.0,21.7,86.9,93.7,13.98
2026-07-02 10:00:00,2.537,0.0,21.8,87.9,92.9,14.14
2026-07-02 11:00:00,2.735,1.03,20.3,89.7,92.0,13.97
2026-07-02 12:00:00,2.849,1.47,20.1,90.2,91.8,14.1
2026-07-02 13:00:00,2.849,1.24,18.4,89.4,92.0,13.93
2026-07-02 14:00:00,2.848,1.43,18.0,92.5,91.9,14.09
2026-07-02 15:00:00,2.854,1.99,18.0,93.6,91.4,14.0
2026-07-02 16:00:00,2.852,0.57,17.7,94.1,90.0,13.94
2026-07-02 17:00:00,2.83,0.0,17.2,95.2,89.5,13.93
2026-07-02 18:00:00,2.812,0.0,17.0,95.0,90.1,14.13
2026-07-02 19:00:00,2.787,0.0,17.0,94.4,89.2,13.93
2026-07-02 20:00:00,2.768,0.0,16.8,93.4,90.4,13.85
2026-07-02 21:00:00,2.758,0.0,17.6,90.8,90.5,13.94
2026-07-02 22:00:00,2.756,0.0,18.3,92.5,90.8,13.97
2026-07-02 23:00:00,2.735,0.0,19.6,91.3,90.7,14.1
2026-07-03 00:00:00,2.705,0.0,20.1,90.3,92.3,14.21
2026-07-03 01:00:00,2.692,0.0,20.1,87.4,92.3,14.15
2026-07-03 02:00:00,2.684,0.0,21.6,86.7,92.4,14.04
2026-07-03 03:00:00,2.661,0.0,22.0,88.4,92.0,14.06
2026-07-03 04:00:00,2.629,0.0,22.3,86.5,93.7,14.01
2026-07-03 05:00:00,2.63,0.0,23.1,87.0,94.8,14.15
2026-07-03 06:00:00,2.599,0.0,23.4,86.0,94.8,14.05
2026-07-03 07:00:00,2.589,0.0,23.3,86.2,93.7,13.99
2026-07-03 08:00:00,2.574,0.0,22.3,87.7,93.4,14.02
2026-07-03 09:00:00,2.559,0.0,22.0,86.6,93.6,14.14
2026-07-03 10:00:00,2.543,0.0,21.6,88.1,92.5,14.03
2026-07-03 11:00:00,2.865,3.26,21.2,88.4,92.7,14.11
2026-07-03 12:00:00,2.849,3.97,19.8,89.5,92.4,13.88
2026-07-03 13:00:00,2.842,3.9,19.1,90.7,92.1,14.09
2026-07-03 14:00:00,2.845,3.47,18.1,92.3,90.9,13.9
2026-07-03 15:00:00,2.844,4.15,17.4,92.3,90.5,13.93
2026-07-03 16:00:00,2.857,3.42,17.7,95.0,89.8,13.98
2026-07-03 17:00:00,2.821,0.0,17.6,92.8,89.7,14.0
2026-07-03 18:00:00,2.816,0.0,17.0,93.8,89.9,13.95
2026-07-03 19:00:00,2.805,0.0,17.5,93.3,90.3,13.96
2026-07-03 20:00:00,2.787,0.0,17.5,95.2,90.7,14.06
2026-07-03 21:00:00,2.768,0.0,17.6,93.1,90.2,13.89
2026-07-03 22:00:00,2.744,0.0,18.6,93.2,91.7,13.99
2026-07-03 23:00:00,2.714,0.0,19.8,89.3,91.3,14.11
2026-07-04 00:00:00,2.701,0.0,20.0,90.3,92.0,13.94
2026-07-04 01:00:00,2.682,0.0,21.4,90.0,92.1,14.07
2026-07-04 02:00:00,2.661,0.0,20.5,88.1,91.8,14.06
2026-07-04 03:00:00,2.664,0.0,22.5,88.5,93.9,14.05
2026-07-04 04:00:00,2.645,0.0,22.6,85.9,94.1,14.08
2026-07-04 05:00:00,2.615,0.0,22.8,87.8,93.8,14.14
2026-07-04 06:00:00,2.602,0.0,23.0,88.8,94.0,13.99
2026-07-04 07:00:00,2.586,0.0,22.1,85.7,94.2,14.05
2026-07-04 08:00:00,2.567,0.0,22.5,86.0,93.0,14.01
2026-07-04 09:00:00,2.545,0.0,22.3,88.9,93.1,14.12
2026-07-04 10:00:00,2.543,0.0,22.1,89.9,93.4,13.97
2026-07-04 11:00:00,2.699,0.87,20.6,88.3,91.9,14.06
2026-07-04 12:00:00,2.844,1.45,19.7,89.5,92.1,14.01
2026-07-04 13:00:00,2.859,0.95,19.0,90.7,90.8,13.92
2026-07-04 14:00:00,2.853,1.6,18.9,90.4,91.2,14.03
2026-07-04 15:00:00,2.849,1.81,18.0,91.7,90.6,13.95
2026-07-04 16:00:00,2.86,1.28,17.2,92.3,89.5,13.94
2026-07-04 17:00:00,2.818,0.0,17.3,92.9,90.7,14.06
2026-07-04 18:00:00,2.804,0.0,17.0,94.0,89.6,14.07
2026-07-04 19:00:00,2.807,0.0,17.5,94.1,89.7,14.06
2026-07-04 20:00:00,2.787,0.0,17.1,95.3,90.4,14.2
2026-07-04 21:00:00,2.768,0.0,17.7,91.6,91.2,14.03
2026-07-04 22:00:00,2.756,0.0,18.3,93.2,90.5,14.18
2026-07-04 23:00:00,2.739,0.0,18.6,90.8,91.5,13.95
2026-07-05 00:00:00,2.697,0.0,20.1,89.9,92.2,13.94
2026-07-05 01:00:00,2.696,0.0,20.9,89.8,92.9,14.02
2026-07-05 02:00:00,2.672,0.0,21.5,86.7,93.1,14.06
2026-07-05 03:00:00,2.645,0.0,22.0,87.6,93.2,14.01
2026-07-05 04:00:00,2.648,0.0,22.0,86.7,93.3,14.05
2026-07-05 05:00:00,2.628,0.0,22.7,86.7,94.0,14.16
2026-07-05 06:00:00,2.605,0.0,22.9,86.3,93.5,13.93
2026-07-05 07:00:00,2.598,0.0,22.6,89.1,92.5,14.12
2026-07-05 08:00:00,2.576,0.0,22.5,85.8,94.0,13.98
2026-07-05 09:00:00,2.555,0.0,22.3,86.5,93.9,13.87
2026-07-05 10:00:00,2.546,0.0,22.3,87.3,91.8,14.11
2026-07-05 11:00:00,2.84,2.04,20.8,88.3,92.0,14.09
2026-07-05 12:00:00,2.853,2.32,20.1,89.2,92.3,13.9
2026-07-05 13:00:00,2.84,2.54,19.2,92.5,92.5,14.04
2026-07-05 14:00:00,2.847,1.89,17.7,93.7,91.0,14.18
2026-07-05 15:00:00,2.858,1.84,17.9,92.1,90.2,14.05
2026-07-05 16:00:00,2.854,2.42,17.4,92.5,90.2,14.13
2026-07-05 17:00:00,2.839,0.0,18.1,94.4,90.8,14.05
2026-07-05 18:00:00,2.806,0.0,16.9,93.3,89.7,14.31
2026-07-05 19:00:00,2.787,0.0,17.2,94.6,89.7,13.97
2026-07-05 20:00:00,2.765,0.0,17.4,93.7,90.0,14.05
2026-07-05 21:00:00,2.761,0.0,17.4,91.0,90.1,14.08
2026-07-05 22:00:00,2.728,0.0,19.0,93.9,91.1,14.11
2026-07-05 23:00:00,2.719,0.0,19.5,93.2,92.3,13.99
2026-07-06 00:00:00,2.715,0.0,20.3,89.3,92.2,14.03
2026-07-06 01:00:00,2.693,0.0,20.4,88.5,92.4,14.08
2026-07-06 02:00:00,2.677,0.0,22.1,88.3,92.9,13.97
2026-07-06 03:00:00,2.655,0.0,21.6,87.6,92.6,14.02
2026-07-06 04:00:00,2.632,0.0,22.8,87.3,94.2,14.1
2026-07-06 05:00:00,2.625,0.0,23.8,88.5,93.9,14.01
2026-07-06 06:00:00,2.615,0.0,22.6,85.8,93.9,13.99
2026-07-06 07:00:00,2.588,0.0,22.7,85.2,95.5,13.95
2026-07-06 08:00:00,2.575,0.0,22.6,84.9,93.9,14.03
2026-07-06 09:00:00,2.55,0.0,21.9,86.3,93.0,13.98
2026-07-06 10:00:00,2.533,0.0,20.9,88.0,92.8,13.93
2026-07-06 11:00:00,2.836,4.74,20.8,91.1,93.1,13.98
2026-07-06 12:00:00,2.836,4.95,19.6,89.4,92.1,13.95
2026-07-06 13:00:00,2.845,3.76,19.4,91.3,90.8,14.11
2026-07-06 14:00:00,2.842,4.6,18.1,92.0,91.5,13.92
2026-07-06 15:00:00,2.847,4.27,18.5,94.3,90.3,13.94
2026-07-06 16:00:00,2.861,4.44,17.1,96.5,91.2,13.89
2026-07-06 17:00:00,2.829,0.0,17.0,93.2,90.6,14.03
2026-07-06 18:00:00,2.821,0.0,17.3,93.4,89.8,13.96
2026-07-06 19:00:00,2.781,0.0,16.6,95.1,90.7,13.98
2026-07-06 20:00:00,2.789,0.0,17.5,94.3,90.3,14.03
2026-07-06 21:00:00,2.763,0.0,18.4,95.0,91.0,13.89
2026-07-06 22:00:00,2.734,0.0,17.9,92.7,91.2,14.0
2026-07-06 23:00:00,2.714,0.0,19.3,90.6,91.1,14.08
2026-07-07 00:00:00,2.701,0.0,20.1,90.7,91.7,14.0
2026-07-07 01:00:00,2.676,0.0,21.1,90.3,93.0,13.96
2026-07-07 02:00:00,2.664,0.0,21.0,89.0,92.8,13.77
2026-07-07 03:00:00,2.661,0.0,21.6,87.8,93.2,14.16
2026-07-07 04:00:00,2.649,0.0,22.8,87.8,93.3,14.07
2026-07-07 05:00:00,2.62,0.0,23.0,87.5,94.1,14.08
2026-07-07 06:00:00,2.616,0.0,23.1,87.7,95.0,14.01
2026-07-07 07:00:00,2.58,0.0,23.0,86.9,93.4,13.95
2026-07-07 08:00:00,2.586,0.0,22.3,86.3,93.7,13.99
2026-07-07 09:00:00,2.529,0.0,22.2,87.3,94.1,13.85
2026-07-07 10:00:00,2.535,0.0,21.6,89.4,93.0,14.1
2026-07-07 11:00:00,2.73,1.03,20.5,88.0,92.7,14.11
2026-07-07 12:00:00,2.71,0.0,20.7,90.4,91.5,13.8
2026-07-07 13:00:00,2.802,0.46,19.4,90.6,91.7,14.03
2026-07-07 14:00:00,2.852,0.35,18.0,92.0,90.9,13.87
2026-07-07 15:00:00,2.847,0.34,18.1,94.4,91.1,14.27
2026-07-07 16:00:00,2.84,0.46,17.0,93.7,90.9,14.07
2026-07-07 17:00:00,2.816,0.0,17.4,93.9,91.4,14.09
2026-07-07 18:00:00,2.807,0.0,17.5,92.4,90.3,14.04
2026-07-07 19:00:00,2.786,0.0,16.8,94.8,90.2,14.03
2026-07-07 20:00:00,2.771,0.0,17.8,94.2,90.4,13.93
2026-07-07 21:00:00,2.764,0.0,18.0,95.4,90.4,13.96
2026-07-07 22:00:00,2.746,0.0,18.8,91.6,91.2,13.98
2026-07-07 23:00:00,2.726,0.0,20.0,91.3,91.3,14.04
2026-07-08 00:00:00,2.705,0.0,19.9,90.3,92.1,13.9
2026-07-08 01:00:00,2.687,0.0,20.5,90.9,93.2,14.12
2026-07-08 02:00:00,2.675,0.0,21.1,87.9,92.5,13.92
2026-07-08 03:00:00,2.66,0.0,21.8,87.5,94.0,14.05
2026-07-08 04:00:00,2.645,0.0,22.6,87.3,94.4,13.9
2026-07-08 05:00:00,2.618,0.0,23.0,86.4,93.9,13.93
2026-07-08 06:00:00,2.604,0.0,23.1,85.5,92.9,14.05
2026-07-08 07:00:00,2.592,0.0,23.2,86.4,93.6,14.04
2026-07-08 08:00:00,2.584,0.0,22.6,87.8,94.4,14.07
2026-07-08 09:00:00,2.555,0.0,22.7,85.9,93.4,13.88
2026-07-08 10:00:00,2.533,0.0,21.4,88.2,92.5,13.97
2026-07-08 11:00:00,2.783,1.28,21.9,88.1,92.3,14.0
2026-07-08 12:00:00,2.845,0.55,20.3,91.4,92.4,13.93
2026-07-08 13:00:00,2.849,1.27,18.9,89.2,91.8,14.09
2026-07-08 14:00:00,2.863,1.19,18.1,91.3,90.9,13.98
2026-07-08 15:00:00,2.85,0.32,18.1,93.3,90.4,13.88
2026-07-08 16:00:00,2.866,0.74,17.3,95.3,90.1,13.86
2026-07-08 17:00:00,2.841,0.0,17.4,93.8,89.6,13.96
2026-07-08 18:00:00,2.809,0.0,17.2,93.3,90.8,13.89
2026-07-08 19:00:00,2.815,0.0,17.1,96.1,89.9,14.02
2026-07-08 20:00:00,2.779,0.0,17.1,91.7,90.9,14.09
2026-07-08 21:00:00,2.756,0.0,17.3,90.2,91.3,14.0
2026-07-08 22:00:00,2.744,0.0,18.3,92.5,91.5,13.95
2026-07-08 23:00:00,2.735,0.0,19.6,90.4,91.3,13.98
2026-07-09 00:00:00,2.696,0.0,20.1,88.8,92.2,13.97
2026-07-09 01:00:00,2.693,0.0,20.3,89.8,92.5,13.91
2026-07-09 02:00:00,2.667,0.0,21.6,88.3,92.5,13.95
2026-07-09 03:00:00,2.667,0.0,22.3,86.5,93.6,13.95
2026-07-09 04:00:00,2.651,0.0,22.2,85.0,93.1,13.94
2026-07-09 05:00:00,2.626,0.0,23.0,87.2,94.5,13.96
2026-07-09 06:00:00,2.612,0.0,23.0,86.8,93.8,13.89
2026-07-09 07:00:00,2.595,0.0,22.4,86.0,94.0,14.01
2026-07-09 08:00:00,2.568,0.0,22.7,88.8,93.9,13.98
2026-07-09 09:00:00,2.568,0.0,22.3,85.9,93.3,14.01
2026-07-09 10:00:00,2.533,0.0,21.9,86.2,93.3,13.88
2026-07-09 11:00:00,2.854,2.97,21.2,88.1,92.3,14.02
2026-07-09 12:00:00,2.856,2.86,19.4,89.9,92.4,13.85
2026-07-09 13:00:00,2.841,2.44,18.8,91.3,90.8,14.11
2026-07-09 14:00:00,2.853,2.17,18.7,91.7,91.1,14.05
2026-07-09 15:00:00,2.842,3.21,18.1,93.3,91.6,13.9
2026-07-09 16:00:00,2.858,1.94,17.6,92.0,89.8,14.1
2026-07-09 17:00:00,2.823,0.0,18.6,95.6,89.7,13.87
2026-07-09 18:00:00,2.813,0.0,17.2,93.9,90.3,13.92
2026-07-09 19:00:00,2.789,0.0,17.6,95.2,90.2,13.87
2026-07-09 20:00:00,2.774,0.0,17.8,93.9,90.4,13.88
2026-07-09 21:00:00,2.752,0.0,18.1,93.4,90.8,14.03
2026-07-09 22:00:00,2.742,0.0,18.4,92.7,91.3,14.05
2026-07-09 23:00:00,2.712,0.0,19.5,91.6,92.0,14.0
2026-07-10 00:00:00,2.725,0.0,19.7,90.8,92.2,13.96
2026-07-10 01:00:00,2.697,0.0,20.7,90.6,92.4,14.08
2026-07-10 02:00:00,2.681,0.0,21.3,88.2,93.3,14.02
2026-07-10 03:00:00,2.662,0.0,22.2,88.0,94.4,14.07
2026-07-10 04:00:00,2.645,0.0,23.5,86.4,93.7,13.89
2026-07-10 05:00:00,2.61,0.0,22.2,87.9,93.4,13.84
2026-07-10 06:00:00,2.604,0.0,23.3,85.2,94.6,14.06
2026-07-10 07:00:00,2.581,0.0,22.3,88.3,93.9,14.09
2026-07-10 08:00:00,2.569,0.0,22.4,86.5,92.6,13.95
2026-07-10 09:00:00,2.549,0.0,22.6,85.5,93.8,13.81
2026-07-10 10:00:00,2.54,0.0,21.5,88.2,92.7,14.17
2026-07-10 11:00:00,2.849,1.86,20.3,88.1,92.5,13.81
2026-07-10 12:00:00,2.856,1.5,19.7,91.0,92.2,13.84
2026-07-10 13:00:00,2.84,1.49,19.5,90.3,91.6,13.98
2026-07-10 14:00:00,2.851,2.03,18.2,91.5,91.4,13.9
2026-07-10 15:00:00,2.848,1.99,18.0,90.6,90.4,14.07
2026-07-10 16:00:00,2.857,2.38,17.4,92.9,90.5,14.13
2026-07-10 17:00:00,2.847,0.0,16.8,91.0,89.9,14.08
2026-07-10 18:00:00,2.812,0.0,17.9,92.1,90.4,14.09
2026-07-10 19:00:00,2.8,0.0,17.4,94.8,90.4,14.05
2026-07-10 20:00:00,2.78,0.0,16.6,94.4,89.8,13.91
2026-07-10 21:00:00,2.752,0.0,18.0,93.3,91.1,13.99
2026-07-10 22:00:00,2.744,0.0,18.2,90.8,90.7,13.93
2026-07-10 23:00:00,2.729,0.0,19.6,91.0,91.9,14.21
2026-07-11 00:00:00,2.836,6.64,19.7,90.0,92.2,14.06
2026-07-11 01:00:00,2.849,7.04,20.7,87.6,93.4,14.05
2026-07-11 02:00:00,2.847,3.49,21.7,89.8,92.9,13.99
2026-07-11 03:00:00,2.851,8.71,22.5,88.2,93.2,13.97
2026-07-11 04:00:00,2.838,8.03,22.1,86.3,93.7,13.98
2026-07-11 05:00:00,2.839,7.83,22.8,86.2,93.8,14.07
2026-07-11 06:00:00,2.835,7.94,22.8,86.3,94.4,14.1
2026-07-11 07:00:00,2.853,8.6,22.6,83.7,93.1,14.04
2026-07-11 08:00:00,2.833,6.27,23.3,86.2,93.2,13.97
2026-07-11 09:00:00,2.859,4.2,22.3,86.4,92.9,13.95
2026-07-11 10:00:00,2.841,6.7,21.0,86.8,93.5,13.94
2026-07-11 11:00:00,2.849,12.58,21.1,88.6,93.4,13.91
2026-07-11 12:00:00,2.86,13.51,20.8,92.2,91.9,13.99
2026-07-11 13:00:00,2.846,12.28,19.6,91.8,91.4,13.87
2026-07-11 14:00:00,2.854,9.49,17.9,91.3,91.0,14.05
2026-07-11 15:00:00,2.844,11.0,17.7,93.5,91.2,13.78
2026-07-11 16:00:00,2.853,13.9,17.9,95.1,89.8,13.98
2026-07-11 17:00:00,2.853,6.51,16.8,95.0,90.2,14.2
2026-07-11 18:00:00,2.85,6.23,17.2,94.1,90.5,13.95
2026-07-11 19:00:00,2.841,4.61,17.4,93.1,90.3,13.97
2026-07-11 20:00:00,2.851,5.21,17.0,94.3,90.4,14.01
2026-07-11 21:00:00,2.864,8.37,17.9,93.3,91.1,14.05
2026-07-11 22:00:00,2.849,7.0,17.2,93.1,89.6,13.93
2026-07-11 23:00:00,2.852,7.72,18.8,91.8,91.8,13.91
2026-07-12 00:00:00,2.851,5.73,19.9,91.3,91.7,14.05
2026-07-12 01:00:00,2.848,6.78,20.3,88.3,91.6,13.94
2026-07-12 02:00:00,2.833,4.49,22.2,89.6,93.3,14.11
2026-07-12 03:00:00,2.853,7.23,21.5,87.4,94.1,14.04
2026-07-12 04:00:00,2.838,5.57,22.4,89.0,93.7,14.14
2026-07-12 05:00:00,2.846,5.66,23.0,85.3,94.4,13.97
2026-07-12 06:00:00,2.841,6.9,23.6,88.1,94.8,13.82
2026-07-12 07:00:00,2.859,8.62,22.3,86.4,94.6,14.13
2026-07-12 08:00:00,2.849,3.38,23.1,85.8,94.6,13.93
2026-07-12 09:00:00,2.847,7.95,22.1,86.6,93.8,13.97
2026-07-12 10:00:00,2.84,4.75,21.1,87.6,93.0,13.97
2026-07-12 11:00:00,2.851,9.45,21.0,89.5,91.7,14.1
2026-07-12 12:00:00,2.85,6.6,20.1,90.6,91.9,13.84
2026-07-12 13:00:00,2.853,8.56,19.0,90.3,91.1,13.97
2026-07-12 14:00:00,2.861,9.92,18.5,92.0,92.1,14.14
2026-07-12 15:00:00,2.862,6.75,17.7,95.4,90.5,13.94
2026-07-12 16:00:00,2.866,10.21,17.4,95.5,90.3,14.04
2026-07-12 17:00:00,2.863,8.56,17.4,94.4,90.3,13.95
2026-07-12 18:00:00,2.848,3.63,17.6,94.0,90.0,14.03
2026-07-12 19:00:00,2.851,7.59,16.6,94.0,90.9,14.13
2026-07-12 20:00:00,2.848,5.46,18.3,94.2,90.0,14.12
2026-07-12 21:00:00,2.856,6.93,17.1,91.6,90.7,13.98
2026-07-12 22:00:00,2.855,4.56,18.4,91.7,90.6,13.95
2026-07-12 23:00:00,2.869,3.96,19.5,89.0,90.8,13.73
2026-07-13 00:00:00,2.855,3.96,20.1,90.5,91.7,13.82
2026-07-13 01:00:00,2.848,3.42,20.5,89.7,92.5,13.99
2026-07-13 02:00:00,2.862,4.11,21.4,87.4,92.8,13.93
2026-07-13 03:00:00,2.86,6.99,21.9,89.1,93.1,13.88
2026-07-13 04:00:00,2.861,8.29,22.4,85.1,93.0,13.95
2026-07-13 05:00:00,2.851,7.88,23.2,84.4,93.9,13.97
2026-07-13 06:00:00,2.86,7.11,23.1,86.3,93.2,14.11
2026-07-13 07:00:00,2.854,3.66,22.6,87.4,94.3,13.88
2026-07-13 08:00:00,2.844,4.74,23.0,88.6,93.8,13.9
2026-07-13 09:00:00,2.832,4.86,22.2,86.6,92.7,14.13
2026-07-13 10:00:00,2.847,4.5,21.8,89.3,92.8,13.97
2026-07-13 11:00:00,2.862,8.87,21.0,88.9,92.1,13.95
2026-07-13 12:00:00,2.843,8.92,19.7,89.8,92.2,13.98
2026-07-13 13:00:00,2.841,7.31,19.0,92.1,92.2,14.03
2026-07-13 14:00:00,2.847,7.74,18.8,92.8,90.1,13.95
2026-07-13 15:00:00,2.845,10.1,18.1,90.9,90.6,13.99
2026-07-13 16:00:00,2.851,10.29,17.4,95.2,90.2,13.95
2026-07-13 17:00:00,2.847,4.85,17.1,95.5,90.4,13.99
2026-07-13 18:00:00,2.849,8.48,17.5,93.2,90.1,14.0
2026-07-13 19:00:00,2.845,8.72,16.9,94.3,89.7,14.1
2026-07-13 20:00:00,2.851,4.96,17.6,94.1,90.1,13.95
2026-07-13 21:00:00,2.853,5.13,17.8,93.1,90.2,13.99
2026-07-13 22:00:00,2.836,6.03,18.4,91.3,91.5,14.03
2026-07-13 23:00:00,2.842,8.65,19.7,90.2,91.5,14.09
2026-07-14 00:00:00,2.831,0.0,20.3,90.0,93.0,14.08
2026-07-14 01:00:00,2.811,0.0,21.1,90.4,92.5,14.01
2026-07-14 02:00:00,2.808,0.0,22.0,88.7,92.6,13.97
2026-07-14 03:00:00,2.776,0.0,22.1,86.7,92.7,14.07
2026-07-14 04:00:00,2.769,0.0,22.9,87.5,92.8,13.95
2026-07-14 05:00:00,2.731,0.0,22.8,82.7,93.1,13.94
2026-07-14 06:00:00,2.736,0.0,23.1,87.4,94.1,13.92
2026-07-14 07:00:00,2.713,0.0,22.8,84.0,94.2,13.93
2026-07-14 08:00:00,2.681,0.0,22.6,86.1,92.9,13.93
2026-07-14 09:00:00,2.685,0.0,22.4,85.8,93.9,13.76
2026-07-14 10:00:00,2.664,0.0,21.2,86.4,92.8,13.88
2026-07-14 11:00:00,2.855,2.9,21.6,90.4,92.6,14.07
2026-07-14 12:00:00,2.849,3.04,19.6,89.4,92.8,13.98
2026-07-14 13:00:00,2.844,2.91,18.7,91.5,91.9,13.87
2026-07-14 14:00:00,2.864,3.4,19.0,91.9,90.9,13.91
2026-07-14 15:00:00,2.863,2.72,18.2,93.4,90.1,13.91
2026-07-14 16:00:00,2.854,2.99,17.7,93.6,89.2,13.89
2026-07-14 17:00:00,2.836,0.0,17.4,92.3,89.7,13.97
2026-07-14 18:00:00,2.811,0.0,17.0,95.2,89.9,14.06
2026-07-14 19:00:00,2.792,0.0,16.7,93.3,89.6,13.86
2026-07-14 20:00:00,2.784,0.0,17.4,91.6,90.2,13.89
2026-07-14 21:00:00,2.764,0.0,17.6,92.3,90.6,14.1
2026-07-14 22:00:00,2.739,0.0,18.9,93.8,90.9,14.12
2026-07-14 23:00:00,2.728,0.0,19.2,92.1,91.2,13.93
2026-07-15 00:00:00,2.718,0.0,19.7,89.6,92.1,13.89
2026-07-15 01:00:00,2.687,0.0,20.6,88.5,92.7,13.98
2026-07-15 02:00:00,2.678,0.0,21.7,87.6,92.5,14.11
2026-07-15 03:00:00,2.664,0.0,21.9,89.7,94.1,14.02
2026-07-15 04:00:00,2.637,0.0,22.3,87.0,93.7,13.82
2026-07-15 05:00:00,2.612,0.0,23.0,86.7,93.9,14.18
2026-07-15 06:00:00,2.591,0.0,23.1,87.2,94.4,13.92
2026-07-15 07:00:00,2.598,0.0,22.7,86.4,94.0,14.02
2026-07-15 08:00:00,2.58,0.0,22.4,86.2,94.2,14.05
2026-07-15 09:00:00,2.567,0.0,22.2,86.9,93.6,14.03
2026-07-15 10:00:00,2.543,0.0,20.9,87.9,92.7,13.93
2026-07-15 11:00:00,2.855,3.08,20.2,88.9,92.7,13.96
2026-07-15 12:00:00,2.846,2.69,19.7,90.9,91.4,14.09
2026-07-15 13:00:00,2.857,2.62,19.1,91.1,91.5,14.17
2026-07-15 14:00:00,2.863,3.48,18.6,92.9,91.0,14.09
2026-07-15 15:00:00,2.836,2.88,18.5,92.7,90.5,14.18
2026-07-15 16:00:00,2.857,3.08,17.7,93.6,90.2,13.92
2026-07-15 17:00:00,2.838,0.0,17.0,91.5,89.1,13.9
2026-07-15 18:00:00,2.819,0.0,17.0,95.1,89.7,13.87
2026-07-15 19:00:00,2.789,0.0,16.7,94.3,90.1,14.07
2026-07-15 20:00:00,2.786,0.0,17.4,94.7,90.3,14.03
2026-07-15 21:00:00,2.758,0.0,17.8,89.4,90.1,13.79
2026-07-15 22:00:00,2.741,0.0,18.6,94.5,91.6,14.05
2026-07-15 23:00:00,2.722,0.0,18.9,90.9,91.0,14.0
2026-07-16 00:00:00,2.706,0.0,20.2,91.3,92.5,13.97
2026-07-16 01:00:00,2.691,0.0,21.4,87.7,92.7,13.97
2026-07-16 02:00:00,2.685,0.0,21.5,88.7,92.7,13.78
2026-07-16 03:00:00,2.652,0.0,22.3,85.9,94.3,13.91
2026-07-16 04:00:00,2.641,0.0,22.9,85.8,93.1,14.01
2026-07-16 05:00:00,2.636,0.0,22.7,88.4,94.4,14.2
2026-07-16 06:00:00,2.6,0.0,23.1,85.8,94.5,14.0
2026-07-16 07:00:00,2.591,0.0,22.9,86.4,93.6,13.92
2026-07-16 08:00:00,2.577,0.0,22.6,87.6,94.4,13.98
2026-07-16 09:00:00,2.547,0.0,21.8,87.8,93.3,13.97
2026-07-16 10:00:00,2.53,0.0,21.5,88.2,93.1,14.1
2026-07-16 11:00:00,2.8,1.33,21.0,89.4,92.6,14.02
2026-07-16 12:00:00,2.851,1.2,20.6,92.9,91.9,14.02
2026-07-16 13:00:00,2.859,1.17,19.6,91.0,91.9,14.12
2026-07-16 14:00:00,2.849,0.99,19.4,92.2,91.4,14.03
2026-07-16 15:00:00,2.855,0.97,17.6,94.1,89.7,13.89
2026-07-16 16:00:00,2.86,0.71,17.8,94.8,90.9,14.17
2026-07-16 17:00:00,2.841,0.0,17.2,95.3,89.2,13.88
2026-07-16 18:00:00,2.798,0.0,17.9,94.8,90.5,14.07
2026-07-16 19:00:00,2.79,0.0,16.8,92.5,90.6,14.03
2026-07-16 20:00:00,2.79,0.0,17.1,95.4,89.7,13.93
2026-07-16 21:00:00,2.757,0.0,17.6,91.5,90.4,14.03
2026-07-16 22:00:00,2.732,0.0,17.7,92.4,90.4,13.92
2026-07-16 23:00:00,2.725,0.0,19.0,90.1,91.4,13.97
2026-07-17 00:00:00,2.712,0.0,19.7,89.9,91.8,14.28
2026-07-17 01:00:00,2.691,0.0,20.8,89.4,92.9,13.92
2026-07-17 02:00:00,2.685,0.0,21.6,88.4,93.7,13.84
2026-07-17 03:00:00,2.645,0.0,22.9,87.7,94.1,13.94
2026-07-17 04:00:00,2.637,0.0,23.0,88.5,93.5,13.94
2026-07-17 05:00:00,2.622,0.0,22.7,86.7,93.8,14.03
2026-07-17 06:00:00,2.614,0.0,22.6,85.7,93.2,14.01
2026-07-17 07:00:00,2.584,0.0,23.1,87.3,93.5,14.1
2026-07-17 08:00:00,2.565,0.0,22.1,88.0,94.2,13.84
2026-07-17 09:00:00,2.565,0.0,22.9,85.7,94.2,14.11
2026-07-17 10:00:00,2.532,0.0,22.0,88.7,92.4,13.96
2026-07-17 11:00:00,2.843,4.5,20.6,89.8,92.2,14.03
2026-07-17 12:00:00,2.864,4.7,19.3,89.6,92.0,14.07
2026-07-17 13:00:00,2.858,4.69,19.8,92.7,91.6,14.08
2026-07-17 14:00:00,2.85,5.15,18.5,91.8,90.6,14.11
2026-07-17 15:00:00,2.856,4.19,18.4,93.0,90.8,14.14
2026-07-17 16:00:00,2.846,4.48,16.8,93.3,90.0,13.83
2026-07-17 17:00:00,2.84,0.0,16.9,93.9,90.1,14.03
2026-07-17 18:00:00,2.812,0.0,17.0,92.7,90.3,13.98
2026-07-17 19:00:00,2.817,0.0,17.1,92.1,90.1,13.94
2026-07-17 20:00:00,2.771,0.0,17.2,95.4,90.0,14.01
2026-07-17 21:00:00,2.77,0.0,18.1,91.8,90.5,14.23
2026-07-17 22:00:00,2.748,0.0,18.1,90.8,91.0,13.87
2026-07-17 23:00:00,2.741,0.0,19.2,88.5,91.3,14.0
2026-07-18 00:00:00,2.701,0.0,20.0,89.2,91.9,13.89
2026-07-18 01:00:00,2.697,0.0,21.0,87.4,93.3,14.02
2026-07-18 02:00:00,2.676,0.0,21.8,90.0,93.3,14.13
2026-07-18 03:00:00,2.65,0.0,21.7,88.4,93.3,14.14
2026-07-18 04:00:00,2.636,0.0,22.0,85.7,94.1,14.22
2026-07-18 05:00:00,2.628,0.0,23.4,88.8,93.8,13.91
2026-07-18 06:00:00,2.59,0.0,23.1,87.2,94.6,14.08
2026-07-18 07:00:00,2.586,0.0,22.6,85.7,94.1,13.98
2026-07-18 08:00:00,2.579,0.0,23.2,83.5,93.7,14.1
2026-07-18 09:00:00,2.565,0.0,22.2,89.9,93.6,13.88
2026-07-18 10:00:00,2.55,0.0,22.0,86.3,92.2,13.94
2026-07-18 11:00:00,2.832,5.13,20.8,87.0,92.0,13.88
2026-07-18 12:00:00,2.852,4.98,20.8,91.2,91.4,13.9
2026-07-18 13:00:00,2.849,5.6,19.9,94.0,91.6,14.03
2026-07-18 14:00:00,2.849,5.17,18.4,93.7,91.9,13.95
2026-07-18 15:00:00,2.84,5.75,18.3,93.5,91.7,14.0
2026-07-18 16:00:00,2.833,5.57,17.7,94.2,90.6,13.93
2026-07-18 17:00:00,2.825,0.0,17.6,94.9,90.3,13.98
2026-07-18 18:00:00,2.812,0.0,16.6,94.9,89.1,14.1
2026-07-18 19:00:00,2.808,0.0,17.4,94.2,89.8,13.89
2026-07-18 20:00:00,2.794,0.0,17.8,93.6,89.9,13.92
2026-07-18 21:00:00,2.761,0.0,17.2,92.8,90.3,14.05
2026-07-18 22:00:00,2.762,0.0,18.0,91.1,90.9,13.95
2026-07-18 23:00:00,2.71,0.0,18.4,90.7,91.2,14.15
2026-07-19 00:00:00,2.7,0.0,19.9,88.0,91.0,13.96
2026-07-19 01:00:00,2.681,0.0,21.1,88.8,92.9,13.96
2026-07-19 02:00:00,2.666,0.0,22.1,86.8,92.5,14.07
2026-07-19 03:00:00,2.656,0.0,22.2,85.8,93.5,13.93
2026-07-19 04:00:00,2.647,0.0,23.2,86.8,94.8,14.03
2026-07-19 05:00:00,2.607,0.0,22.3,87.8,93.5,14.09
2026-07-19 06:00:00,2.606,0.0,22.3,87.1,92.7,14.14
2026-07-19 07:00:00,2.589,0.0,22.9,84.3,93.8,13.92
2026-07-19 08:00:00,2.57,0.0,22.8,85.3,94.3,14.08
2026-07-19 09:00:00,2.548,0.0,22.1,88.3,94.4,13.96
2026-07-19 10:00:00,2.535,0.0,20.7,86.8,92.4,13.89
2026-07-19 11:00:00,2.799,1.45,20.7,88.7,92.8,14.02
2026-07-19 12:00:00,2.86,1.77,19.5,90.7,91.8,14.03
2026-07-19 13:00:00,2.85,1.03,19.5,89.9,91.4,13.92
2026-07-19 14:00:00,2.859,0.75,18.6,92.1,92.3,14.04
2026-07-19 15:00:00,2.844,0.6,17.5,91.2,89.8,14.09
2026-07-19 16:00:00,2.854,0.56,17.2,92.7,90.4,13.92
2026-07-19 17:00:00,2.831,0.0,16.7,94.2,90.3,13.95
2026-07-19 18:00:00,2.835,0.0,17.0,92.1,90.5,14.05
2026-07-19 19:00:00,2.798,0.0,17.5,94.4,90.1,14.05
2026-07-19 20:00:00,2.789,0.0,17.0,93.4,90.4,13.99
2026-07-19 21:00:00,2.756,0.0,18.1,93.5,90.4,14.08
2026-07-19 22:00:00,2.741,0.0,18.3,92.3,91.1,13.89
2026-07-19 23:00:00,2.715,0.0,18.9,92.7,91.3,14.15
2026-07-20 00:00:00,2.709,0.0,20.0,90.2,92.3,13.94
2026-07-20 01:00:00,2.689,0.0,20.4,88.4,92.3,14.08
2026-07-20 02:00:00,2.671,0.0,21.3,88.1,93.2,13.86
2026-07-20 03:00:00,2.659,0.0,21.6,87.8,93.4,14.12
2026-07-20 04:00:00,2.649,0.0,23.4,86.6,94.3,13.94
2026-07-20 05:00:00,2.633,0.0,22.9,86.2,93.9,14.02
2026-07-20 06:00:00,2.616,0.0,22.7,85.2,93.1,14.06
2026-07-20 07:00:00,2.577,0.0,23.0,85.3,94.6,14.17
2026-07-20 08:00:00,2.573,0.0,22.6,84.9,93.3,14.06
2026-07-20 09:00:00,2.545,0.0,22.0,89.3,93.1,14.05
2026-07-20 10:00:00,2.547,0.0,21.7,86.5,92.7,14.19
2026-07-20 11:00:00,2.861,2.16,21.1,88.1,93.2,14.06
2026-07-20 12:00:00,2.838,3.21,19.8,89.1,90.9,14.01
2026-07-20 13:00:00,2.845,2.51,19.0,92.1,93.1,14.02
2026-07-20 14:00:00,2.84,3.38,18.4,91.6,91.5,13.98
2026-07-20 15:00:00,2.846,2.55,17.0,94.3,90.7,13.95
2026-07-20 16:00:00,2.846,2.08,16.8,92.7,90.2,13.99
2026-07-20 17:00:00,2.834,0.0,17.6,94.2,90.2,13.75
2026-07-20 18:00:00,2.795,0.0,17.7,93.0,90.3,13.97
2026-07-20 19:00:00,2.795,0.0,17.0,96.4,90.4,14.02
2026-07-20 20:00:00,2.773,0.0,17.6,92.0,90.5,14.0
2026-07-20 21:00:00,2.762,0.0,18.0,93.2,90.6,13.93
2026-07-20 22:00:00,2.751,0.0,19.7,92.8,90.9,14.02
2026-07-20 23:00:00,2.73,0.0,19.7,91.5,91.4,14.01
2026-07-21 00:00:00,2.725,0.0,19.9,89.8,91.9,14.06
2026-07-21 01:00:00,2.687,0.0,20.4,88.8,93.1,14.08
2026-07-21 02:00:00,2.661,0.0,20.9,88.1,93.3,14.01
2026-07-21 03:00:00,2.659,0.0,22.2,87.0,91.9,14.01
2026-07-21 04:00:00,2.637,0.0,22.3,87.7,94.1,13.9
2026-07-21 05:00:00,2.616,0.0,22.3,88.8,94.0,14.01
2026-07-21 06:00:00,2.597,0.0,22.7,85.3,94.0,14.18
2026-07-21 07:00:00,2.568,0.0,22.5,84.5,93.7,13.97
2026-07-21 08:00:00,2.573,0.0,23.3,86.4,94.3,14.05
2026-07-21 09:00:00,2.548,0.0,22.5,90.3,93.9,14.11
2026-07-21 10:00:00,2.527,0.0,21.5,87.0,92.6,13.94
2026-07-21 11:00:00,2.855,4.25,21.4,90.9,92.7,14.1
2026-07-21 12:00:00,2.839,4.36,20.0,92.0,91.5,14.26
2026-07-21 13:00:00,2.843,4.64,18.9,90.4,90.8,13.87
2026-07-21 14:00:00,2.854,4.37,19.1,92.7,90.7,13.97
2026-07-21 15:00:00,2.846,4.98,18.1,94.8,91.0,14.06
2026-07-21 16:00:00,2.838,4.89,17.0,93.0,90.7,13.83
2026-07-21 17:00:00,2.827,0.0,17.0,93.6,90.3,14.11
2026-07-21 18:00:00,2.81,0.0,16.6,93.3,90.4,14.16
2026-07-21 19:00:00,2.806,0.0,16.5,92.6,90.3,14.03
2026-07-21 20:00:00,2.781,0.0,17.8,92.7,89.9,14.03
2026-07-21 21:00:00,2.762,0.0,18.6,91.4,90.8,13.96
2026-07-21 22:00:00,2.741,0.0,17.9,92.0,91.4,13.89
2026-07-21 23:00:00,2.708,0.0,19.4,90.1,91.9,14.11
2026-07-22 00:00:00,2.71,0.0,19.7,90.3,92.6,14.0
2026-07-22 01:00:00,2.694,0.0,20.6,87.1,92.9,13.92
2026-07-22 02:00:00,2.666,0.0,21.3,88.4,93.2,13.97
2026-07-22 03:00:00,2.668,0.0,21.8,88.2,93.9,13.88
2026-07-22 04:00:00,2.619,0.0,22.6,84.1,93.7,13.95
2026-07-22 05:00:00,2.633,0.0,22.6,86.6,93.5,13.83
2026-07-22 06:00:00,2.597,0.0,23.1,87.5,93.9,14.03
2026-07-22 07:00:00,2.61,0.0,22.9,84.7,93.6,13.86
2026-07-22 08:00:00,2.562,0.0,22.5,88.5,93.4,14.03
2026-07-22 09:00:00,2.565,0.0,21.8,87.7,93.3,13.94
2026-07-22 10:00:00,2.526,0.0,21.3,87.2,92.6,14.04
2026-07-22 11:00:00,2.843,1.62,21.1,88.9,92.4,14.18
2026-07-22 12:00:00,2.855,1.23,20.2,90.7,91.1,14.08
2026-07-22 13:00:00,2.848,1.6,18.8,91.1,91.6,14.24
2026-07-22 14:00:00,2.847,1.87,18.5,92.6,91.0,13.94
2026-07-22 15:00:00,2.864,1.38,18.2,91.7,90.2,13.85
2026-07-22 16:00:00,2.835,1.38,16.7,93.7,90.6,14.01
2026-07-22 17:00:00,2.832,0.0,17.3,92.2,90.5,13.98
2026-07-22 18:00:00,2.822,0.0,16.7,93.9,89.2,13.91
2026-07-22 19:00:00,2.796,0.0,17.3,92.8,89.7,13.96
2026-07-22 20:00:00,2.771,0.0,17.1,92.6,89.9,13.99
2026-07-22 21:00:00,2.767,0.0,17.2,94.3,90.1,14.21
2026-07-22 22:00:00,2.747,0.0,17.8,93.3,91.4,13.75
2026-07-22 23:00:00,2.724,0.0,19.2,91.8,91.4,14.0
2026-07-23 00:00:00,2.715,0.0,20.1,88.7,91.9,14.02
2026-07-23 01:00:00,2.7,0.0,20.4,88.6,91.5,14.04
2026-07-23 02:00:00,2.685,0.0,21.8,89.5,93.3,13.96
2026-07-23 03:00:00,2.657,0.0,21.5,87.3,92.8,14.08
2026-07-23 04:00:00,2.634,0.0,22.6,89.3,93.8,13.92
2026-07-23 05:00:00,2.617,0.0,22.4,86.6,94.1,13.93
2026-07-23 06:00:00,2.609,0.0,22.7,86.2,94.7,13.82
2026-07-23 07:00:00,2.576,0.0,22.9,85.8,93.3,14.19
2026-07-23 08:00:00,2.565,0.0,22.3,86.7,92.2,14.02
2026-07-23 09:00:00,2.542,0.0,22.0,87.0,93.5,14.01
2026-07-23 10:00:00,2.531,0.0,21.9,88.8,93.9,13.84
2026-07-23 11:00:00,2.861,2.63,20.5,90.1,93.1,14.12
2026-07-23 12:00:00,2.849,3.19,20.3,89.1,92.1,14.1
2026-07-23 13:00:00,2.865,3.77,18.8,89.4,91.2,14.08
2026-07-23 14:00:00,2.854,2.91,18.7,89.8,91.4,14.02
2026-07-23 15:00:00,2.855,2.9,18.5,93.4,90.1,13.96
2026-07-23 16:00:00,2.848,3.84,16.4,92.1,90.5,14.05
2026-07-23 17:00:00,2.828,0.0,16.8,91.3,90.3,13.96
2026-07-23 18:00:00,2.814,0.0,17.2,94.5,90.5,14.12
2026-07-23 19:00:00,2.788,0.0,17.0,96.9,91.4,14.08
2026-07-23 20:00:00,2.785,0.0,17.6,93.5,90.5,14.08
2026-07-23 21:00:00,2.754,0.0,17.6,93.8,90.3,13.83
2026-07-23 22:00:00,2.748,0.0,18.5,92.1,91.0,14.02
2026-07-23 23:00:00,2.733,0.0,19.2,90.9,90.6,13.93
2026-07-24 00:00:00,2.714,0.0,20.5,91.1,91.7,14.11
2026-07-24 01:00:00,2.69,0.0,20.9,88.6,92.3,14.04
2026-07-24 02:00:00,2.676,0.0,21.6,88.3,92.7,13.92
2026-07-24 03:00:00,2.661,0.0,22.0,87.6,93.5,14.16
2026-07-24 04:00:00,2.64,0.0,22.4,85.7,93.3,13.85
2026-07-24 05:00:00,2.617,0.0,22.7,87.3,94.5,13.82
2026-07-24 06:00:00,2.616,0.0,23.2,85.8,94.0,14.08
2026-07-24 07:00:00,2.585,0.0,22.7,85.2,93.9,13.86
2026-07-24 08:00:00,2.566,0.0,22.7,87.2,93.6,13.94
2026-07-24 09:00:00,2.556,0.0,23.0,86.1,93.5,14.01
2026-07-24 10:00:00,2.549,0.0,21.8,88.0,93.4,13.93
2026-07-24 11:00:00,2.838,2.13,20.6,89.0,92.1,13.88
2026-07-24 12:00:00,2.85,2.47,20.5,91.3,91.7,13.93
2026-07-24 13:00:00,2.848,2.7,19.1,91.6,91.3,13.95
2026-07-24 14:00:00,2.858,2.15,17.7,92.0,90.3,13.94
2026-07-24 15:00:00,2.847,2.36,17.5,93.8,90.2,14.07
2026-07-24 16:00:00,2.845,2.33,16.7,95.1,90.0,14.04
2026-07-24 17:00:00,2.835,0.0,17.0,94.5,90.5,14.01
2026-07-24 18:00:00,2.805,0.0,17.0,94.0,90.1,14.12
2026-07-24 19:00:00,2.814,0.0,17.8,92.3,90.2,14.0
2026-07-24 20:00:00,2.77,0.0,17.5,92.2,90.7,14.0
2026-07-24 21:00:00,2.769,0.0,17.8,92.5,90.5,13.94
2026-07-24 22:00:00,2.742,0.0,18.8,91.3,91.2,14.03
2026-07-24 23:00:00,2.735,0.0,18.3,90.8,91.4,14.08
2026-07-25 00:00:00,2.715,0.0,20.1,90.1,92.1,13.96
2026-07-25 01:00:00,2.694,0.0,21.1,89.6,92.2,13.93
2026-07-25 02:00:00,2.68,0.0,20.9,87.9,91.8,14.12
2026-07-25 03:00:00,2.661,0.0,22.6,87.8,93.3,13.96
2026-07-25 04:00:00,2.638,0.0,22.7,86.6,94.4,14.18
2026-07-25 05:00:00,2.62,0.0,22.7,83.8,94.4,14.1
2026-07-25 06:00:00,2.609,0.0,23.3,84.9,94.5,13.97
2026-07-25 07:00:00,2.579,0.0,23.8,86.0,94.5,14.02
2026-07-25 08:00:00,2.573,0.0,22.7,85.1,93.8,14.18
2026-07-25 09:00:00,2.549,0.0,22.2,87.9,93.5,14.23
2026-07-25 10:00:00,2.542,0.0,21.3,89.8,92.7,14.04
2026-07-25 11:00:00,2.845,1.85,20.4,90.4,92.4,14.03
2026-07-25 12:00:00,2.854,1.97,20.3,89.7,92.3,14.09
2026-07-25 13:00:00,2.842,1.78,18.9,92.8,92.1,14.14
2026-07-25 14:00:00,2.853,1.89,18.5,92.2,90.9,14.06
2026-07-25 15:00:00,2.848,1.89,17.7,92.4,90.4,13.91
2026-07-25 16:00:00,2.851,1.49,17.6,92.7,90.3,14.02
2026-07-25 17:00:00,2.821,0.0,17.2,93.5,90.4,14.08
2026-07-25 18:00:00,2.822,0.0,17.4,93.5,89.3,13.93
2026-07-25 19:00:00,2.787,0.0,16.9,94.1,88.9,13.97
2026-07-25 20:00:00,2.778,0.0,17.3,93.7,90.0,13.97
2026-07-25 21:00:00,2.759,0.0,17.5,92.8,90.0,14.02
2026-07-25 22:00:00,2.731,0.0,18.3,92.5,90.7,13.87
2026-07-25 23:00:00,2.702,0.0,19.4,92.5,91.4,14.09
2026-07-26 00:00:00,2.707,0.0,20.3,91.1,91.8,14.1
2026-07-26 01:00:00,2.681,0.0,20.4,87.2,93.2,14.0
2026-07-26 02:00:00,2.674,0.0,21.8,84.9,93.2,13.94
2026-07-26 03:00:00,2.643,0.0,22.7,88.3,93.6,14.17
2026-07-26 04:00:00,2.65,0.0,22.8,84.9,94.0,13.96
2026-07-26 05:00:00,2.626,0.0,23.6,85.9,93.4,13.95
2026-07-26 06:00:00,2.597,0.0,22.7,84.6,94.5,14.18
2026-07-26 07:00:00,2.575,0.0,22.4,84.0,93.9,13.97
2026-07-26 08:00:00,2.572,0.0,21.9,87.2,94.1,14.17
2026-07-26 09:00:00,2.562,0.0,22.7,88.1,92.9,13.83
2026-07-26 10:00:00,2.537,0.0,21.8,87.3,92.2,14.0
2026-07-26 11:00:00,2.848,3.6,20.8,85.9,92.9,14.06
2026-07-26 12:00:00,2.839,4.45,20.1,89.3,92.2,13.96
2026-07-26 13:00:00,2.854,4.44,18.8,91.5,91.0,14.07
2026-07-26 14:00:00,2.851,3.66,19.5,90.2,90.6,13.97
2026-07-26 15:00:00,2.849,4.45,17.9,93.0,91.1,14.07
2026-07-26 16:00:00,2.85,4.73,17.4,93.4,89.7,13.9
2026-07-26 17:00:00,2.822,0.0,17.4,94.6,90.9,13.85
2026-07-26 18:00:00,2.826,0.0,17.2,94.1,89.5,14.08
2026-07-26 19:00:00,2.795,0.0,17.2,92.7,90.4,13.95
2026-07-26 20:00:00,2.774,0.0,17.1,94.9,90.1,14.11
2026-07-26 21:00:00,2.776,0.0,18.1,92.6,90.9,13.94
2026-07-26 22:00:00,2.752,0.0,19.3,92.0,90.7,14.0
2026-07-26 23:00:00,2.723,0.0,19.8,89.9,91.4,14.15
2026-07-27 00:00:00,2.708,0.0,20.6,89.5,92.0,14.03
2026-07-27 01:00:00,2.692,0.0,20.6,87.9,92.0,13.84
2026-07-27 02:00:00,2.676,0.0,21.1,87.8,93.4,13.94
2026-07-27 03:00:00,2.645,0.0,22.1,89.2,93.2,13.95
2026-07-27 04:00:00,2.635,0.0,22.6,84.9,93.6,14.1
2026-07-27 05:00:00,2.614,0.0,23.3,84.2,93.4,13.92
2026-07-27 06:00:00,2.607,0.0,22.3,87.8,92.7,13.87
2026-07-27 07:00:00,2.583,0.0,23.5,85.9,93.8,13.83
2026-07-27 08:00:00,2.579,0.0,22.5,85.7,94.9,13.97
2026-07-27 09:00:00,2.555,0.0,22.0,88.4,93.8,14.09
2026-07-27 10:00:00,2.532,0.0,21.1,87.3,93.0,13.97
2026-07-27 11:00:00,2.842,2.83,20.1,91.2,92.4,13.89
2026-07-27 12:00:00,2.843,1.95,20.3,90.8,92.0,13.95
2026-07-27 13:00:00,2.847,2.48,19.3,90.4,91.8,14.03
2026-07-27 14:00:00,2.843,2.68,18.0,94.6,90.4,14.03
2026-07-27 15:00:00,2.854,3.23,17.4,92.1,91.1,13.95
2026-07-27 16:00:00,2.844,2.85,17.3,94.4,90.6,14.01
2026-07-27 17:00:00,2.831,0.0,17.8,94.2,90.4,14.02
2026-07-27 18:00:00,2.827,0.0,16.9,95.6,90.2,14.01
2026-07-27 19:00:00,2.791,0.0,16.5,95.7,90.1,13.91
2026-07-27 20:00:00,2.772,0.0,17.3,93.5,90.6,13.85
2026-07-27 21:00:00,2.768,0.0,17.8,91.9,90.9,13.78
2026-07-27 22:00:00,2.747,0.0,17.4,92.6,90.8,13.91
2026-07-27 23:00:00,2.721,0.0,19.2,90.2,91.2,13.91
2026-07-28 00:00:00,2.719,0.0,19.9,92.4,92.1,14.0
2026-07-28 01:00:00,2.697,0.0,21.1,89.1,93.3,14.13
2026-07-28 02:00:00,2.675,0.0,22.2,87.6,92.4,13.88
2026-07-28 03:00:00,2.655,0.0,22.6,87.4,92.7,13.93
2026-07-28 04:00:00,2.636,0.0,22.5,84.9,93.8,13.99
2026-07-28 05:00:00,2.622,0.0,22.5,85.0,94.0,14.04
2026-07-28 06:00:00,2.61,0.0,24.0,87.4,94.1,13.99
2026-07-28 07:00:00,2.592,0.0,22.9,85.3,94.1,13.95
2026-07-28 08:00:00,2.583,0.0,22.6,85.3,93.6,13.94
2026-07-28 09:00:00,2.565,0.0,22.1,87.8,94.2,13.85
2026-07-28 10:00:00,2.535,0.0,21.6,89.4,92.2,13.97
2026-07-28 11:00:00,2.852,1.77,20.7,89.8,92.1,14.09
2026-07-28 12:00:00,2.84,1.84,19.8,91.2,91.9,13.89
2026-07-28 13:00:00,2.839,1.25,19.0,90.1,90.7,14.13
2026-07-28 14:00:00,2.852,2.07,18.5,90.3,90.9,13.89
2026-07-28 15:00:00,2.846,2.09,17.7,94.6,91.4,14.12
2026-07-28 16:00:00,2.848,1.84,17.1,93.1,90.3,13.97
2026-07-28 17:00:00,2.826,0.0,17.1,93.6,90.2,13.9
2026-07-28 18:00:00,2.823,0.0,16.9,95.6,89.4,14.17
2026-07-28 19:00:00,2.788,0.0,17.7,94.5,89.8,14.14
2026-07-28 20:00:00,2.774,0.0,16.3,94.0,90.1,14.05
2026-07-28 21:00:00,2.771,0.0,18.3,95.4,90.4,13.99
2026-07-28 22:00:00,2.74,0.0,19.0,91.2,91.6,14.08
2026-07-28 23:00:00,2.716,0.0,18.4,92.1,91.8,14.11
2026-07-29 00:00:00,2.709,0.0,19.9,90.1,91.4,13.94
2026-07-29 01:00:00,2.685,0.0,20.6,89.3,92.6,13.86
2026-07-29 02:00:00,2.669,0.0,20.9,89.8,93.2,13.97
2026-07-29 03:00:00,2.648,0.0,21.8,87.8,94.0,14.0
2026-07-29 04:00:00,2.644,0.0,22.2,87.2,94.5,13.98
2026-07-29 05:00:00,2.628,0.0,23.6,87.4,93.4,13.92
2026-07-29 06:00:00,2.614,0.0,23.4,85.6,93.6,14.01
2026-07-29 07:00:00,2.601,0.0,23.4,85.1,93.3,14.24
2026-07-29 08:00:00,2.568,0.0,22.9,85.3,93.6,13.96
2026-07-29 09:00:00,2.553,0.0,21.7,84.8,93.6,14.06
2026-07-29 10:00:00,2.549,0.0,21.3,90.5,93.5,13.93
2026-07-29 11:00:00,2.853,2.84,21.0,87.6,92.5,13.99
2026-07-29 12:00:00,2.855,3.16,19.5,89.7,91.8,14.15
2026-07-29 13:00:00,2.848,2.65,19.5,90.7,91.6,13.83
2026-07-29 14:00:00,2.856,2.94,18.4,92.4,90.6,13.92
2026-07-29 15:00:00,2.849,3.12,17.7,93.8,91.6,14.08
2026-07-29 16:00:00,2.852,3.07,17.7,94.5,89.5,13.99
2026-07-29 17:00:00,2.827,0.0,17.3,93.2,90.2,13.71
2026-07-29 18:00:00,2.82,0.0,16.9,93.8,91.0,13.97
2026-07-29 19:00:00,2.808,0.0,17.6,94.2,90.1,14.04
2026-07-29 20:00:00,2.774,0.0,17.0,93.2,90.2,14.11
2026-07-29 21:00:00,2.77,0.0,18.1,94.8,90.4,13.98
2026-07-29 22:00:00,2.752,0.0,18.7,92.6,90.9,13.94
2026-07-29 23:00:00,2.727,0.0,19.1,91.9,92.2,14.06
2026-07-30 00:00:00,2.714,0.0,20.1,90.8,90.9,14.06
2026-07-30 01:00:00,2.688,0.0,20.3,90.4,93.3,14.11
2026-07-30 02:00:00,2.672,0.0,21.9,88.2,92.3,13.94
2026-07-30 03:00:00,2.652,0.0,22.0,85.6,93.3,14.19
2026-07-30 04:00:00,2.634,0.0,22.4,87.0,93.5,14.13
2026-07-30 05:00:00,2.614,0.0,23.3,85.4,94.2,14.05
2026-07-30 06:00:00,2.608,0.0,22.7,85.4,93.2,14.16
2026-07-30 07:00:00,2.584,0.0,22.3,86.8,94.2,13.91
2026-07-30 08:00:00,2.571,0.0,22.0,88.0,94.7,14.17
2026-07-30 09:00:00,2.548,0.0,22.4,87.2,92.7,13.74
2026-07-30 10:00:00,2.539,0.0,21.0,88.4,93.1,14.09
2026-07-30 11:00:00,2.842,3.0,21.5,91.0,92.2,14.08
2026-07-30 12:00:00,2.842,2.53,19.2,90.3,92.2,13.99
2026-07-30 13:00:00,2.856,3.87,19.9,94.2,91.5,13.88
2026-07-30 14:00:00,2.851,3.72,18.6,92.7,90.7,14.12
2026-07-30 15:00:00,2.854,2.65,17.8,90.7,90.8,13.93
2026-07-30 16:00:00,2.862,3.45,17.2,94.4,91.2,14.07
2026-07-30 17:00:00,2.817,0.0,17.3,94.3,90.0,14.09
2026-07-30 18:00:00,2.81,0.0,17.0,95.5,90.4,14.02
2026-07-30 19:00:00,2.804,0.0,17.5,94.7,89.4,13.95
2026-07-30 20:00:00,2.765,0.0,17.4,93.3,89.8,14.15
2026-07-30 21:00:00,2.769,0.0,17.9,91.4,90.8,13.99
2026-07-30 22:00:00,2.749,0.0,18.4,91.7,91.7,13.96
2026-07-30 23:00:00,2.726,0.0,19.2,90.0,91.7,13.99
2026-07-31 00:00:00,2.705,0.0,20.1,89.3,91.8,14.04
2026-07-31 01:00:00,2.681,0.0,20.1,89.7,92.5,13.97
2026-07-31 02:00:00,2.676,0.0,21.0,90.0,92.4,14.18
2026-07-31 03:00:00,2.647,0.0,22.4,87.6,93.7,14.05
2026-07-31 04:00:00,2.645,0.0,22.7,85.1,94.2,13.81
2026-07-31 05:00:00,2.626,0.0,22.8,86.7,93.7,14.09
2026-07-31 06:00:00,2.61,0.0,23.0,87.4,93.8,13.99
2026-07-31 07:00:00,2.592,0.0,23.0,85.4,94.1,14.02
2026-07-31 08:00:00,2.559,0.0,22.4,86.4,93.5,14.02
2026-07-31 09:00:00,2.552,0.0,21.8,87.2,93.4,13.93
2026-07-31 10:00:00,2.558,0.0,21.6,87.1,94.0,14.13
2026-07-31 11:00:00,2.841,2.07,20.4,89.7,92.4,14.03
2026-07-31 12:00:00,2.862,2.16,20.2,89.9,91.8,13.85
2026-07-31 13:00:00,2.851,1.65,18.5,91.5,91.2,14.01
2026-07-31 14:00:00,2.84,1.58,18.9,90.9,91.4,14.04
2026-07-31 15:00:00,2.859,2.61,18.1,92.3,90.5,14.15
2026-07-31 16:00:00,2.848,1.81,17.5,94.3,89.9,14.25
2026-07-31 17:00:00,2.816,0.0,17.5,93.4,90.7,14.04
2026-07-31 18:00:00,2.803,0.0,17.7,96.1,90.7,14.01
2026-07-31 19:00:00,2.792,0.0,17.5,93.4,89.8,14.05
2026-07-31 20:00:00,2.777,0.0,16.7,93.7,89.3,13.92
2026-07-31 21:00:00,2.754,0.0,17.4,93.9,91.1,14.19
2026-07-31 22:00:00,2.746,0.0,18.3,90.3,90.7,13.83
2026-07-31 23:00:00,2.73,0.0,19.2,88.9,91.9,13.98
